Order_ID,Customer_Name,Product_Category,Product_Name,Units_Sold,Unit_Price,Discount_%,Sales_Amount,Order_Date,City,Segment,Profit,Revenue,month,year
1000,Brian Thompson,Jeans,Slim Fit Jeans,2.0,842.0,0.6,0.0,2025-02-27,Delhi,B2C,2137.45,1684.0,2,2025
1001,Shaun Ross,Jeans,Slim Fit Jeans,1.0,2685.985,0.65,0.0,2025-07-15,Ahmedabad,B2B,1588.15,2685.985,7,2025
1002,Sarah Snyder,Jackets,Puffer Coat,1.0,637.82,0.65,0.0,2024-03-27,Mumbai,B2B,-158.03,637.82,3,2024
1003,Jay Briggs,Shoes,Loafers,2.0,2962.27,0.65,0.0,2024-03-27,bengaluru,B2B,2296.5,5924.54,3,2024
1004,Maria Blake,Accessories,Belts,1.0,2881.07,0.27,2103.18,2024-03-27,Hyderabad,B2B,63.66,2881.07,3,2024
1005,Samuel Miller,T-Shirts,Crop Top,2.0,2685.985,0.65,0.0,2023-12-05,Mumbai,B2B,1477.73,5371.97,12,2023
1006,John Mclean,Jeans,Boyfriend Jeans,1.0,2060.85,0.65,0.0,2024-04-02,Ahmedabad,B2B,198.36,2060.85,4,2024
1007,Dr. Kathryn Bass PhD,Dresses,Casual Midi,2.0,3669.56,0.65,0.0,2024-03-27,Bangalore,B2C,2490.01,7339.12,3,2024
1008,Marie Fisher,Accessories,Sunglasses,2.0,2685.985,0.65,0.0,2024-03-27,Ahmedabad,B2C,-886.8,5371.97,3,2024
1009,Dale Perry,T-Shirts,Oversized T-shirt,5.0,2685.985,0.65,0.0,2025-07-20,Bangalore,B2B,-972.73,13429.925000000001,7,2025
1010,Oscar Turner,T-Shirts,Crop Top,0.0,4007.02,0.65,0.0,2024-03-27,Pune,B2B,-950.38,0.0,3,2024
1011,Jacob Sanchez,Accessories,Belts,0.0,2685.985,0.65,0.0,2024-03-27,Delhi,B2C,1370.67,0.0,3,2024
1012,Valerie Hampton,Jeans,Straight Cut,4.0,2685.985,0.21,0.0,2024-03-27,Ahmedabad,B2B,843.61,10743.94,3,2024
1013,James Delgado,T-Shirts,Crop Top,2.0,2685.985,0.62,0.0,2024-03-27,Pune,B2C,1279.58,5371.97,3,2024
1014,Richard Hood,Shoes,Loafers,4.0,2685.985,0.65,0.0,2024-03-27,Hyd,B2B,-889.25,10743.94,3,2024
1015,Julie Fox,Shoes,Sneakers,6.0,2685.985,0.65,0.0,2024-03-27,Ahmedabad,B2B,793.8,16115.91,3,2024
1016,Valerie Garner,T-Shirts,Crop Top,2.0,2685.985,0.65,0.0,2024-03-27,Hyderabad,B2B,1881.89,5371.97,3,2024
1017,Alejandro Johnson,T-Shirts,Oversized T-shirt,3.0,468.53,0.65,0.0,2024-03-27,Mumbai,B2B,-195.65,1405.59,3,2024
1018,Andrew Washington,Dresses,Maxi Dress,4.0,2685.985,0.65,0.0,2024-04-13,bengaluru,B2C,2102.56,10743.94,4,2024
1019,Mark Allison,Dresses,Casual Midi,2.0,4064.4,0.7,0.0,2024-03-27,Ahmedabad,B2C,877.21,8128.8,3,2024
1020,Russell Eaton,Jeans,Boyfriend Jeans,1.0,2685.985,0.65,0.0,2024-03-27,Pune,B2B,669.75,2685.985,3,2024
1021,Amber Bowman,Dresses,Wrap Dress,2.0,2685.985,0.65,0.0,2024-05-05,bengaluru,B2B,-705.72,5371.97,5,2024
1031,Lauren Jensen,Dresses,Wrap Dress,2.0,1872.05,0.15,0.0,2024-03-27,Pune,B2C,-863.9,3744.1,3,2024
1023,David Arnold,Shoes,Slip-ons,2.0,2685.985,0.65,0.0,2024-03-27,Mumbai,B2B,-875.51,5371.97,3,2024
1024,Thomas Long,Jackets,Puffer Coat,-2.0,2685.985,1.19,0.0,2024-03-27,Delhi,B2B,491.1,-5371.97,3,2024
1025,Christine Reed,Jeans,Straight Cut,4.0,4595.08,0.65,0.0,2024-03-27,Bangalore,B2B,330.82,18380.32,3,2024
1026,Colton Baxter,Accessories,Sunglasses,2.0,2685.985,0.65,0.0,2024-12-21,Ahmedabad,B2B,-194.77,5371.97,12,2024
1027,Rebecca Dorsey,Accessories,Belts,1.0,2685.985,0.65,0.0,2024-03-27,Hyderabad,B2B,1085.36,2685.985,3,2024
1028,Felicia Orozco,T-Shirts,Classic Tee,-2.0,2685.985,0.65,0.0,2024-03-27,Hyderabad,B2B,2060.03,-5371.97,3,2024
1029,Terry Anderson,T-Shirts,Classic Tee,4.0,2685.985,0.65,0.0,2024-03-27,Mumbai,B2B,1737.92,10743.94,3,2024
1030,Brandi Jones,Dresses,Maxi Dress,3.0,1069.77,0.65,0.0,2023-09-03,Hyd,B2C,1155.38,3209.31,9,2023
1031,William Williams,Dresses,Wrap Dress,4.0,2685.985,0.65,0.0,2024-03-27,Bangalore,B2B,-960.24,10743.94,3,2024
1032,Kim Harris,Jeans,Boyfriend Jeans,2.0,2182.01,0.65,0.0,2024-03-27,Delhi,B2B,1377.61,4364.02,3,2024
1033,Jonathan Neal,Jeans,Straight Cut,2.0,2685.985,0.65,0.0,2024-03-27,Hyd,B2B,903.69,5371.97,3,2024
1034,Nathan Stewart,Jackets,Puffer Coat,0.0,4449.36,0.94,0.0,2024-03-27,Delhi,B2B,-282.68,0.0,3,2024
1035,Joshua Thomas,Jackets,Bomber Jacket,-1.0,2685.985,0.94,0.0,2024-03-27,Ahmedabad,B2C,-199.18,-2685.985,3,2024
1036,Connie Cunningham,T-Shirts,Graphic Tee,-2.0,2721.83,0.65,0.0,2024-04-06,Ahmedabad,B2B,1213.95,-5443.66,4,2024
1037,Amy Martin,Accessories,Sunglasses,2.0,2685.985,1.1,0.0,2024-03-27,Ahmedabad,B2B,907.77,5371.97,3,2024
1038,Courtney Riddle,T-Shirts,Crop Top,3.0,1692.38,0.65,0.0,2024-01-20,bengaluru,B2C,1704.49,5077.14,1,2024
1039,Ashley Ramirez,Shoes,Boots,2.0,1372.16,0.56,0.0,2024-03-27,Hyd,B2C,1626.51,2744.32,3,2024
1040,Angel Nelson,Jackets,Denim Jacket,2.0,2685.985,0.65,0.0,2024-03-27,Ahmedabad,B2C,693.6,5371.97,3,2024
1041,Teresa Chavez,Jackets,Puffer Coat,2.0,2685.985,0.65,0.0,2024-03-27,Ahmedabad,B2C,-983.06,5371.97,3,2024
1042,Richard Williams,Dresses,Bodycon,2.0,2685.985,0.65,0.0,2025-04-12,Pune,B2B,283.39,5371.97,4,2025
1043,Deborah Walker,T-Shirts,Graphic Tee,2.0,4575.93,0.56,0.0,2024-03-27,Ahmedabad,B2B,442.14,9151.86,3,2024
1044,Elizabeth Williams,T-Shirts,Classic Tee,2.0,2685.985,0.65,0.0,2024-03-27,bengaluru,B2B,-80.23,5371.97,3,2024
1045,Connie Mills,Accessories,Sunglasses,2.0,3477.16,0.65,0.0,2024-03-27,Hyd,B2B,1323.75,6954.32,3,2024
1046,Charlotte Cook,Jeans,Slim Fit Jeans,-1.0,2441.92,0.92,-195.35,2024-03-27,Delhi,B2B,1004.91,-2441.92,3,2024
1047,Matthew Thompson,Jeans,Straight Cut,3.0,2685.985,0.65,0.0,2024-03-27,Hyd,B2C,-395.76,8057.955,3,2024
1048,James Hughes,Jeans,Straight Cut,5.0,2685.985,0.41,0.0,2024-03-27,Delhi,B2B,2409.26,13429.925000000001,3,2024
1049,Kimberly Anderson,T-Shirts,Graphic Tee,2.0,2685.985,0.65,0.0,2024-03-27,Mumbai,B2C,19.87,5371.97,3,2024
1050,Matthew Schmidt,Jeans,Slim Fit Jeans,-1.0,1083.16,0.65,0.0,2024-03-27,Pune,B2C,2904.29,-1083.16,3,2024
1051,Eric Wilson,Jeans,Boyfriend Jeans,2.0,2685.985,0.57,0.0,2025-04-26,Delhi,B2C,2857.9,5371.97,4,2025
1052,Zachary Ramos,Jeans,Ripped Denim,2.0,3252.49,0.56,0.0,2023-12-08,Bangalore,B2B,-11.15,6504.98,12,2023
1053,Debra Pollard,Dresses,Maxi Dress,2.0,714.23,1.29,0.0,2024-03-27,Delhi,B2B,1057.24,1428.46,3,2024
1054,Angela Martinez,T-Shirts,Classic Tee,2.0,2685.985,0.65,0.0,2025-02-12,Pune,B2B,1002.96,5371.97,2,2025
1055,Brett Burch,Jeans,Boyfriend Jeans,0.0,2685.985,0.65,0.0,2024-03-02,Pune,B2B,1374.9,0.0,3,2024
1056,Jennifer English,Accessories,Sunglasses,6.0,2685.985,0.65,0.0,2024-03-27,Mumbai,B2C,-343.36,16115.91,3,2024
1057,Penny Campbell,Jackets,Puffer Coat,4.0,2685.985,0.04,0.0,2024-12-23,Pune,B2B,1725.76,10743.94,12,2024
1058,Karen Garcia,T-Shirts,Oversized T-shirt,2.0,3982.53,1.08,0.0,2024-03-27,Pune,B2C,1912.49,7965.06,3,2024
1059,John Ramos,Jeans,Boyfriend Jeans,0.0,2927.57,0.19,0.0,2024-03-27,Delhi,B2B,2218.42,0.0,3,2024
1060,Dylan Roberson,Jeans,Ripped Denim,2.0,2813.51,0.65,0.0,2024-03-27,Pune,B2B,94.96,5627.02,3,2024
1061,Kelsey Reyes,Accessories,Belts,2.0,2291.15,0.33,0.0,2024-03-27,Mumbai,B2B,2536.3,4582.3,3,2024
1062,Larry Gibson,Jeans,Ripped Denim,-1.0,2685.985,0.65,0.0,2024-03-27,Pune,B2C,328.72,-2685.985,3,2024
1063,Kristin Ho,T-Shirts,Graphic Tee,1.0,2685.985,0.65,0.0,2024-03-27,bengaluru,B2C,2147.75,2685.985,3,2024
1064,Jessica Johnston,Jackets,Denim Jacket,2.0,2685.985,1.3,0.0,2024-03-27,bengaluru,B2B,-901.74,5371.97,3,2024
1065,Amanda Parker,Jeans,Boyfriend Jeans,5.0,2685.985,0.65,0.0,2024-05-28,bengaluru,B2B,2316.97,13429.925000000001,5,2024
1066,Joshua Figueroa,Shoes,Slip-ons,-2.0,3479.44,0.65,0.0,2024-03-27,Delhi,B2B,-252.78,-6958.88,3,2024
1067,Julie Howard,Dresses,Casual Midi,2.0,3945.25,0.65,0.0,2024-03-27,bengaluru,B2B,305.55,7890.5,3,2024
1068,Brandon Lin,Dresses,Wrap Dress,4.0,2765.26,0.65,0.0,2024-03-27,Ahmedabad,B2C,1719.9,11061.04,3,2024
1069,Anna Allen,Accessories,Watches,2.0,2102.02,1.13,-546.53,2024-03-11,Delhi,B2B,-992.61,4204.04,3,2024
1070,Kimberly Ho,Jackets,Leather Jacket,5.0,2685.985,0.65,0.0,2024-03-27,Hyd,B2B,1383.48,13429.925000000001,3,2024
1071,Nancy White,Accessories,Sunglasses,2.0,1000.76,0.65,0.0,2024-03-27,Delhi,B2B,2131.43,2001.52,3,2024
1072,Eric Salazar,Dresses,Maxi Dress,2.0,2685.985,0.65,0.0,2024-03-27,Bangalore,B2C,2878.09,5371.97,3,2024
1073,Michael Williamson,Jeans,Straight Cut,-2.0,2685.985,0.18,0.0,2024-03-27,Pune,B2B,368.69,-5371.97,3,2024
1074,Lynn Morales,Dresses,Casual Midi,-2.0,2685.985,1.06,0.0,2024-03-27,Hyderabad,B2B,192.91,-5371.97,3,2024
1075,Jennifer Horn,T-Shirts,Crop Top,2.0,795.85,0.65,0.0,2024-03-27,Pune,B2B,2418.8,1591.7,3,2024
1076,Lori Preston,T-Shirts,Oversized T-shirt,2.0,2685.985,0.65,0.0,2024-03-27,Bangalore,B2B,1408.61,5371.97,3,2024
1077,Gabriel Parrish,T-Shirts,Oversized T-shirt,2.0,2685.985,0.65,0.0,2024-03-27,Hyderabad,B2B,902.52,5371.97,3,2024
1078,Debbie Raymond,Jackets,Leather Jacket,2.0,4059.56,0.65,0.0,2024-03-27,Pune,B2C,-819.94,8119.12,3,2024
1079,Cheryl Clark,T-Shirts,Classic Tee,2.0,2685.985,0.65,0.0,2024-03-27,Hyd,B2B,-22.55,5371.97,3,2024
1080,Laura Thompson,T-Shirts,Crop Top,2.0,3872.22,1.15,0.0,2024-03-27,Mumbai,B2C,-302.97,7744.44,3,2024
1081,Mary Lin,Jeans,Boyfriend Jeans,6.0,4798.06,0.81,5469.79,2024-03-27,Hyd,B2B,-361.78,28788.36,3,2024
1082,Nicholas White,Dresses,Bodycon,0.0,2685.985,0.65,0.0,2024-03-27,Bangalore,B2B,712.91,0.0,3,2024
1083,Timothy Farmer,Jackets,Bomber Jacket,1.0,2685.985,1.28,0.0,2024-03-27,Pune,B2B,-612.62,2685.985,3,2024
1084,Kevin Martinez,Shoes,Loafers,2.0,2685.985,0.53,0.0,2024-12-24,Pune,B2B,2458.07,5371.97,12,2024
1085,James Martinez,Shoes,Slip-ons,2.0,2685.985,0.02,0.0,2023-10-18,Pune,B2B,264.73,5371.97,10,2023
1086,Douglas Nelson,Accessories,Sunglasses,2.0,948.33,0.46,0.0,2024-03-27,Bangalore,B2C,-865.22,1896.66,3,2024
1087,Thomas Ramirez,Jeans,Ripped Denim,2.0,1976.75,0.81,0.0,2024-03-27,Mumbai,B2C,2790.95,3953.5,3,2024
1088,David Faulkner,Accessories,Caps,2.0,3891.14,0.65,0.0,2024-03-27,Pune,B2C,1374.27,7782.28,3,2024
1089,Dennis Ross,Shoes,Slip-ons,2.0,1412.17,0.88,0.0,2024-03-27,Mumbai,B2B,-355.26,2824.34,3,2024
1090,Heather Arnold,Shoes,Slip-ons,5.0,2477.82,0.65,0.0,2024-03-27,Ahmedabad,B2C,-888.86,12389.1,3,2024
1091,David Bridges,Accessories,Belts,1.0,2685.985,0.65,0.0,2023-07-28,Delhi,B2B,156.43,2685.985,7,2023
1092,Jennifer Keller,Dresses,Bodycon,2.0,2685.985,0.65,0.0,2024-03-27,Pune,B2B,1122.66,5371.97,3,2024
1093,Amanda Myers,Dresses,Bodycon,-2.0,2685.985,0.65,0.0,2024-03-27,bengaluru,B2B,2966.76,-5371.97,3,2024
1094,Betty Middleton,Jackets,Denim Jacket,-1.0,4741.41,0.65,0.0,2024-03-27,Mumbai,B2C,1901.7,-4741.41,3,2024
1035,Laura Porter,Accessories,Belts,2.0,2685.985,0.65,0.0,2024-03-27,Mumbai,B2C,1539.59,5371.97,3,2024
1033,Carla Phillips,Accessories,Belts,2.0,421.92,0.65,0.0,2024-03-27,Hyderabad,B2B,2969.19,843.84,3,2024
1097,Amber Smith,Accessories,Sunglasses,0.0,2685.985,0.65,0.0,2025-01-18,Mumbai,B2B,1141.15,0.0,1,2025
1098,Diana Jones,Accessories,Caps,0.0,4752.04,0.65,0.0,2024-03-27,Ahmedabad,B2C,129.37,0.0,3,2024
1099,Valerie Walker,Shoes,Loafers,2.0,2685.985,0.65,0.0,2024-02-22,Pune,B2B,300.02,5371.97,2,2024
1100,Daniel Brown,Shoes,Boots,2.0,2011.73,0.65,0.0,2024-12-30,Hyd,B2C,2493.5,4023.46,12,2024
1101,Stephen Smith,Jeans,Boyfriend Jeans,2.0,2685.985,0.22,0.0,2024-03-27,Pune,B2C,2962.73,5371.97,3,2024
1102,Kimberly Walter,Jeans,Boyfriend Jeans,5.0,2685.985,0.65,0.0,2024-03-27,Hyd,B2B,2776.7,13429.925000000001,3,2024
1103,Brandon Webb,Dresses,Bodycon,5.0,1521.46,0.65,0.0,2024-03-27,bengaluru,B2B,1713.47,7607.3,3,2024
1104,Andrew Moreno,Dresses,Maxi Dress,3.0,2752.71,0.65,0.0,2024-06-11,Ahmedabad,B2B,1660.01,8258.130000000001,6,2024
1105,Willie Smith,Dresses,Maxi Dress,-2.0,2685.985,0.65,0.0,2024-03-27,Ahmedabad,B2B,616.04,-5371.97,3,2024
1106,Evelyn Allison,Jeans,Boyfriend Jeans,3.0,2685.985,0.65,0.0,2024-03-27,Pune,B2C,53.28,8057.955,3,2024
1107,Elizabeth Hood,Jeans,Straight Cut,2.0,4948.0,0.65,0.0,2024-03-27,Delhi,B2C,1064.86,9896.0,3,2024
1036,Nathaniel Thomas,Jeans,Straight Cut,1.0,4601.44,0.65,0.0,2024-03-27,Mumbai,B2C,2145.66,4601.44,3,2024
1109,Nicole Evans,Jeans,Ripped Denim,2.0,2685.985,0.65,0.0,2024-03-27,Hyderabad,B2C,2133.58,5371.97,3,2024
1110,Michael Velasquez,Jeans,Slim Fit Jeans,4.0,2685.985,0.65,0.0,2025-06-26,Mumbai,B2C,2155.68,10743.94,6,2025
1111,Tammy Gonzales,T-Shirts,Classic Tee,2.0,2685.985,0.65,0.0,2024-03-27,Ahmedabad,B2C,748.93,5371.97,3,2024
1112,Sherry Shepard,Dresses,Casual Midi,2.0,1027.56,0.65,0.0,2024-03-27,Mumbai,B2B,1160.17,2055.12,3,2024
1113,Derek Edwards,Jackets,Puffer Coat,2.0,3864.5,0.65,0.0,2024-03-27,Ahmedabad,B2C,-763.23,7729.0,3,2024
1114,Robert Williams,Dresses,Bodycon,6.0,568.61,0.2,2729.33,2024-03-27,Delhi,B2C,-689.16,3411.66,3,2024
1115,Carolyn Nelson,Accessories,Belts,2.0,2685.985,0.65,0.0,2024-03-27,Ahmedabad,B2B,-624.26,5371.97,3,2024
1116,Olivia Jones,Jackets,Bomber Jacket,1.0,2685.985,0.65,0.0,2024-03-27,Delhi,B2C,1733.04,2685.985,3,2024
1117,Molly Johnson,Jackets,Puffer Coat,2.0,3567.55,0.65,0.0,2024-03-27,bengaluru,B2B,-455.6,7135.1,3,2024
1118,Jose Jackson,Accessories,Belts,2.0,2685.985,0.65,0.0,2025-05-01,Bangalore,B2C,1039.53,5371.97,5,2025
1119,Elizabeth Vega,Jeans,Ripped Denim,2.0,2685.985,0.65,0.0,2024-03-27,Mumbai,B2C,142.69,5371.97,3,2024
1120,Angelica Gonzalez,Jackets,Puffer Coat,2.0,4709.0,0.65,0.0,2024-03-27,Ahmedabad,B2B,828.98,9418.0,3,2024
1121,Henry Parker,Shoes,Boots,2.0,4109.6,0.42,0.0,2024-03-27,Pune,B2C,1422.36,8219.2,3,2024
1122,Jennifer Lee,Jackets,Bomber Jacket,0.0,4745.03,0.4,0.0,2024-03-27,Mumbai,B2C,2658.02,0.0,3,2024
1123,Michael Clarke,Accessories,Caps,5.0,3978.76,0.65,0.0,2024-04-11,Ahmedabad,B2B,1494.78,19893.800000000003,4,2024
1002,Jessica Gibson,Jackets,Puffer Coat,1.0,2685.985,0.65,0.0,2024-03-27,Ahmedabad,B2B,2513.75,2685.985,3,2024
1125,Jason Turner,Shoes,Boots,-2.0,2685.985,0.65,0.0,2024-03-27,Delhi,B2B,-754.58,-5371.97,3,2024
1126,Grant Munoz,Jeans,Boyfriend Jeans,2.0,2685.985,0.59,0.0,2024-03-27,Pune,B2C,1820.2,5371.97,3,2024
1127,Rhonda Ray,Dresses,Bodycon,3.0,4843.44,0.07,13513.2,2024-03-27,Ahmedabad,B2B,2881.91,14530.32,3,2024
1128,Susan Anderson,T-Shirts,Oversized T-shirt,2.0,2685.985,0.43,0.0,2024-03-27,Hyd,B2B,-68.49,5371.97,3,2024
1129,Miranda Thomas,Jeans,Boyfriend Jeans,-2.0,2412.36,0.23,-3715.03,2024-03-27,Mumbai,B2C,-668.36,-4824.72,3,2024
1130,Samuel Miller,Accessories,Sunglasses,2.0,2685.985,0.65,0.0,2024-03-27,Delhi,B2B,2782.45,5371.97,3,2024
1131,Grace Chavez,T-Shirts,Classic Tee,5.0,2685.985,0.99,0.0,2024-03-27,Delhi,B2B,-941.56,13429.925000000001,3,2024
1132,Andrew Carlson,Jackets,Bomber Jacket,2.0,2685.985,0.58,0.0,2024-03-27,Delhi,B2B,2043.57,5371.97,3,2024
1133,Erin Williams,Dresses,Casual Midi,2.0,2685.985,0.6,0.0,2024-03-27,Ahmedabad,B2B,806.19,5371.97,3,2024
1134,Melissa Jenkins,Dresses,Wrap Dress,3.0,2685.985,0.65,0.0,2025-05-14,Delhi,B2C,1101.19,8057.955,5,2025
1135,Ronald Ballard,Shoes,Sneakers,4.0,1556.96,0.84,996.45,2024-10-23,Mumbai,B2B,1432.84,6227.84,10,2024
1136,Danielle Johnson,Jeans,Straight Cut,2.0,3658.42,0.47,0.0,2024-01-27,Mumbai,B2B,1897.33,7316.84,1,2024
1137,Jason Moore,Shoes,Sneakers,2.0,4206.06,0.65,0.0,2024-03-27,Delhi,B2B,1161.76,8412.12,3,2024
1138,Thomas Freeman,Dresses,Bodycon,2.0,2685.985,0.26,0.0,2024-03-27,Hyderabad,B2C,-658.58,5371.97,3,2024
1139,Katherine Reyes,T-Shirts,Graphic Tee,2.0,2685.985,0.21,0.0,2024-10-28,Bangalore,B2B,-832.45,5371.97,10,2024
1140,Dawn Smith,Accessories,Belts,4.0,2685.985,0.65,0.0,2024-03-27,Hyderabad,B2B,-127.91,10743.94,3,2024
1141,Sarah Pacheco,T-Shirts,Graphic Tee,2.0,2685.985,1.15,0.0,2024-04-19,Delhi,B2C,429.67,5371.97,4,2024
1142,Daniel Alvarez,Dresses,Bodycon,6.0,3004.58,0.65,0.0,2024-02-22,Hyderabad,B2C,-509.67,18027.48,2,2024
1143,Bernard Ramirez,Jackets,Denim Jacket,2.0,2685.985,0.65,0.0,2024-03-27,Bangalore,B2B,816.49,5371.97,3,2024
1144,Mrs. Julia Ramirez,Jeans,Slim Fit Jeans,2.0,2685.985,0.19,0.0,2024-03-27,Mumbai,B2C,2966.21,5371.97,3,2024
1145,Jorge Anderson,T-Shirts,Graphic Tee,-2.0,3607.9,0.94,-432.95,2024-03-27,Hyderabad,B2B,-171.58,-7215.8,3,2024
1146,Jacqueline Jenkins,Accessories,Belts,2.0,2685.985,1.09,0.0,2025-03-03,Pune,B2C,-431.7,5371.97,3,2025
1147,Tracy Miller,Dresses,Casual Midi,2.0,2875.46,0.65,0.0,2024-03-27,Delhi,B2B,-794.99,5750.92,3,2024
1148,Travis Lopez,Accessories,Belts,2.0,2471.48,1.11,0.0,2024-03-27,Mumbai,B2C,2247.9,4942.96,3,2024
1149,Steven Ortiz,Dresses,Bodycon,2.0,2685.985,0.65,0.0,2024-03-27,Hyderabad,B2B,562.69,5371.97,3,2024
1150,Brittany Robinson,Accessories,Sunglasses,2.0,1554.9,0.65,0.0,2024-03-27,Ahmedabad,B2C,457.65,3109.8,3,2024
1151,Joseph Allen,Jeans,Straight Cut,4.0,2266.44,0.33,6074.06,2024-03-27,Pune,B2C,-655.45,9065.76,3,2024
1152,Matthew Deleon,Shoes,Slip-ons,1.0,2685.985,1.26,0.0,2024-03-27,Pune,B2B,454.45,2685.985,3,2024
1153,Julia Evans,Accessories,Belts,1.0,478.59,0.65,0.0,2024-03-27,Delhi,B2B,-681.2,478.59,3,2024
1154,Robert Parks,Accessories,Watches,2.0,2685.985,0.65,0.0,2024-10-10,Bangalore,B2C,52.85,5371.97,10,2024
1155,Sean Small,Shoes,Slip-ons,2.0,2685.985,0.64,0.0,2024-03-27,Mumbai,B2B,2493.12,5371.97,3,2024
1156,Jacob Moore,Dresses,Wrap Dress,3.0,2685.985,0.93,0.0,2024-03-27,Delhi,B2B,1699.17,8057.955,3,2024
1157,Dean Allen,Jeans,Ripped Denim,6.0,645.03,0.65,0.0,2024-03-27,Ahmedabad,B2C,2724.92,3870.18,3,2024
1158,Vicki Jackson,Dresses,Wrap Dress,2.0,4516.08,0.65,0.0,2025-07-06,Delhi,B2B,2164.95,9032.16,7,2025
1159,Robert Knox,Shoes,Sneakers,2.0,3335.18,0.09,0.0,2024-03-27,Ahmedabad,B2C,235.11,6670.36,3,2024
1160,Ruben Oconnell,Dresses,Casual Midi,0.0,2685.985,0.77,0.0,2024-03-27,Hyderabad,B2B,-711.19,0.0,3,2024
1161,Laura Gallegos,T-Shirts,Classic Tee,2.0,1801.91,0.65,0.0,2024-03-01,Mumbai,B2B,502.86,3603.82,3,2024
1162,Christopher Harvey,Shoes,Boots,4.0,2685.985,0.14,0.0,2024-03-27,Mumbai,B2C,2566.05,10743.94,3,2024
1163,Scott Hampton,Accessories,Sunglasses,2.0,1033.58,0.68,0.0,2025-01-09,bengaluru,B2C,-441.46,2067.16,1,2025
1164,Steven Ingram,Accessories,Sunglasses,5.0,2685.985,0.65,0.0,2024-03-27,Hyderabad,B2B,598.79,13429.925000000001,3,2024
1165,Joshua Jones,T-Shirts,Classic Tee,2.0,2685.985,0.08,0.0,2024-10-04,bengaluru,B2B,-102.32,5371.97,10,2024
1166,Jennifer Johnson,Jackets,Bomber Jacket,2.0,2685.985,0.91,0.0,2023-08-27,Ahmedabad,B2B,285.44,5371.97,8,2023
1167,Robert Evans,T-Shirts,Oversized T-shirt,0.0,4595.9,0.09,0.0,2025-05-14,Bangalore,B2B,-653.8,0.0,5,2025
1168,Eugene Olson Jr.,Accessories,Sunglasses,0.0,3655.71,0.48,0.0,2024-03-27,Hyderabad,B2B,2024.15,0.0,3,2024
1169,Kristine Sexton,T-Shirts,Classic Tee,-1.0,2948.26,0.9,-294.83,2024-03-27,Pune,B2B,1285.15,-2948.26,3,2024
1170,Marc Hull,Jeans,Straight Cut,0.0,2685.985,0.76,0.0,2024-03-27,Delhi,B2C,-528.7,0.0,3,2024
1171,Richard Johnson,Jeans,Straight Cut,1.0,2685.985,0.65,0.0,2024-03-27,Pune,B2B,2475.83,2685.985,3,2024
1172,Diane Davis,Jackets,Puffer Coat,-2.0,2719.32,0.65,0.0,2025-05-02,Hyd,B2C,655.1,-5438.64,5,2025
1173,Shaun Bush,Jeans,Boyfriend Jeans,2.0,4063.39,0.65,0.0,2024-03-27,bengaluru,B2B,2034.39,8126.78,3,2024
1174,Tiffany Flores,Jackets,Leather Jacket,6.0,4984.65,0.42,17346.58,2024-03-27,Bangalore,B2B,2931.32,29907.899999999998,3,2024
1175,Ashley Brown,Dresses,Casual Midi,3.0,2685.985,0.65,0.0,2024-03-27,Ahmedabad,B2C,728.61,8057.955,3,2024
1176,Bailey Williamson,Jeans,Boyfriend Jeans,6.0,2685.985,0.87,0.0,2024-03-27,Mumbai,B2B,-879.15,16115.91,3,2024
1177,Elizabeth Torres,Jeans,Straight Cut,2.0,2426.13,0.65,0.0,2024-03-27,Ahmedabad,B2C,353.91,4852.26,3,2024
1178,Joshua Anderson,T-Shirts,Crop Top,4.0,1204.59,0.65,0.0,2024-03-27,Hyd,B2B,2161.64,4818.36,3,2024
1179,Kevin Allen,Jackets,Bomber Jacket,0.0,2685.985,0.65,0.0,2025-04-04,Mumbai,B2C,510.53,0.0,4,2025
1180,Michelle Moore,Dresses,Bodycon,6.0,2495.96,0.65,0.0,2024-03-27,Hyderabad,B2C,835.4,14975.76,3,2024
1181,John Barber,Jackets,Bomber Jacket,2.0,2685.985,0.65,0.0,2025-03-16,Mumbai,B2B,2564.06,5371.97,3,2025
1182,Andrew Mclaughlin,Jeans,Slim Fit Jeans,-1.0,2685.985,0.65,0.0,2024-03-27,Pune,B2B,-747.25,-2685.985,3,2024
1183,Sherry Ward,Accessories,Watches,6.0,2372.3,0.65,0.0,2024-03-27,Delhi,B2B,1888.87,14233.800000000001,3,2024
1184,Craig Farrell,Jeans,Ripped Denim,0.0,2697.1,0.65,0.0,2024-03-27,Delhi,B2B,1518.99,0.0,3,2024
1185,Stacy Brady,Accessories,Belts,2.0,2685.985,0.65,0.0,2025-05-14,Delhi,B2C,-445.19,5371.97,5,2025
1186,Daniel Patton,Jeans,Boyfriend Jeans,6.0,2685.985,0.71,0.0,2024-03-27,Bangalore,B2B,-40.48,16115.91,3,2024
1187,Karen Smith,Accessories,Belts,3.0,3810.89,0.65,0.0,2024-03-27,Mumbai,B2C,1153.72,11432.67,3,2024
1188,Maria Morrow,Accessories,Belts,6.0,4910.28,0.12,25926.28,2024-03-27,Bangalore,B2B,2089.25,29461.68,3,2024
1189,Elizabeth Johnson,T-Shirts,Oversized T-shirt,2.0,4808.1,0.65,0.0,2024-03-27,Ahmedabad,B2B,392.87,9616.2,3,2024
1190,Antonio Boyd PhD,Jackets,Puffer Coat,2.0,2685.985,0.63,0.0,2025-05-27,Pune,B2B,75.04,5371.97,5,2025
1191,John Tucker,Accessories,Belts,2.0,2469.87,0.56,0.0,2024-03-27,Mumbai,B2C,2860.2,4939.74,3,2024
1010,Steve Mann,T-Shirts,Crop Top,0.0,2685.985,0.65,0.0,2024-03-27,Hyd,B2C,2709.47,0.0,3,2024
1193,Christine Lopez,Dresses,Casual Midi,2.0,3031.06,0.65,0.0,2024-03-27,Pune,B2B,-682.74,6062.12,3,2024
1032,Stephanie Booth,Accessories,Sunglasses,2.0,2685.985,0.65,0.0,2024-03-27,Ahmedabad,B2C,1941.65,5371.97,3,2024
1195,Christine Rodgers,Dresses,Wrap Dress,2.0,2685.985,1.2,0.0,2024-03-27,Mumbai,B2C,1059.17,5371.97,3,2024
1196,Michael Hawkins,Jeans,Slim Fit Jeans,2.0,3959.06,0.37,0.0,2024-03-27,Hyd,B2B,1539.5,7918.12,3,2024
1197,Dean Jimenez,Jackets,Denim Jacket,1.0,2685.985,0.65,0.0,2024-03-27,Hyderabad,B2B,650.97,2685.985,3,2024
1198,Jacqueline Erickson,Accessories,Sunglasses,3.0,3594.97,0.65,0.0,2024-03-27,Delhi,B2C,2422.27,10784.91,3,2024
1199,Jade Chavez,Shoes,Boots,2.0,2317.1,0.65,0.0,2024-03-27,Bangalore,B2B,2637.77,4634.2,3,2024
1200,Laura Green,Shoes,Sneakers,4.0,2685.985,0.65,0.0,2024-03-27,Hyd,B2C,2782.21,10743.94,3,2024
1201,Crystal Hayes MD,Jackets,Bomber Jacket,2.0,3507.85,0.65,0.0,2024-03-27,Pune,B2B,1023.04,7015.7,3,2024
1202,Amy Walker,Accessories,Sunglasses,2.0,2685.985,0.65,0.0,2024-03-27,bengaluru,B2C,-207.53,5371.97,3,2024
1203,Amy Gonzales,T-Shirts,Crop Top,5.0,2685.985,0.65,0.0,2024-03-27,Hyd,B2C,657.59,13429.925000000001,3,2024
1204,David Parker,Shoes,Slip-ons,2.0,4213.4,0.65,0.0,2024-03-27,Pune,B2B,1867.53,8426.8,3,2024
1205,Jennifer Williams,Jeans,Slim Fit Jeans,2.0,696.49,0.65,0.0,2024-03-27,Delhi,B2C,-24.51,1392.98,3,2024
1206,Charles White,T-Shirts,Classic Tee,0.0,2685.985,0.65,0.0,2025-03-31,Hyderabad,B2B,2472.24,0.0,3,2025
1207,Jerome Richardson,Jeans,Straight Cut,2.0,563.14,0.33,0.0,2024-05-21,Ahmedabad,B2B,945.7,1126.28,5,2024
1208,Jean Yoder,Jackets,Denim Jacket,1.0,2685.985,0.65,0.0,2024-03-27,Mumbai,B2B,648.73,2685.985,3,2024
1209,Theodore Yang,Accessories,Watches,2.0,4029.87,0.65,0.0,2024-03-27,Ahmedabad,B2B,1447.79,8059.74,3,2024
1210,Rebecca Grant,Accessories,Watches,4.0,2685.985,1.16,0.0,2024-03-27,Delhi,B2B,2179.54,10743.94,3,2024
1211,Kelli Young,Jeans,Ripped Denim,2.0,1560.37,0.65,0.0,2024-12-04,Ahmedabad,B2C,2783.91,3120.74,12,2024
1212,Bradley Quinn,Shoes,Slip-ons,-1.0,4098.12,0.65,0.0,2024-03-27,Hyd,B2B,-656.35,-4098.12,3,2024
1213,Darrell Reynolds,T-Shirts,Classic Tee,2.0,2685.985,0.65,0.0,2024-03-27,Ahmedabad,B2B,1093.98,5371.97,3,2024
1214,Alicia Hernandez,Jackets,Leather Jacket,4.0,1273.6,0.65,0.0,2024-03-27,Hyd,B2C,1851.89,5094.4,3,2024
1215,Melanie Hoffman,T-Shirts,Classic Tee,6.0,3802.27,0.65,0.0,2024-03-27,Ahmedabad,B2C,-266.99,22813.62,3,2024
1216,Benjamin Dunlap,T-Shirts,Classic Tee,6.0,2685.985,1.17,0.0,2024-03-27,Delhi,B2B,2986.8,16115.91,3,2024
1217,Cheryl King,Jackets,Denim Jacket,3.0,2850.38,0.65,0.0,2024-03-27,Delhi,B2C,17.31,8551.14,3,2024
1218,Jamie Alexander,Dresses,Wrap Dress,3.0,1544.45,0.33,3104.34,2024-03-27,Hyd,B2B,707.56,4633.35,3,2024
1219,Kayla Crawford,Jeans,Straight Cut,2.0,2685.985,0.65,0.0,2024-03-27,bengaluru,B2B,2206.0,5371.97,3,2024
1220,Amber Rivera,T-Shirts,Oversized T-shirt,2.0,2685.985,0.65,0.0,2024-03-27,bengaluru,B2B,1598.22,5371.97,3,2024
1221,Cody Mitchell,Accessories,Belts,3.0,2685.985,0.65,0.0,2024-03-27,Mumbai,B2B,898.67,8057.955,3,2024
1222,Karen Pennington,T-Shirts,Classic Tee,2.0,683.85,0.65,0.0,2024-03-27,Pune,B2C,1489.45,1367.7,3,2024
1223,Nicholas Thompson,T-Shirts,Crop Top,2.0,2685.985,0.65,0.0,2024-03-27,Hyderabad,B2B,-531.05,5371.97,3,2024
1224,Shelby Lewis,Dresses,Wrap Dress,2.0,2685.985,0.65,0.0,2024-03-27,Ahmedabad,B2C,2219.56,5371.97,3,2024
1225,Gregory Flores,Shoes,Loafers,-1.0,1406.32,1.05,70.32,2024-03-27,Bangalore,B2B,1937.71,-1406.32,3,2024
1226,Jeffrey Haynes,Dresses,Bodycon,1.0,2685.985,1.15,0.0,2024-10-26,Ahmedabad,B2B,2806.56,2685.985,10,2024
1227,Antonio Moses,Accessories,Sunglasses,2.0,2685.985,0.25,0.0,2024-03-05,Hyderabad,B2C,2096.68,5371.97,3,2024
1048,Dr. Adam Schultz,Accessories,Caps,2.0,2298.27,0.59,0.0,2024-03-27,Pune,B2B,2994.93,4596.54,3,2024
1229,Allen Burton,Dresses,Bodycon,2.0,2685.985,0.65,0.0,2024-03-27,Delhi,B2B,925.22,5371.97,3,2024
1230,Adam Bennett,Accessories,Watches,3.0,2685.985,1.2,0.0,2024-03-27,Hyderabad,B2B,2725.11,8057.955,3,2024
1231,Ashley Stevens,Shoes,Slip-ons,1.0,1744.73,0.65,0.0,2024-03-27,Pune,B2B,1393.69,1744.73,3,2024
1232,Sierra Miller,Shoes,Sneakers,2.0,2526.77,0.65,0.0,2023-09-14,Mumbai,B2C,1494.67,5053.54,9,2023
1233,Katie Garcia,Jackets,Puffer Coat,-1.0,2685.985,0.07,0.0,2025-04-25,Bangalore,B2B,2237.24,-2685.985,4,2025
1234,Timothy Goodman,Jeans,Straight Cut,2.0,1069.88,0.05,0.0,2025-06-24,Pune,B2B,110.58,2139.76,6,2025
1235,Rebecca Drake,Jackets,Bomber Jacket,2.0,2685.985,0.65,0.0,2024-03-27,Hyderabad,B2B,-403.94,5371.97,3,2024
1036,Juan White,T-Shirts,Oversized T-shirt,2.0,4802.42,1.18,-1728.87,2024-03-27,Hyderabad,B2B,605.03,9604.84,3,2024
1237,Matthew Holloway,T-Shirts,Classic Tee,2.0,2685.985,0.29,0.0,2024-03-27,Pune,B2C,-465.98,5371.97,3,2024
1238,Scott Weeks,Shoes,Slip-ons,2.0,2685.985,0.65,0.0,2024-03-27,Pune,B2B,2742.61,5371.97,3,2024
1239,Karina Davis,T-Shirts,Graphic Tee,4.0,644.58,0.65,0.0,2024-03-27,Delhi,B2B,1097.88,2578.32,3,2024
1240,Melanie Ramirez,Dresses,Casual Midi,2.0,4634.13,0.65,0.0,2023-07-29,Bangalore,B2B,2625.44,9268.26,7,2023
1241,Caroline Thomas,Jeans,Slim Fit Jeans,6.0,3111.95,0.65,0.0,2024-06-22,bengaluru,B2B,2814.82,18671.699999999997,6,2024
1242,Pamela Navarro,Jeans,Ripped Denim,-1.0,2685.985,0.65,0.0,2025-02-18,Pune,B2B,1576.74,-2685.985,2,2025
1243,Jack Mccoy,Accessories,Caps,3.0,2685.985,0.69,0.0,2024-12-02,Ahmedabad,B2B,779.51,8057.955,12,2024
1244,Ashley Walker,Dresses,Maxi Dress,6.0,2685.985,0.65,0.0,2024-06-29,Ahmedabad,B2C,2574.76,16115.91,6,2024
1245,Christopher Mcknight,T-Shirts,Classic Tee,2.0,1822.9,0.65,0.0,2024-03-27,Delhi,B2B,1076.34,3645.8,3,2024
1246,Dr. Derrick Scott,Dresses,Maxi Dress,0.0,2685.985,0.03,0.0,2024-03-27,Hyd,B2B,733.8,0.0,3,2024
1247,Jared Tate,T-Shirts,Crop Top,-1.0,2685.985,0.65,0.0,2024-03-27,Hyderabad,B2B,1605.97,-2685.985,3,2024
1248,Edward Morgan,Accessories,Watches,2.0,2685.985,1.24,0.0,2023-07-23,Mumbai,B2B,397.41,5371.97,7,2023
1249,Tim Bauer,Accessories,Caps,2.0,2685.985,0.23,0.0,2024-03-27,Pune,B2B,809.89,5371.97,3,2024
1250,Anthony Lee,Shoes,Slip-ons,2.0,2685.985,0.65,0.0,2024-03-27,Delhi,B2B,1653.07,5371.97,3,2024
1251,Hailey Sullivan,Dresses,Casual Midi,2.0,4841.4,0.6,3873.12,2024-03-27,Pune,B2B,578.37,9682.8,3,2024
1252,Brandy Clark,T-Shirts,Classic Tee,6.0,1638.51,0.88,1179.73,2024-03-27,Mumbai,B2C,1484.7,9831.06,3,2024
1253,Carlos Anderson,Dresses,Wrap Dress,2.0,2685.985,0.65,0.0,2025-02-04,bengaluru,B2B,2512.63,5371.97,2,2025
1254,Michael Henson,Shoes,Slip-ons,6.0,2685.985,0.65,0.0,2024-03-27,Mumbai,B2B,2418.99,16115.91,3,2024
1255,Kim Campos,T-Shirts,Classic Tee,4.0,1849.68,0.65,0.0,2024-03-27,Hyd,B2C,-706.09,7398.72,3,2024
1256,Janet Cooley,Jackets,Bomber Jacket,2.0,1801.38,0.65,0.0,2024-03-27,bengaluru,B2C,2071.1,3602.76,3,2024
1257,Mr. Matthew Gomez DDS,Jeans,Straight Cut,2.0,1228.78,0.65,0.0,2024-03-27,Ahmedabad,B2C,-83.19,2457.56,3,2024
1258,Shane Gomez,Dresses,Bodycon,-2.0,4313.38,0.65,0.0,2024-03-27,Delhi,B2C,2636.96,-8626.76,3,2024
1259,Tyler Haney,Shoes,Boots,-2.0,3396.92,0.65,0.0,2024-03-27,Ahmedabad,B2B,-830.5,-6793.84,3,2024
1260,Lindsay Haney,Dresses,Maxi Dress,2.0,2685.985,0.65,0.0,2024-03-27,Delhi,B2B,-817.8,5371.97,3,2024
1012,Manuel Prince,Jeans,Boyfriend Jeans,2.0,4129.37,0.65,0.0,2024-03-27,Delhi,B2B,2328.1,8258.74,3,2024
1262,George Gray,Accessories,Watches,2.0,2685.985,0.52,0.0,2024-03-27,bengaluru,B2B,786.25,5371.97,3,2024
1263,Ryan Graves,Shoes,Slip-ons,2.0,2542.72,0.65,0.0,2024-03-27,Delhi,B2B,-136.41,5085.44,3,2024
1264,Ernest Myers,T-Shirts,Graphic Tee,2.0,3382.08,0.65,0.0,2024-03-27,Delhi,B2B,1647.48,6764.16,3,2024
1265,Brandi Lang,T-Shirts,Graphic Tee,0.0,721.41,1.16,0.0,2024-03-27,Hyd,B2C,1718.95,0.0,3,2024
1266,Gloria Barnett,Shoes,Slip-ons,2.0,2685.985,1.12,0.0,2023-10-25,Delhi,B2C,1024.86,5371.97,10,2023
1267,Sarah Andrews,Jackets,Bomber Jacket,3.0,3255.23,0.65,0.0,2023-11-16,Delhi,B2B,650.8,9765.69,11,2023
1268,Sonya Martinez,Jackets,Denim Jacket,1.0,2685.985,1.03,0.0,2024-03-27,Pune,B2B,2668.22,2685.985,3,2024
1269,Brittany Harris,T-Shirts,Graphic Tee,2.0,2685.985,0.65,0.0,2024-03-27,Mumbai,B2B,483.01,5371.97,3,2024
1270,Vanessa Kelley,T-Shirts,Graphic Tee,0.0,4446.82,0.65,0.0,2024-03-27,Hyd,B2B,-293.05,0.0,3,2024
1271,Robert Gonzalez,T-Shirts,Oversized T-shirt,2.0,2685.985,0.65,0.0,2024-05-13,Bangalore,B2B,1295.93,5371.97,5,2024
1272,Angela Taylor,Accessories,Belts,2.0,1429.94,0.65,0.0,2023-12-12,Hyd,B2B,484.51,2859.88,12,2023
1273,Bradley Myers,T-Shirts,Oversized T-shirt,2.0,2685.985,0.65,0.0,2024-03-27,Hyd,B2C,-431.92,5371.97,3,2024
1274,Russell Love,Dresses,Wrap Dress,2.0,2685.985,0.59,0.0,2024-03-27,Ahmedabad,B2B,62.98,5371.97,3,2024
1275,Kelly Wong,Dresses,Casual Midi,3.0,4132.0,0.65,0.0,2024-02-26,bengaluru,B2B,2732.47,12396.0,2,2024
1276,Erin Wright,Shoes,Boots,2.0,3243.45,0.61,0.0,2024-03-27,Mumbai,B2B,-869.12,6486.9,3,2024
1277,Michael Coleman,Accessories,Sunglasses,2.0,4720.52,0.57,4059.65,2024-03-27,Delhi,B2C,1255.66,9441.04,3,2024
1278,Jessica Kirby,Accessories,Sunglasses,2.0,3550.91,0.65,0.0,2024-03-27,Delhi,B2C,466.53,7101.82,3,2024
1279,Laura Romero,Shoes,Boots,2.0,2600.33,0.65,0.0,2024-03-27,Ahmedabad,B2C,1430.67,5200.66,3,2024
1280,Joseph Joseph,T-Shirts,Crop Top,3.0,2685.985,0.65,0.0,2024-10-13,Ahmedabad,B2B,263.41,8057.955,10,2024
1003,Christopher Ferguson,Jackets,Puffer Coat,-2.0,548.19,0.65,0.0,2024-03-27,Mumbai,B2B,259.03,-1096.38,3,2024
1282,Kevin Hunter,Shoes,Loafers,-1.0,2685.985,0.14,0.0,2024-03-27,Mumbai,B2B,-909.75,-2685.985,3,2024
1283,Kelly Gray,Shoes,Slip-ons,2.0,2685.985,0.08,0.0,2024-03-27,Hyderabad,B2B,379.24,5371.97,3,2024
1284,Carlos Walsh,Jackets,Puffer Coat,2.0,1500.19,0.65,0.0,2024-05-18,Hyd,B2B,-348.48,3000.38,5,2024
1285,Deborah Mckee,Accessories,Belts,5.0,2685.985,0.65,0.0,2024-03-27,Delhi,B2B,2024.84,13429.925000000001,3,2024
1286,Andrew Harmon,T-Shirts,Graphic Tee,2.0,2972.45,0.65,0.0,2024-03-27,Mumbai,B2C,2562.54,5944.9,3,2024
1287,Todd Hall,Jeans,Slim Fit Jeans,2.0,2685.985,0.65,0.0,2024-03-27,bengaluru,B2B,802.66,5371.97,3,2024
1288,Danny Gilbert,Shoes,Slip-ons,4.0,2685.985,0.65,0.0,2024-03-27,Delhi,B2B,-492.73,10743.94,3,2024
1289,Lauren Johnson,Jackets,Denim Jacket,2.0,3590.85,0.65,0.0,2024-03-27,Mumbai,B2C,2052.57,7181.7,3,2024
1290,Katherine Parsons,Jeans,Slim Fit Jeans,2.0,1412.12,1.2,0.0,2024-03-27,Delhi,B2B,430.92,2824.24,3,2024
1291,Jason Calhoun,Jackets,Puffer Coat,2.0,2685.985,0.65,0.0,2024-03-27,Hyd,B2B,1073.44,5371.97,3,2024
1292,Amy Howard,Dresses,Maxi Dress,3.0,2685.985,0.46,0.0,2024-03-27,Mumbai,B2B,1165.86,8057.955,3,2024
1293,Cindy Hall,Jackets,Denim Jacket,2.0,2685.985,0.65,0.0,2024-03-27,Hyderabad,B2B,2073.16,5371.97,3,2024
1294,Jeff Hernandez,Accessories,Watches,2.0,2685.985,0.56,0.0,2024-03-27,Delhi,B2B,898.24,5371.97,3,2024
1295,Tiffany Maxwell,Jackets,Leather Jacket,-1.0,2685.985,0.65,0.0,2024-03-27,Bangalore,B2C,2967.72,-2685.985,3,2024
1296,Lori Orozco,Jeans,Slim Fit Jeans,-2.0,2795.79,0.65,0.0,2024-03-27,bengaluru,B2B,1438.47,-5591.58,3,2024
1297,Sharon Combs,Jackets,Puffer Coat,2.0,4524.2,0.65,0.0,2024-03-27,Delhi,B2C,1637.33,9048.4,3,2024
1298,Dylan Newton,T-Shirts,Graphic Tee,2.0,2685.985,0.65,0.0,2024-03-27,Ahmedabad,B2C,2490.23,5371.97,3,2024
1299,John Levine,Jackets,Denim Jacket,1.0,1026.58,0.65,0.0,2024-03-27,Hyderabad,B2C,1178.37,1026.58,3,2024
1300,Latoya Johnson,Jeans,Slim Fit Jeans,2.0,4611.9,0.65,0.0,2024-03-27,Delhi,B2B,703.48,9223.8,3,2024
1047,Caroline Turner,Jeans,Straight Cut,5.0,2685.985,1.15,0.0,2024-03-27,Hyd,B2B,1368.68,13429.925000000001,3,2024
1302,Adam Bryan,Jeans,Ripped Denim,5.0,2685.985,0.09,0.0,2024-03-27,Ahmedabad,B2C,339.17,13429.925000000001,3,2024
1303,Laura Smith,Jeans,Straight Cut,3.0,1192.16,0.65,0.0,2024-03-27,Pune,B2B,505.33,3576.4800000000005,3,2024
1047,Timothy Potter,Dresses,Maxi Dress,2.0,3218.39,0.65,0.0,2024-03-27,Mumbai,B2B,-442.98,6436.78,3,2024
1305,Kelsey Stein,Jackets,Bomber Jacket,3.0,2685.985,0.65,0.0,2023-08-19,Delhi,B2B,2861.3,8057.955,8,2023
1306,Aaron Johnson,Accessories,Belts,4.0,2685.985,0.65,0.0,2024-03-27,Ahmedabad,B2B,99.1,10743.94,3,2024
1307,Amber Lee,Dresses,Maxi Dress,2.0,2648.43,0.65,0.0,2024-03-27,Ahmedabad,B2B,642.0,5296.86,3,2024
1308,Michael Joseph,Dresses,Bodycon,2.0,4203.62,0.65,0.0,2025-04-08,Mumbai,B2B,464.65,8407.24,4,2025
1309,Tina Brown,Accessories,Caps,2.0,2685.985,0.65,0.0,2024-03-27,Pune,B2B,481.45,5371.97,3,2024
1310,Thomas Smith,Dresses,Maxi Dress,2.0,2685.985,0.65,0.0,2024-03-27,Pune,B2B,1516.35,5371.97,3,2024
1311,Jennifer Watson,Jackets,Bomber Jacket,3.0,2685.985,0.13,0.0,2023-12-12,Mumbai,B2B,-109.19,8057.955,12,2023
1312,Wendy Garcia,Accessories,Sunglasses,2.0,2685.985,0.65,0.0,2024-03-27,Pune,B2B,-646.16,5371.97,3,2024
1313,Sean Pope,Accessories,Watches,2.0,4763.45,0.96,0.0,2023-12-24,Pune,B2C,-581.35,9526.9,12,2023
1314,Brad Mccarty,Shoes,Slip-ons,-1.0,2685.985,0.65,0.0,2024-03-27,Hyderabad,B2C,1148.06,-2685.985,3,2024
1315,Mark Gonzales,Jeans,Boyfriend Jeans,-2.0,515.04,0.65,0.0,2024-06-30,bengaluru,B2B,-279.01,-1030.08,6,2024
1316,Theresa Wiggins,T-Shirts,Crop Top,2.0,1345.98,0.65,0.0,2025-04-22,Pune,B2B,-177.6,2691.96,4,2025
1317,Mitchell Gomez,Accessories,Watches,0.0,2685.985,0.65,0.0,2024-08-04,Mumbai,B2B,-476.45,0.0,8,2024
1318,Tony Reynolds,Accessories,Belts,3.0,2685.985,0.65,0.0,2024-03-27,Pune,B2C,1830.14,8057.955,3,2024
1319,Kristine Byrd,Dresses,Bodycon,0.0,2685.985,0.65,0.0,2024-03-07,Ahmedabad,B2B,-66.17,0.0,3,2024
1320,Mark Murray,Accessories,Belts,4.0,2685.985,0.65,0.0,2024-03-27,Delhi,B2B,2011.4,10743.94,3,2024
1321,Michael Velazquez,Jackets,Leather Jacket,3.0,2685.985,1.02,0.0,2024-03-27,Delhi,B2B,632.23,8057.955,3,2024
1322,Lori Benson,T-Shirts,Classic Tee,2.0,2387.61,0.65,0.0,2024-03-27,Delhi,B2C,822.46,4775.22,3,2024
1323,Kimberly Flores,Jackets,Puffer Coat,2.0,2685.985,1.12,0.0,2024-04-30,Pune,B2B,-96.6,5371.97,4,2024
1324,Mike Rhodes,Jackets,Bomber Jacket,2.0,2685.985,0.65,0.0,2024-12-12,Mumbai,B2C,-610.52,5371.97,12,2024
1325,Teresa Gilbert,Jeans,Ripped Denim,2.0,1315.93,0.65,0.0,2025-07-06,Bangalore,B2B,1435.03,2631.86,7,2025
1326,Theodore Sanchez,Dresses,Casual Midi,2.0,4104.36,1.11,0.0,2024-03-27,Mumbai,B2B,1404.45,8208.72,3,2024
1327,Sarah Sosa,Shoes,Slip-ons,2.0,2964.44,0.65,0.0,2023-08-06,Mumbai,B2B,2021.54,5928.88,8,2023
1328,Christine Drake,Shoes,Boots,4.0,3250.24,0.56,5720.42,2024-03-27,Pune,B2B,2269.54,13000.96,3,2024
1329,Eric Medina,T-Shirts,Graphic Tee,1.0,2587.78,0.65,0.0,2023-12-25,Hyderabad,B2C,1667.02,2587.78,12,2023
1330,Joseph Sims,Dresses,Maxi Dress,-2.0,2685.985,0.65,0.0,2024-03-27,Ahmedabad,B2C,-587.38,-5371.97,3,2024
1331,Gwendolyn Guerrero,Accessories,Belts,6.0,2685.985,0.65,0.0,2024-03-27,bengaluru,B2B,1301.18,16115.91,3,2024
1332,Chelsea Brown,T-Shirts,Graphic Tee,2.0,2685.985,0.0,0.0,2024-03-27,Mumbai,B2C,2301.09,5371.97,3,2024
1028,John Taylor,Accessories,Watches,2.0,2685.985,0.65,0.0,2023-11-10,Ahmedabad,B2B,2502.73,5371.97,11,2023
1334,Russell Douglas,Dresses,Maxi Dress,6.0,1454.69,0.65,0.0,2025-06-06,Delhi,B2B,652.87,8728.14,6,2025
1335,Kristen Drake,Shoes,Slip-ons,5.0,2685.985,0.65,0.0,2024-03-27,Hyderabad,B2C,-815.88,13429.925000000001,3,2024
1336,Katie Brown,Jackets,Denim Jacket,2.0,2685.985,0.65,0.0,2024-03-27,Delhi,B2B,2000.91,5371.97,3,2024
1337,Michelle Russell,Jackets,Denim Jacket,6.0,2286.68,1.27,-3704.42,2024-03-27,Hyderabad,B2C,716.16,13720.079999999998,3,2024
1338,Charles Aguilar,T-Shirts,Graphic Tee,0.0,2685.985,0.65,0.0,2024-03-27,Ahmedabad,B2B,415.06,0.0,3,2024
1339,Emily Christensen,Dresses,Maxi Dress,2.0,4507.5,0.65,0.0,2025-07-01,bengaluru,B2B,2552.65,9015.0,7,2025
1340,Annette Robinson,Jeans,Straight Cut,2.0,2685.985,0.06,0.0,2024-03-27,Mumbai,B2B,1282.27,5371.97,3,2024
1341,William White,Shoes,Slip-ons,-1.0,3074.06,1.24,737.77,2024-03-27,Ahmedabad,B2B,2634.42,-3074.06,3,2024
1342,Chloe Martinez,Dresses,Wrap Dress,-1.0,4707.2,0.65,0.0,2024-03-27,Pune,B2B,1395.82,-4707.2,3,2024
1343,Catherine Barnett,Jeans,Ripped Denim,2.0,4012.48,0.65,0.0,2024-03-27,Mumbai,B2C,730.98,8024.96,3,2024
1344,Jason Dixon,Jeans,Straight Cut,4.0,3386.91,0.65,0.0,2024-03-27,Mumbai,B2C,2006.17,13547.64,3,2024
1040,Tim Jennings,T-Shirts,Classic Tee,2.0,2685.985,0.18,0.0,2024-03-27,bengaluru,B2B,2721.4,5371.97,3,2024
1346,Leah Gonzalez,Shoes,Slip-ons,-2.0,1622.65,0.65,0.0,2024-03-27,Mumbai,B2C,-891.76,-3245.3,3,2024
1005,Andrew Davis,Jeans,Straight Cut,6.0,2228.45,1.2,-2674.14,2024-03-27,Bangalore,B2C,2728.03,13370.699999999999,3,2024
1348,Justin Bowen,T-Shirts,Classic Tee,2.0,1219.2,1.17,-414.53,2024-03-27,Hyderabad,B2B,2694.39,2438.4,3,2024
1349,Lisa Henry,Jackets,Leather Jacket,-2.0,2685.985,0.82,0.0,2025-02-17,Pune,B2B,2085.75,-5371.97,2,2025
1008,Sarah Vance,T-Shirts,Classic Tee,2.0,2319.84,0.65,0.0,2024-03-27,bengaluru,B2B,1669.55,4639.68,3,2024
1351,Brian Edwards,Shoes,Slip-ons,2.0,2685.985,0.65,0.0,2024-03-27,Hyderabad,B2C,2621.66,5371.97,3,2024
1034,Matthew Robbins,T-Shirts,Graphic Tee,2.0,3991.4,0.65,0.0,2025-02-05,Pune,B2B,-555.4,7982.8,2,2025
1042,Kathleen Moore,Jeans,Straight Cut,2.0,2685.985,0.84,0.0,2024-03-27,Bangalore,B2B,1558.99,5371.97,3,2024
1354,Mr. George Cooper,Jeans,Straight Cut,1.0,2685.985,0.65,0.0,2024-03-27,Ahmedabad,B2B,-678.38,2685.985,3,2024
1355,Ryan James,Dresses,Bodycon,1.0,1054.69,0.18,864.85,2024-03-27,Mumbai,B2B,698.05,1054.69,3,2024
1356,Veronica Cordova,Jackets,Denim Jacket,2.0,2418.55,0.88,0.0,2024-03-27,Ahmedabad,B2C,428.96,4837.1,3,2024
1357,Jacob Brooks,Jackets,Puffer Coat,2.0,1128.57,0.39,0.0,2025-01-21,Hyd,B2B,684.88,2257.14,1,2025
1358,Matthew Brown,Accessories,Sunglasses,2.0,2685.985,1.23,0.0,2024-03-27,Bangalore,B2C,1347.26,5371.97,3,2024
1359,Robert Harmon,T-Shirts,Crop Top,2.0,4625.84,0.65,0.0,2024-03-27,Mumbai,B2B,1663.88,9251.68,3,2024
1360,Rebecca Gonzalez,Jeans,Boyfriend Jeans,2.0,2685.985,1.13,0.0,2024-03-27,Delhi,B2B,1316.73,5371.97,3,2024
1361,Hannah Ball,T-Shirts,Classic Tee,2.0,2685.985,0.65,0.0,2024-03-27,Mumbai,B2C,528.8,5371.97,3,2024
1362,Krista Wright,T-Shirts,Classic Tee,-1.0,4953.02,0.65,0.0,2024-12-07,Ahmedabad,B2C,-499.33,-4953.02,12,2024
1363,Marcus Powell,Dresses,Bodycon,6.0,2685.985,0.65,0.0,2024-03-27,Mumbai,B2B,2143.4,16115.91,3,2024
1364,Leah Madden,T-Shirts,Classic Tee,2.0,2685.985,0.01,0.0,2024-03-27,Ahmedabad,B2C,1839.35,5371.97,3,2024
1365,Shawn Gardner,Dresses,Maxi Dress,1.0,776.52,0.65,0.0,2024-03-27,Delhi,B2C,2757.77,776.52,3,2024
1366,Karen Nunez,Dresses,Bodycon,2.0,1927.12,0.44,0.0,2024-03-27,bengaluru,B2C,928.57,3854.24,3,2024
1367,Laura Johnson,Accessories,Caps,2.0,573.8,0.65,0.0,2024-03-27,Ahmedabad,B2B,2546.35,1147.6,3,2024
1368,Lauren Kaufman,T-Shirts,Classic Tee,4.0,4032.95,0.65,0.0,2024-03-27,Ahmedabad,B2C,-20.09,16131.8,3,2024
1369,Patricia Pratt,Accessories,Caps,2.0,2685.985,1.1,0.0,2024-03-27,Hyderabad,B2B,-844.78,5371.97,3,2024
1370,Brandon Williams,Dresses,Bodycon,-2.0,2345.49,1.18,844.38,2024-03-27,Hyderabad,B2B,212.66,-4690.98,3,2024
1371,Christopher Wilson,Jeans,Ripped Denim,2.0,2685.985,0.65,0.0,2024-03-27,Mumbai,B2B,72.96,5371.97,3,2024
1372,Ryan Gonzalez,Accessories,Sunglasses,1.0,2685.985,0.19,0.0,2024-03-27,Delhi,B2B,418.89,2685.985,3,2024
1373,Lisa Morton,Jackets,Leather Jacket,-2.0,3523.43,0.19,-5707.96,2024-03-27,Delhi,B2B,-892.76,-7046.86,3,2024
1374,Nicholas Lee,T-Shirts,Classic Tee,1.0,2685.985,0.65,0.0,2024-02-13,Bangalore,B2B,2519.16,2685.985,2,2024
1375,Kelly Vang,Jeans,Straight Cut,3.0,420.42,0.65,0.0,2024-03-27,Hyd,B2B,1318.19,1261.26,3,2024
1376,Megan Smith,Accessories,Caps,4.0,1447.28,0.65,0.0,2024-07-27,Hyderabad,B2B,175.33,5789.12,7,2024
1377,Mark Matthews,Jackets,Denim Jacket,0.0,2685.985,0.65,0.0,2024-03-27,bengaluru,B2B,2229.95,0.0,3,2024
1378,Melissa Hale,Jackets,Puffer Coat,5.0,4581.26,1.18,-4123.13,2024-03-27,Bangalore,B2B,-345.1,22906.300000000003,3,2024
1013,Michael James,Jackets,Puffer Coat,2.0,2685.985,0.65,0.0,2024-03-27,Delhi,B2B,1647.38,5371.97,3,2024
1380,Brittney Branch,Dresses,Bodycon,2.0,2685.985,0.65,0.0,2024-03-27,Delhi,B2B,-475.94,5371.97,3,2024
1381,Brian Bridges,Jeans,Ripped Denim,1.0,2685.985,1.07,0.0,2024-07-13,Bangalore,B2C,-136.3,2685.985,7,2024
1382,Jeffery Green,Jeans,Boyfriend Jeans,-2.0,2685.985,0.65,0.0,2024-03-27,Bangalore,B2B,-165.59,-5371.97,3,2024
1383,Rachel Bradford,Dresses,Maxi Dress,5.0,2409.13,0.65,0.0,2024-03-27,Pune,B2C,127.63,12045.650000000001,3,2024
1048,Michelle Rodriguez,Shoes,Slip-ons,2.0,2685.985,0.65,0.0,2024-03-27,Ahmedabad,B2B,2393.99,5371.97,3,2024
1385,Veronica Taylor,Dresses,Wrap Dress,1.0,2685.985,0.65,0.0,2024-03-27,Bangalore,B2C,2744.77,2685.985,3,2024
1386,Crystal Molina,Shoes,Boots,5.0,4439.81,1.1,-2219.91,2024-03-27,Delhi,B2B,1669.09,22199.050000000003,3,2024
1387,Michael White,Jackets,Puffer Coat,3.0,2685.985,0.65,0.0,2024-08-03,Pune,B2B,-505.47,8057.955,8,2024
1388,Michael Beltran,Dresses,Casual Midi,4.0,2685.985,0.65,0.0,2024-05-21,Delhi,B2C,475.79,10743.94,5,2024
1389,Barbara Jones,Dresses,Wrap Dress,2.0,2742.38,0.65,0.0,2023-07-25,Ahmedabad,B2B,1987.46,5484.76,7,2023
1390,Randy Baker,Jeans,Slim Fit Jeans,4.0,2685.985,0.65,0.0,2024-03-27,Pune,B2B,1789.75,10743.94,3,2024
1391,James Collins,Shoes,Slip-ons,0.0,2213.79,0.01,0.0,2024-03-27,Hyderabad,B2B,418.24,0.0,3,2024
1014,Jonathan Montgomery,Jeans,Ripped Denim,2.0,784.1,0.65,0.0,2024-03-27,Delhi,B2B,401.24,1568.2,3,2024
1393,Christina Hernandez,Jackets,Bomber Jacket,6.0,2685.985,0.65,0.0,2024-03-27,Hyderabad,B2C,2001.24,16115.91,3,2024
1394,Jody Larsen,Jackets,Bomber Jacket,2.0,1218.65,0.65,0.0,2025-05-29,Hyd,B2C,2538.59,2437.3,5,2025
1395,Andrew Wood,Dresses,Wrap Dress,2.0,2685.985,0.65,0.0,2024-04-11,Mumbai,B2B,-357.08,5371.97,4,2024
1396,James Rocha,Jeans,Straight Cut,2.0,3663.65,0.26,5422.2,2024-03-27,Ahmedabad,B2B,1553.44,7327.3,3,2024
1397,Rebekah Gonzalez,Jackets,Leather Jacket,2.0,2685.985,0.65,0.0,2024-03-27,Bangalore,B2C,1239.62,5371.97,3,2024
1398,Aaron Ruiz,Dresses,Casual Midi,2.0,2685.985,0.65,0.0,2024-03-27,Hyderabad,B2B,-43.7,5371.97,3,2024
1399,Olivia Lee,Jackets,Denim Jacket,4.0,2685.985,0.35,0.0,2024-10-31,Delhi,B2C,-444.08,10743.94,10,2024
1400,John Carr,T-Shirts,Classic Tee,2.0,2685.985,0.65,0.0,2025-02-27,Delhi,B2B,1385.55,5371.97,2,2025
1401,Daniel Wilson,T-Shirts,Classic Tee,-2.0,2685.985,0.65,0.0,2024-03-27,Hyderabad,B2B,-751.05,-5371.97,3,2024
1402,Daniel Hernandez Jr.,Accessories,Watches,2.0,603.51,1.23,0.0,2024-03-27,Hyderabad,B2C,982.01,1207.02,3,2024
1403,John Clark,T-Shirts,Crop Top,2.0,2685.985,0.65,0.0,2024-03-27,Hyd,B2B,2210.07,5371.97,3,2024
1404,Hannah Martin,Accessories,Watches,2.0,3074.59,0.65,0.0,2024-03-27,Bangalore,B2C,1979.07,6149.18,3,2024
1405,Alyssa Ramirez,Dresses,Maxi Dress,2.0,2685.985,0.56,0.0,2024-05-05,Mumbai,B2C,2345.68,5371.97,5,2024
1406,Alan Johnson,Dresses,Maxi Dress,2.0,2685.985,0.65,0.0,2024-03-27,Bangalore,B2B,-863.17,5371.97,3,2024
1407,Joseph Freeman,T-Shirts,Graphic Tee,2.0,4977.81,0.65,0.0,2024-03-27,Ahmedabad,B2B,2041.12,9955.62,3,2024
1408,William Golden,Shoes,Boots,2.0,2685.985,0.65,0.0,2024-09-04,Mumbai,B2B,2305.32,5371.97,9,2024
1409,Heather Cross,Accessories,Caps,6.0,2685.985,0.65,0.0,2024-03-27,Pune,B2C,-941.44,16115.91,3,2024
1410,Dawn Caldwell,Jeans,Ripped Denim,6.0,4445.81,0.65,0.0,2024-03-27,Delhi,B2B,-654.59,26674.86,3,2024
1411,Michael Bond,Dresses,Wrap Dress,2.0,4946.77,0.65,0.0,2024-03-27,Mumbai,B2B,1520.19,9893.54,3,2024
1412,Luis Mcdaniel,Shoes,Slip-ons,2.0,2685.985,0.65,0.0,2024-08-29,Hyderabad,B2C,2314.93,5371.97,8,2024
1413,Michael Harris,Dresses,Maxi Dress,1.0,2685.985,0.17,0.0,2025-06-04,Ahmedabad,B2C,1539.28,2685.985,6,2025
1414,Elizabeth Buchanan,T-Shirts,Oversized T-shirt,2.0,2685.985,0.65,0.0,2024-03-27,Ahmedabad,B2B,2843.55,5371.97,3,2024
1415,Sydney Travis,Jackets,Puffer Coat,2.0,3149.0,0.65,0.0,2024-03-27,bengaluru,B2B,2661.23,6298.0,3,2024
1416,Joshua Johnson,Accessories,Watches,2.0,3527.15,0.65,0.0,2023-11-23,Hyd,B2B,2286.48,7054.3,11,2023
1417,Nicholas Harrell,Dresses,Wrap Dress,2.0,2685.985,0.65,0.0,2024-08-11,Bangalore,B2B,888.59,5371.97,8,2024
1418,Christopher Anderson,Dresses,Bodycon,2.0,2685.985,0.13,0.0,2024-03-27,Bangalore,B2B,1403.76,5371.97,3,2024
1419,Brittney Rivera,Jackets,Bomber Jacket,2.0,2685.985,0.65,0.0,2024-03-27,Hyd,B2B,-565.17,5371.97,3,2024
1420,James Patterson,Shoes,Loafers,2.0,2685.985,0.96,0.0,2025-06-06,Ahmedabad,B2B,2790.42,5371.97,6,2025
1421,Kenneth Jackson,T-Shirts,Classic Tee,0.0,2685.985,0.65,0.0,2024-03-27,Ahmedabad,B2B,575.19,0.0,3,2024
1422,Marvin Cox,Jeans,Boyfriend Jeans,2.0,4466.49,0.65,0.0,2024-03-27,Ahmedabad,B2B,2168.78,8932.98,3,2024
1423,Christopher Reeves,Jackets,Leather Jacket,2.0,2685.985,0.65,0.0,2025-02-22,Hyd,B2B,1302.05,5371.97,2,2025
1424,Jennifer Villarreal,T-Shirts,Classic Tee,-1.0,538.6,1.18,96.95,2024-03-27,Hyderabad,B2B,752.81,-538.6,3,2024
1425,Stacey Irwin,Accessories,Caps,2.0,1133.73,0.65,0.0,2024-03-27,Pune,B2B,2604.14,2267.46,3,2024
1426,Bryan Parks,Jeans,Ripped Denim,-2.0,3175.17,0.86,-889.05,2024-03-27,Hyderabad,B2B,2860.99,-6350.34,3,2024
1427,Angela Hall,Shoes,Boots,2.0,2685.985,0.65,0.0,2024-03-27,Mumbai,B2C,2795.17,5371.97,3,2024
1015,Stephanie Gonzalez,Jeans,Boyfriend Jeans,2.0,2685.985,0.65,0.0,2024-03-27,Delhi,B2B,1869.46,5371.97,3,2024
1429,Travis Vargas,Dresses,Bodycon,2.0,3292.01,0.65,0.0,2024-03-27,Delhi,B2B,-358.22,6584.02,3,2024
1430,Rose Delgado,Jeans,Straight Cut,-2.0,2685.985,0.67,0.0,2024-03-27,Pune,B2C,2045.56,-5371.97,3,2024
1431,Jennifer Lyons,Accessories,Watches,2.0,2685.985,0.65,0.0,2024-03-27,Delhi,B2B,2191.02,5371.97,3,2024
1432,Steven Taylor,Shoes,Sneakers,2.0,2685.985,0.65,0.0,2024-06-02,Ahmedabad,B2B,-849.15,5371.97,6,2024
1433,Jesse Cooke,T-Shirts,Oversized T-shirt,2.0,2685.985,0.7,0.0,2024-03-27,Mumbai,B2B,-878.85,5371.97,3,2024
1434,Marie Sullivan,Jeans,Boyfriend Jeans,0.0,476.2,1.03,0.0,2024-08-08,Hyderabad,B2C,-310.8,0.0,8,2024
1435,Nicole Mills,T-Shirts,Classic Tee,3.0,2685.985,0.65,0.0,2025-04-16,Hyd,B2B,904.65,8057.955,4,2025
1436,Erin Yu,T-Shirts,Classic Tee,2.0,2685.985,1.26,0.0,2024-03-27,Ahmedabad,B2C,1445.93,5371.97,3,2024
1437,Rachel Savage,Jeans,Boyfriend Jeans,0.0,3886.3,0.34,0.0,2024-03-27,Delhi,B2C,131.48,0.0,3,2024
1438,Teresa Nichols,Dresses,Wrap Dress,2.0,2663.97,0.84,0.0,2023-09-17,Pune,B2B,1014.29,5327.94,9,2023
1439,Elijah Anderson,T-Shirts,Graphic Tee,2.0,2685.985,0.65,0.0,2024-03-27,Ahmedabad,B2B,726.42,5371.97,3,2024
1440,Candace Smith,Dresses,Bodycon,0.0,635.12,0.32,0.0,2024-03-27,Hyderabad,B2C,-476.72,0.0,3,2024
1441,Michelle Lara,Jeans,Slim Fit Jeans,2.0,2685.985,0.65,0.0,2024-03-27,bengaluru,B2B,-316.51,5371.97,3,2024
1442,Emma Ramirez,Shoes,Slip-ons,0.0,3001.28,0.65,0.0,2024-07-06,Delhi,B2C,1218.28,0.0,7,2024
1443,Danielle Shelton,T-Shirts,Crop Top,2.0,2685.985,0.65,0.0,2024-07-11,Bangalore,B2B,2962.6,5371.97,7,2024
1444,Paula Leon,Accessories,Watches,3.0,3452.16,0.65,0.0,2024-03-27,Mumbai,B2B,810.8,10356.48,3,2024
1445,Dr. Dennis Pena,Jackets,Bomber Jacket,2.0,1370.36,0.54,0.0,2024-03-27,Mumbai,B2C,2846.13,2740.72,3,2024
1446,Kelsey Wright,Shoes,Loafers,2.0,2827.68,0.86,0.0,2024-03-27,Delhi,B2B,-602.57,5655.36,3,2024
1031,Eric Williams,T-Shirts,Classic Tee,6.0,3792.09,0.65,0.0,2023-12-03,Bangalore,B2C,194.31,22752.54,12,2023
1448,Brandon Andrews,Jeans,Slim Fit Jeans,2.0,1657.95,0.65,0.0,2023-12-09,Pune,B2B,1948.49,3315.9,12,2023
1449,Michelle Phillips,Jeans,Straight Cut,2.0,2855.53,0.55,0.0,2024-03-27,Ahmedabad,B2C,2598.74,5711.06,3,2024
1043,Valerie Ramirez,T-Shirts,Graphic Tee,4.0,2685.985,0.65,0.0,2024-06-13,Delhi,B2C,-401.44,10743.94,6,2024
1451,Rebecca Murphy,Shoes,Slip-ons,2.0,620.64,0.65,0.0,2024-03-27,Hyderabad,B2B,1553.39,1241.28,3,2024
1452,Ricardo Kent,Accessories,Sunglasses,-2.0,2660.28,0.34,-3511.57,2024-03-27,Delhi,B2C,918.54,-5320.56,3,2024
1453,Justin Carpenter,Jeans,Straight Cut,0.0,2685.985,0.18,0.0,2024-03-27,Bangalore,B2B,1465.97,0.0,3,2024
1454,Justin Clements,Accessories,Sunglasses,2.0,4523.58,0.65,0.0,2024-03-27,Pune,B2B,2424.44,9047.16,3,2024
1455,Patty Thomas,T-Shirts,Classic Tee,2.0,2685.985,0.65,0.0,2024-12-03,Delhi,B2B,743.47,5371.97,12,2024
1456,Madison Berry,T-Shirts,Graphic Tee,2.0,2685.985,0.65,0.0,2024-03-27,Bangalore,B2C,1350.12,5371.97,3,2024
1457,Danielle Washington,Accessories,Watches,0.0,2342.25,0.65,0.0,2024-03-27,bengaluru,B2B,750.64,0.0,3,2024
1458,Rachel Marshall,Jackets,Puffer Coat,6.0,2685.985,0.27,0.0,2024-03-27,Mumbai,B2B,1877.22,16115.91,3,2024
1459,Anna King,Accessories,Sunglasses,2.0,2494.99,0.98,0.0,2024-01-17,Pune,B2B,2959.95,4989.98,1,2024
1460,Leah Chaney,Jackets,Leather Jacket,2.0,4264.16,0.65,0.0,2024-03-27,Delhi,B2B,921.96,8528.32,3,2024
1461,Rebecca Leach,Dresses,Casual Midi,2.0,2708.35,1.06,0.0,2024-03-27,Hyd,B2C,941.87,5416.7,3,2024
1462,Miranda Higgins,Jackets,Puffer Coat,-1.0,2685.985,0.65,0.0,2024-03-27,Delhi,B2C,372.63,-2685.985,3,2024
1463,Danielle Gonzales,Dresses,Wrap Dress,1.0,4606.09,1.12,-552.73,2024-03-27,Delhi,B2B,-877.13,4606.09,3,2024
1464,Jill Johnson,Dresses,Wrap Dress,2.0,2685.985,0.65,0.0,2024-03-27,bengaluru,B2C,837.3,5371.97,3,2024
1465,William Peck,Accessories,Belts,-2.0,2215.4,0.96,-177.23,2024-03-27,Hyd,B2B,-85.73,-4430.8,3,2024
1014,Keith Schroeder,Dresses,Wrap Dress,2.0,3172.11,0.65,0.0,2023-09-07,Mumbai,B2C,673.33,6344.22,9,2023
1030,William Ortiz,Shoes,Sneakers,2.0,3389.44,0.09,0.0,2024-03-27,Delhi,B2B,1663.45,6778.88,3,2024
1468,Jeremy Nash,T-Shirts,Graphic Tee,2.0,3332.84,0.27,0.0,2023-08-15,Ahmedabad,B2B,733.66,6665.68,8,2023
1469,Craig Conner MD,Dresses,Wrap Dress,2.0,2665.7,0.49,0.0,2024-03-27,Bangalore,B2B,1644.72,5331.4,3,2024
1470,Victoria Hayden,T-Shirts,Oversized T-shirt,-1.0,1376.54,0.65,0.0,2024-03-27,Hyderabad,B2B,0.59,-1376.54,3,2024
1471,Tammy Johnson,Accessories,Belts,-2.0,4882.03,0.23,-7518.33,2023-08-21,Hyderabad,B2C,-605.67,-9764.06,8,2023
1472,William Mullins,Accessories,Belts,2.0,2685.985,1.01,0.0,2024-03-27,Mumbai,B2C,-69.28,5371.97,3,2024
1473,Alicia Reynolds,T-Shirts,Graphic Tee,2.0,2685.985,0.08,0.0,2024-03-27,Bangalore,B2C,1769.11,5371.97,3,2024
1474,Rachel Shelton,Jackets,Denim Jacket,4.0,2685.985,0.65,0.0,2024-03-27,Bangalore,B2C,1791.38,10743.94,3,2024
1475,Nancy James,T-Shirts,Oversized T-shirt,-2.0,3692.25,0.65,0.0,2024-03-27,Mumbai,B2C,433.87,-7384.5,3,2024
1476,Seth Gonzalez,Jeans,Ripped Denim,5.0,2685.985,0.57,0.0,2025-07-21,Bangalore,B2C,1476.41,13429.925000000001,7,2025
1477,Rachel Allen,Dresses,Bodycon,2.0,2277.2,0.65,0.0,2024-03-27,Hyd,B2B,1295.82,4554.4,3,2024
1478,Jaclyn Lynch,Jackets,Denim Jacket,2.0,2277.41,0.65,0.0,2024-07-18,Ahmedabad,B2B,-584.69,4554.82,7,2024
1479,Vicki Peterson DDS,Dresses,Maxi Dress,1.0,2685.985,0.65,0.0,2024-03-27,Ahmedabad,B2C,-575.87,2685.985,3,2024
1480,Troy Love,Jackets,Denim Jacket,2.0,755.42,0.65,0.0,2024-05-08,Pune,B2B,2956.26,1510.84,5,2024
1481,David Baker,Accessories,Watches,2.0,2685.985,0.97,0.0,2024-03-27,Delhi,B2C,375.0,5371.97,3,2024
1482,Kristen Fuentes,Shoes,Slip-ons,2.0,1269.51,0.65,0.0,2025-03-26,Ahmedabad,B2C,480.43,2539.02,3,2025
1483,Kenneth Barry,T-Shirts,Oversized T-shirt,2.0,2347.19,0.65,0.0,2024-03-27,Bangalore,B2B,2870.3,4694.38,3,2024
1484,Judith Johnson,Jackets,Bomber Jacket,2.0,818.68,0.65,0.0,2023-12-29,Mumbai,B2B,2357.74,1637.36,12,2023
1485,Oscar Williams,Shoes,Sneakers,2.0,2685.985,0.65,0.0,2024-03-27,Hyderabad,B2B,672.88,5371.97,3,2024
1486,Gloria Orr,Jeans,Ripped Denim,6.0,2685.985,0.65,0.0,2024-03-27,Mumbai,B2B,2745.83,16115.91,3,2024
1487,Nancy Taylor,Accessories,Sunglasses,6.0,1234.08,0.71,2147.3,2024-03-15,Delhi,B2C,-849.81,7404.48,3,2024
1488,Jennifer Morales DVM,Accessories,Caps,2.0,4925.93,0.65,0.0,2024-03-27,bengaluru,B2C,2121.2,9851.86,3,2024
1489,Kimberly Hammond,Shoes,Sneakers,-2.0,2685.985,0.65,0.0,2024-03-27,Pune,B2B,2102.2,-5371.97,3,2024
1490,Wendy Hernandez,T-Shirts,Classic Tee,1.0,2685.985,0.65,0.0,2024-03-27,Delhi,B2B,230.97,2685.985,3,2024
1491,Allen Garner,Shoes,Sneakers,1.0,2685.985,0.29,0.0,2024-03-27,Bangalore,B2B,2039.1,2685.985,3,2024
1492,Richard Stephenson,T-Shirts,Classic Tee,2.0,2685.985,1.07,0.0,2024-03-27,Hyd,B2B,-308.83,5371.97,3,2024
1493,Mr. Gary Wilson,Dresses,Wrap Dress,2.0,2685.985,0.03,0.0,2024-03-27,Hyderabad,B2B,478.28,5371.97,3,2024
1494,Elizabeth Nelson,Jeans,Straight Cut,2.0,4338.06,0.24,0.0,2024-03-27,Mumbai,B2B,386.01,8676.12,3,2024
1495,James Mcguire,Accessories,Watches,2.0,2261.49,0.65,0.0,2024-03-27,bengaluru,B2C,2044.15,4522.98,3,2024
1496,Laura Myers,Jackets,Denim Jacket,-1.0,4874.76,0.65,0.0,2024-12-29,Ahmedabad,B2B,2438.13,-4874.76,12,2024
1497,Joseph Anderson,Accessories,Belts,2.0,1461.5,0.65,0.0,2024-03-27,Pune,B2C,1561.06,2923.0,3,2024
1498,Tiffany Calhoun,Jeans,Straight Cut,6.0,3771.67,0.65,0.0,2024-10-01,Mumbai,B2C,2442.42,22630.02,10,2024
1499,Lauren Ellis,T-Shirts,Crop Top,2.0,2685.985,0.65,0.0,2024-03-27,bengaluru,B2C,2116.52,5371.97,3,2024
1500,Jerry Turner,Jeans,Straight Cut,2.0,2128.74,0.65,0.0,2024-10-23,Ahmedabad,B2B,-648.94,4257.48,10,2024
1501,Brian Maldonado,T-Shirts,Crop Top,-2.0,2685.985,0.65,0.0,2024-03-27,bengaluru,B2B,-957.83,-5371.97,3,2024
1502,Randy Robertson,Dresses,Bodycon,2.0,4260.95,0.65,0.0,2024-03-27,Delhi,B2B,-86.64,8521.9,3,2024
1503,Linda Allen,T-Shirts,Oversized T-shirt,2.0,4621.79,0.32,6285.63,2024-03-27,Delhi,B2C,1350.48,9243.58,3,2024
1504,James Matthews,Shoes,Loafers,2.0,2558.43,0.65,0.0,2024-03-27,bengaluru,B2B,-360.49,5116.86,3,2024
1048,Angela Newman,Accessories,Watches,2.0,1316.64,0.65,0.0,2023-08-13,Bangalore,B2C,1390.52,2633.28,8,2023
1506,Robert Brooks,T-Shirts,Crop Top,2.0,2685.985,0.65,0.0,2024-03-27,Bangalore,B2C,1406.62,5371.97,3,2024
1507,Michael Smith,Jackets,Puffer Coat,2.0,3597.73,0.65,0.0,2024-03-27,Delhi,B2B,-857.53,7195.46,3,2024
1508,Justin Dean,Dresses,Bodycon,-1.0,2685.985,0.65,0.0,2024-03-27,Ahmedabad,B2B,1796.35,-2685.985,3,2024
1509,Rachel Johnston,Dresses,Bodycon,2.0,2685.985,0.28,0.0,2024-03-27,bengaluru,B2B,1333.87,5371.97,3,2024
1510,Susan Bird,T-Shirts,Graphic Tee,2.0,1897.11,0.65,0.0,2024-03-27,Delhi,B2C,-345.3,3794.22,3,2024
1511,Michael Ruiz,Jackets,Puffer Coat,2.0,2685.985,0.93,0.0,2024-03-27,Hyderabad,B2B,-521.84,5371.97,3,2024
1512,Sarah Stokes,Accessories,Sunglasses,2.0,2685.985,0.65,0.0,2024-06-15,Delhi,B2C,352.91,5371.97,6,2024
1513,Laura Simmons,Jackets,Leather Jacket,6.0,2685.985,0.65,0.0,2024-04-20,Delhi,B2C,156.52,16115.91,4,2024
1514,Kenneth Mcdaniel,T-Shirts,Oversized T-shirt,2.0,2343.72,0.65,0.0,2024-03-27,Mumbai,B2B,-760.9,4687.44,3,2024
1515,Lauren Bailey,Accessories,Sunglasses,3.0,4596.03,0.65,0.0,2024-03-27,Delhi,B2B,-866.29,13788.09,3,2024
1516,Brittany Munoz,Dresses,Casual Midi,-1.0,1039.31,0.94,-62.36,2024-03-27,Ahmedabad,B2B,-104.79,-1039.31,3,2024
1517,Benjamin Lutz,Jeans,Slim Fit Jeans,2.0,4944.25,0.65,0.0,2024-03-27,Ahmedabad,B2B,-157.21,9888.5,3,2024
1518,Andrew Williams,Jeans,Slim Fit Jeans,2.0,706.71,0.65,0.0,2024-03-27,Delhi,B2B,-285.44,1413.42,3,2024
1519,Jennifer Alvarado,Accessories,Belts,1.0,3762.86,0.65,0.0,2024-03-27,Mumbai,B2B,2567.73,3762.86,3,2024
1520,James Taylor,T-Shirts,Crop Top,4.0,2685.985,0.71,0.0,2024-03-27,Mumbai,B2B,-822.18,10743.94,3,2024
1521,Krista Nichols,Jeans,Straight Cut,2.0,2362.03,1.27,0.0,2024-03-27,Hyderabad,B2B,-943.46,4724.06,3,2024
1522,Juan Rogers,Accessories,Sunglasses,6.0,2685.985,0.44,0.0,2024-07-30,bengaluru,B2B,547.09,16115.91,7,2024
1523,Bradley Rogers,T-Shirts,Oversized T-shirt,-2.0,2685.985,0.13,0.0,2023-12-16,Ahmedabad,B2B,1475.12,-5371.97,12,2023
1524,Cameron Bowen,Dresses,Wrap Dress,2.0,2685.985,0.47,0.0,2024-03-27,Hyd,B2C,2668.06,5371.97,3,2024
1525,David Morales,Accessories,Watches,5.0,4591.26,0.65,0.0,2024-03-27,Hyderabad,B2B,-602.8,22956.300000000003,3,2024
1526,Rachel Rios,Shoes,Sneakers,2.0,1884.25,0.65,0.0,2024-03-27,Bangalore,B2B,1177.57,3768.5,3,2024
1527,Mary Campos,Jeans,Slim Fit Jeans,2.0,3431.26,0.65,0.0,2023-08-15,Bangalore,B2C,1931.28,6862.52,8,2023
1026,Jacob Morris,T-Shirts,Crop Top,0.0,2685.985,0.65,0.0,2023-10-31,Delhi,B2B,2916.18,0.0,10,2023
1529,John Robinson,T-Shirts,Classic Tee,2.0,3381.7,0.65,0.0,2025-03-18,Delhi,B2B,2953.76,6763.4,3,2025
1530,Michael Erickson,Jackets,Denim Jacket,6.0,2685.985,0.65,0.0,2024-03-27,Hyd,B2C,1451.55,16115.91,3,2024
1531,Yesenia Thompson,Jeans,Ripped Denim,2.0,2685.985,0.37,0.0,2024-03-27,Ahmedabad,B2B,-173.83,5371.97,3,2024
1532,Teresa Davis,T-Shirts,Oversized T-shirt,2.0,2685.985,0.33,0.0,2023-08-29,Mumbai,B2B,2512.66,5371.97,8,2023
1533,Mark Reed,Dresses,Bodycon,2.0,3965.94,0.65,0.0,2024-03-27,Mumbai,B2B,-759.07,7931.88,3,2024
1534,Colin Lewis,T-Shirts,Graphic Tee,2.0,2685.985,0.65,0.0,2024-03-27,Delhi,B2B,-836.06,5371.97,3,2024
1535,Austin Barrett,Accessories,Caps,2.0,720.35,0.65,0.0,2023-12-22,Bangalore,B2B,1359.17,1440.7,12,2023
1536,Mark Compton,Dresses,Bodycon,1.0,2685.985,0.65,0.0,2024-03-27,Delhi,B2B,1966.62,2685.985,3,2024
1537,Jonathan Holmes,Jeans,Ripped Denim,-1.0,2685.985,0.9,0.0,2024-03-27,Bangalore,B2B,68.26,-2685.985,3,2024
1538,Sabrina Barnett,Dresses,Bodycon,2.0,4767.61,0.01,0.0,2024-03-27,Ahmedabad,B2B,-956.8,9535.22,3,2024
1539,Sheryl Davis,Jeans,Straight Cut,2.0,2891.64,0.65,0.0,2024-03-27,Mumbai,B2B,2309.23,5783.28,3,2024
1540,Kurt Murillo,Jackets,Puffer Coat,2.0,2685.985,0.65,0.0,2024-03-27,Ahmedabad,B2B,815.28,5371.97,3,2024
1541,Michael Hodge,Accessories,Caps,2.0,2989.4,0.65,0.0,2024-03-27,Mumbai,B2C,-530.72,5978.8,3,2024
1542,Sarah Welch,Jackets,Bomber Jacket,1.0,2044.17,0.65,0.0,2024-03-27,Pune,B2B,-798.37,2044.17,3,2024
1543,Angela Young,Dresses,Bodycon,1.0,4440.24,0.32,3019.36,2024-03-27,Ahmedabad,B2B,1884.06,4440.24,3,2024
1544,Karen Contreras,Dresses,Maxi Dress,6.0,2685.985,0.65,0.0,2024-03-27,Bangalore,B2B,87.47,16115.91,3,2024
1545,Anthony Stephens,Dresses,Casual Midi,1.0,2685.985,0.65,0.0,2025-06-19,Hyd,B2B,2526.29,2685.985,6,2025
1546,Daniel Brady,T-Shirts,Oversized T-shirt,2.0,2685.985,0.65,0.0,2024-03-27,Ahmedabad,B2B,1978.16,5371.97,3,2024
1547,Carlos Rogers,Dresses,Maxi Dress,6.0,2685.985,0.95,0.0,2025-05-15,Pune,B2B,1018.03,16115.91,5,2025
1548,David Garcia,Jackets,Bomber Jacket,2.0,2273.15,0.65,0.0,2024-03-27,Ahmedabad,B2C,-701.47,4546.3,3,2024
1549,Jenna Wong,Accessories,Sunglasses,2.0,2465.23,0.42,0.0,2024-03-27,bengaluru,B2B,256.3,4930.46,3,2024
1550,Bradley Oneal,Jackets,Leather Jacket,1.0,2685.985,0.1,0.0,2024-03-27,Pune,B2C,2195.27,2685.985,3,2024
1551,Stanley Velez,Jackets,Leather Jacket,2.0,2656.77,1.05,0.0,2024-03-27,Mumbai,B2C,2293.08,5313.54,3,2024
1552,Daniel Villegas,Shoes,Slip-ons,2.0,883.76,0.65,0.0,2024-03-27,Ahmedabad,B2B,-572.62,1767.52,3,2024
1553,Denise Snyder,Accessories,Belts,1.0,2685.985,0.65,0.0,2024-03-27,Hyd,B2C,2824.43,2685.985,3,2024
1554,Christian Williamson,Shoes,Loafers,2.0,2345.71,0.65,0.0,2024-03-27,Pune,B2B,2041.71,4691.42,3,2024
1555,Linda Estrada,Accessories,Belts,2.0,2685.985,0.65,0.0,2024-03-27,Bangalore,B2C,312.38,5371.97,3,2024
1556,Courtney Page,Jeans,Boyfriend Jeans,2.0,453.92,0.65,0.0,2024-03-27,Bangalore,B2B,2308.01,907.84,3,2024
1557,Timothy Garcia,Jackets,Puffer Coat,2.0,4402.4,0.65,0.0,2024-03-27,Hyderabad,B2C,-594.21,8804.8,3,2024
1558,Jacob Williams,T-Shirts,Graphic Tee,-2.0,2685.985,0.65,0.0,2023-12-13,Pune,B2B,300.17,-5371.97,12,2023
1559,William Phillips,Jackets,Leather Jacket,2.0,2685.985,0.09,0.0,2024-03-27,Mumbai,B2C,-548.18,5371.97,3,2024
1560,Angela Graham,Accessories,Caps,2.0,2685.985,0.71,0.0,2024-03-27,Hyd,B2B,574.85,5371.97,3,2024
1561,Melissa Smith,Shoes,Sneakers,4.0,2685.985,0.65,0.0,2024-03-27,Delhi,B2B,2513.24,10743.94,3,2024
1562,Richard Harris,Accessories,Caps,2.0,2685.985,0.65,0.0,2024-03-27,Hyd,B2B,930.14,5371.97,3,2024
1563,Cassie Johnson,Dresses,Maxi Dress,5.0,1571.12,0.65,2749.46,2024-03-27,Ahmedabad,B2B,103.28,7855.599999999999,3,2024
1564,Jerome Martinez,Jeans,Boyfriend Jeans,2.0,2685.985,0.67,0.0,2024-03-27,Pune,B2C,-953.17,5371.97,3,2024
1565,Angel Gonzalez,Accessories,Caps,2.0,1867.24,0.19,0.0,2024-03-27,Pune,B2B,784.96,3734.48,3,2024
1566,Brooke Garcia,Jackets,Puffer Coat,2.0,1696.72,0.65,0.0,2024-03-27,Ahmedabad,B2B,953.07,3393.44,3,2024
1567,Andre Stone,Accessories,Belts,2.0,2685.985,0.65,0.0,2024-03-27,Hyderabad,B2B,2545.25,5371.97,3,2024
1568,Toni Marquez,Jeans,Ripped Denim,6.0,2685.985,0.65,0.0,2024-03-27,Delhi,B2C,2403.01,16115.91,3,2024
1569,David Weaver,Dresses,Maxi Dress,1.0,2685.985,0.02,0.0,2025-04-26,Ahmedabad,B2B,576.66,2685.985,4,2025
1570,William Aguilar,Jackets,Leather Jacket,1.0,4774.77,0.96,190.99,2024-03-27,Mumbai,B2C,-146.17,4774.77,3,2024
1571,William James,Jackets,Denim Jacket,3.0,1308.06,0.65,0.0,2024-03-27,Pune,B2C,-246.91,3924.18,3,2024
1572,Ross Taylor,Jackets,Leather Jacket,4.0,2685.985,0.82,0.0,2024-03-27,Delhi,B2B,534.6,10743.94,3,2024
1573,Jeff Weaver,Jeans,Ripped Denim,2.0,3972.78,0.65,0.0,2024-03-27,Hyderabad,B2B,-902.58,7945.56,3,2024
1574,Megan Rodriguez,Accessories,Belts,-1.0,2685.985,0.65,0.0,2024-03-27,Ahmedabad,B2B,-803.35,-2685.985,3,2024
1575,Aaron Patel,T-Shirts,Graphic Tee,2.0,615.07,0.65,0.0,2024-03-27,Ahmedabad,B2B,638.16,1230.14,3,2024
1576,Rick Moran,Jackets,Denim Jacket,1.0,1882.14,0.6,752.86,2024-03-27,Ahmedabad,B2B,2554.79,1882.14,3,2024
1010,Dalton Logan,Dresses,Casual Midi,2.0,3134.69,0.07,5830.52,2024-03-27,Delhi,B2B,555.44,6269.38,3,2024
1578,Lauren Pearson,Dresses,Maxi Dress,2.0,2685.985,0.65,0.0,2024-07-26,bengaluru,B2C,2604.12,5371.97,7,2024
1579,Wesley Harper,Shoes,Boots,3.0,2685.985,0.65,0.0,2024-03-27,Hyd,B2B,-155.77,8057.955,3,2024
1580,Faith Ray,Dresses,Wrap Dress,2.0,2685.985,0.65,0.0,2024-03-27,Hyd,B2B,-364.57,5371.97,3,2024
1581,Donald Brown,Jeans,Straight Cut,2.0,2685.985,0.65,0.0,2024-03-27,Delhi,B2B,1109.06,5371.97,3,2024
1582,David Noble,Jeans,Slim Fit Jeans,1.0,4809.9,0.92,384.79,2024-03-27,Mumbai,B2B,-356.01,4809.9,3,2024
1583,Anthony Calhoun,Dresses,Casual Midi,2.0,2685.985,0.65,0.0,2024-03-29,Pune,B2B,829.03,5371.97,3,2024
1584,Bryan Hughes,Dresses,Bodycon,5.0,2685.985,0.15,0.0,2024-03-27,Ahmedabad,B2B,2853.8,13429.925000000001,3,2024
1585,Tina Keith,Shoes,Sneakers,-2.0,2738.72,0.89,-602.52,2024-11-11,Delhi,B2B,-709.13,-5477.44,11,2024
1586,Scott Carroll,Shoes,Loafers,2.0,2685.985,0.78,0.0,2024-03-27,Pune,B2B,1765.79,5371.97,3,2024
1587,Leslie Jones,Shoes,Loafers,-1.0,2685.985,0.65,0.0,2024-03-27,Mumbai,B2C,1376.9,-2685.985,3,2024
1588,Amanda Wilkinson,Accessories,Sunglasses,1.0,2685.985,0.65,0.0,2024-03-27,Delhi,B2B,526.32,2685.985,3,2024
1589,Scott Davis,Shoes,Loafers,2.0,527.07,0.45,0.0,2024-03-27,Mumbai,B2C,2617.99,1054.14,3,2024
1590,Jesse Kennedy,Dresses,Maxi Dress,6.0,2685.985,0.67,0.0,2024-03-27,Bangalore,B2B,-104.43,16115.91,3,2024
1591,Bradley Lewis,T-Shirts,Graphic Tee,2.0,2685.985,0.65,0.0,2024-03-27,Mumbai,B2B,158.05,5371.97,3,2024
1592,Casey Sparks,Shoes,Sneakers,5.0,2685.985,0.52,0.0,2024-12-31,Mumbai,B2B,619.25,13429.925000000001,12,2024
1593,Kristen Hernandez,T-Shirts,Graphic Tee,2.0,2685.985,0.65,0.0,2024-03-27,Mumbai,B2B,2598.93,5371.97,3,2024
1594,Patrick Garza,Jeans,Straight Cut,2.0,3784.99,0.65,0.0,2024-03-27,Bangalore,B2B,346.37,7569.98,3,2024
1595,Ronald Mcdaniel,Dresses,Bodycon,2.0,2685.985,0.65,0.0,2024-03-27,Mumbai,B2C,1483.7,5371.97,3,2024
1596,Mark Campbell,Jackets,Puffer Coat,3.0,738.29,0.65,0.0,2024-03-27,Ahmedabad,B2B,-871.38,2214.87,3,2024
1597,Linda Ross,T-Shirts,Crop Top,1.0,657.51,0.77,151.23,2024-03-27,Delhi,B2C,2744.32,657.51,3,2024
1598,Amanda Wilson,Jackets,Denim Jacket,2.0,3311.31,0.65,0.0,2024-03-27,Pune,B2B,2944.25,6622.62,3,2024
1599,Jeffery Elliott,Jackets,Bomber Jacket,2.0,2685.985,0.65,0.0,2025-04-03,Mumbai,B2B,790.51,5371.97,4,2025
1600,Sonya Burke,Accessories,Watches,2.0,2685.985,0.65,0.0,2023-08-18,Ahmedabad,B2B,-605.06,5371.97,8,2023
1601,Samuel Cortez,Accessories,Belts,2.0,2685.985,0.65,0.0,2024-03-27,Mumbai,B2B,1282.26,5371.97,3,2024
1602,Scott Lewis,Dresses,Wrap Dress,2.0,4256.43,0.65,0.0,2025-05-27,bengaluru,B2B,2472.73,8512.86,5,2025
1603,Lisa Carter,Jackets,Bomber Jacket,2.0,2685.985,1.05,0.0,2024-03-27,Ahmedabad,B2B,2700.72,5371.97,3,2024
1604,Gloria Phillips,T-Shirts,Graphic Tee,2.0,2685.985,0.65,0.0,2024-03-27,Bangalore,B2B,2976.74,5371.97,3,2024
1605,Michele Ortiz,Accessories,Watches,0.0,2685.985,0.47,0.0,2024-03-27,Hyderabad,B2C,-339.59,0.0,3,2024
1606,Jeremy Dickson,T-Shirts,Graphic Tee,6.0,2685.985,0.65,0.0,2024-03-27,Delhi,B2B,-527.18,16115.91,3,2024
1607,Matthew Marshall,Shoes,Loafers,2.0,4941.27,0.65,0.0,2023-10-08,Delhi,B2C,515.06,9882.54,10,2023
1608,Lindsay Sanchez,Shoes,Slip-ons,3.0,3536.61,0.79,2228.06,2025-02-20,Mumbai,B2C,-55.01,10609.83,2,2025
1609,Brian Flores,Shoes,Loafers,4.0,2685.985,0.65,0.0,2024-03-27,Hyd,B2C,-939.39,10743.94,3,2024
1610,Chase Torres,Jeans,Straight Cut,5.0,2685.985,0.65,0.0,2025-05-29,Hyderabad,B2B,-361.65,13429.925000000001,5,2025
1611,Victor Acosta,T-Shirts,Graphic Tee,2.0,2685.985,1.07,0.0,2024-03-27,Delhi,B2B,-351.41,5371.97,3,2024
1612,Stephanie Ferguson,Jackets,Puffer Coat,5.0,1010.24,0.65,0.0,2024-03-27,Pune,B2B,2174.98,5051.2,3,2024
1613,Anna Valdez,Accessories,Watches,1.0,1575.26,0.65,0.0,2024-03-27,Delhi,B2C,-641.72,1575.26,3,2024
1614,Robert Ingram,Accessories,Sunglasses,-1.0,2685.985,0.65,0.0,2024-03-27,Mumbai,B2B,319.85,-2685.985,3,2024
1615,Joel Fitzpatrick,Dresses,Casual Midi,6.0,4962.7,0.02,29180.68,2023-08-04,Hyd,B2C,61.6,29776.199999999997,8,2023
1616,Louis Owens,Shoes,Loafers,2.0,4443.82,0.65,0.0,2023-10-13,bengaluru,B2C,1611.45,8887.64,10,2023
1617,Shelby Alvarez,Jeans,Boyfriend Jeans,2.0,1144.47,0.65,0.0,2024-03-10,Pune,B2C,-863.76,2288.94,3,2024
1618,Leslie Morton,Dresses,Wrap Dress,2.0,2685.985,0.85,0.0,2023-08-24,Mumbai,B2B,2113.08,5371.97,8,2023
1619,Anne Johnson,Jeans,Straight Cut,2.0,1470.99,0.7,0.0,2024-12-14,Bangalore,B2B,-668.13,2941.98,12,2024
1620,John Garcia,Dresses,Maxi Dress,6.0,2685.985,1.17,0.0,2024-03-27,Delhi,B2B,1796.21,16115.91,3,2024
1621,Scott Webb,T-Shirts,Classic Tee,6.0,639.67,0.65,0.0,2024-03-27,Hyd,B2B,1599.1,3838.0199999999995,3,2024
1622,Sarah Griffin,Shoes,Slip-ons,1.0,2685.985,0.65,0.0,2024-03-27,bengaluru,B2C,-880.92,2685.985,3,2024
1033,Kimberly Gomez,T-Shirts,Classic Tee,2.0,3369.55,0.65,0.0,2024-03-27,Pune,B2C,1927.24,6739.1,3,2024
1624,Mark Mendoza,Jeans,Slim Fit Jeans,5.0,977.2,0.65,0.0,2024-03-27,Pune,B2B,1003.06,4886.0,3,2024
1625,Edwin Brennan,Accessories,Watches,0.0,735.97,0.26,0.0,2024-03-27,Delhi,B2B,1690.22,0.0,3,2024
1626,Jennifer Olsen,Dresses,Maxi Dress,2.0,4695.15,0.65,0.0,2024-03-27,Pune,B2C,1584.44,9390.3,3,2024
1004,Heather Gordon,Jeans,Ripped Denim,6.0,987.35,0.65,0.0,2024-03-27,Mumbai,B2B,-108.36,5924.1,3,2024
1628,Gary Simon,Dresses,Bodycon,1.0,3345.58,0.26,2475.73,2024-04-15,Hyd,B2B,2274.54,3345.58,4,2024
1629,Dr. Daniel Sanchez,Shoes,Boots,2.0,829.14,0.65,0.0,2024-03-27,Ahmedabad,B2C,2172.06,1658.28,3,2024
1630,Taylor Duran,Jeans,Ripped Denim,2.0,2393.14,1.0,0.0,2023-09-09,bengaluru,B2B,715.08,4786.28,9,2023
1631,Michelle French,Dresses,Casual Midi,2.0,2685.985,0.65,0.0,2025-06-13,Hyd,B2C,186.7,5371.97,6,2025
1632,Wesley Brown,Jackets,Bomber Jacket,2.0,2618.69,0.11,0.0,2024-03-27,Pune,B2C,130.89,5237.38,3,2024
1633,Ryan Taylor,Jackets,Bomber Jacket,2.0,4599.41,0.65,0.0,2024-12-25,Delhi,B2B,182.46,9198.82,12,2024
1634,Catherine Brock,Jackets,Puffer Coat,2.0,2685.985,0.65,0.0,2024-03-27,Ahmedabad,B2B,108.15,5371.97,3,2024
1635,David Stuart,Accessories,Caps,2.0,2685.985,0.65,0.0,2024-03-27,Delhi,B2C,857.97,5371.97,3,2024
1636,Ryan Griffin,Jackets,Denim Jacket,-2.0,2685.985,0.65,0.0,2024-03-27,Pune,B2C,2569.59,-5371.97,3,2024
1637,Mr. Nicholas Reed,Shoes,Slip-ons,2.0,2644.73,0.65,0.0,2024-03-27,Delhi,B2B,1402.25,5289.46,3,2024
1638,Michael Smith,Jeans,Boyfriend Jeans,2.0,2685.985,0.54,0.0,2024-03-27,Mumbai,B2B,2346.22,5371.97,3,2024
1639,Jimmy Evans,Jeans,Boyfriend Jeans,2.0,4183.22,0.65,0.0,2025-07-02,Bangalore,B2B,532.81,8366.44,7,2025
1640,Matthew Moses,Accessories,Belts,2.0,2685.985,0.65,0.0,2024-03-27,Pune,B2C,1823.75,5371.97,3,2024
1641,Heather Mitchell,Accessories,Caps,2.0,1278.98,0.54,0.0,2024-03-27,Ahmedabad,B2C,34.99,2557.96,3,2024
1642,Martha Lynch,Jackets,Denim Jacket,3.0,2685.985,0.65,0.0,2024-09-10,Hyderabad,B2C,2906.72,8057.955,9,2024
1643,Alyssa Zhang,Shoes,Boots,-1.0,2685.985,0.35,0.0,2024-03-27,Bangalore,B2B,2589.43,-2685.985,3,2024
1644,Thomas Tanner,Dresses,Wrap Dress,2.0,2685.985,0.65,0.0,2024-03-27,Hyd,B2C,1343.06,5371.97,3,2024
1645,Brian Floyd,T-Shirts,Classic Tee,-2.0,2660.45,0.22,-4150.3,2023-10-08,bengaluru,B2B,-825.82,-5320.9,10,2023
1646,Cody Mahoney,Jeans,Ripped Denim,0.0,3393.47,0.38,0.0,2024-03-27,Ahmedabad,B2B,925.07,0.0,3,2024
1647,Katherine Moore,Shoes,Boots,2.0,498.95,1.19,0.0,2024-03-27,Mumbai,B2C,-433.87,997.9,3,2024
1648,Tracy Frey,Jackets,Bomber Jacket,2.0,2685.985,0.65,0.0,2024-03-27,Mumbai,B2B,-952.5,5371.97,3,2024
1649,Amy Wood,Shoes,Boots,2.0,2685.985,0.06,0.0,2024-03-27,Hyderabad,B2B,-640.58,5371.97,3,2024
1650,Anne Hall,Dresses,Wrap Dress,2.0,2685.985,0.96,0.0,2024-03-27,Mumbai,B2B,1943.2,5371.97,3,2024
1651,Jennifer White MD,Shoes,Sneakers,3.0,2685.985,0.05,0.0,2024-03-27,Mumbai,B2B,-551.78,8057.955,3,2024
1652,Richard Hayes,Dresses,Maxi Dress,2.0,2375.56,0.59,0.0,2024-03-27,Hyderabad,B2B,2699.88,4751.12,3,2024
1653,Benjamin Johnson,Jackets,Denim Jacket,2.0,2563.6,0.88,0.0,2024-03-27,Mumbai,B2B,516.95,5127.2,3,2024
1654,Andrew Clark,Accessories,Caps,1.0,2685.985,0.65,0.0,2024-03-27,Ahmedabad,B2B,1433.43,2685.985,3,2024
1655,Anthony Kent,Jeans,Boyfriend Jeans,5.0,1385.86,0.71,2009.5,2024-03-27,Mumbai,B2C,1839.94,6929.299999999999,3,2024
1656,John Lopez,Shoes,Slip-ons,2.0,2685.985,0.65,0.0,2024-03-27,Delhi,B2B,1872.27,5371.97,3,2024
1657,Christopher Vargas,Jeans,Ripped Denim,2.0,2685.985,0.65,0.0,2024-03-27,Bangalore,B2B,2507.93,5371.97,3,2024
1658,Ryan Weaver,Jackets,Puffer Coat,2.0,2685.985,0.65,0.0,2024-03-27,bengaluru,B2B,2996.16,5371.97,3,2024
1659,Robert Richards,Shoes,Sneakers,2.0,1014.86,0.31,0.0,2024-03-27,Pune,B2C,-379.55,2029.72,3,2024
1660,Harold Smith,Jeans,Slim Fit Jeans,2.0,2685.985,1.1,0.0,2024-03-27,Mumbai,B2B,2345.37,5371.97,3,2024
1661,Jamie Tucker,Shoes,Boots,-2.0,2685.985,0.65,0.0,2024-03-27,Bangalore,B2B,49.2,-5371.97,3,2024
1662,Christine Burton MD,Accessories,Belts,6.0,2685.985,0.96,0.0,2024-03-27,Ahmedabad,B2C,665.51,16115.91,3,2024
1663,Miguel Odonnell,Shoes,Loafers,3.0,2685.985,0.65,0.0,2024-03-27,Bangalore,B2B,2091.53,8057.955,3,2024
1664,Keith Martinez,Shoes,Boots,-1.0,2685.985,0.65,0.0,2025-05-20,Hyd,B2B,844.94,-2685.985,5,2025
1665,Christopher Merritt DVM,T-Shirts,Crop Top,2.0,4504.03,0.65,0.0,2024-03-27,Delhi,B2C,1488.95,9008.06,3,2024
1666,Hannah Santos,Jeans,Straight Cut,2.0,973.63,0.65,0.0,2024-11-13,Delhi,B2C,-148.67,1947.26,11,2024
1667,Taylor Pugh,Shoes,Sneakers,2.0,4021.0,0.65,0.0,2024-03-27,Mumbai,B2B,2323.66,8042.0,3,2024
1668,Miranda Holland,Jeans,Boyfriend Jeans,2.0,2534.08,0.65,0.0,2024-03-27,Hyderabad,B2B,941.2,5068.16,3,2024
1669,Brooke Dillon,Shoes,Boots,0.0,1838.63,0.65,0.0,2024-03-27,Pune,B2C,-524.25,0.0,3,2024
1670,Jennifer Scott,T-Shirts,Classic Tee,2.0,2685.985,0.69,0.0,2024-08-14,Hyderabad,B2B,462.22,5371.97,8,2024
1671,Elizabeth Ross,Jeans,Slim Fit Jeans,2.0,4417.34,0.65,0.0,2024-03-27,Ahmedabad,B2B,-72.28,8834.68,3,2024
1672,Paul Krueger,Accessories,Belts,5.0,2685.985,0.65,0.0,2024-03-27,Delhi,B2B,-587.27,13429.925000000001,3,2024
1673,Sierra Evans,Accessories,Watches,2.0,3992.21,0.67,0.0,2024-03-27,Mumbai,B2B,617.12,7984.42,3,2024
1674,Jonathan Wagner,Jeans,Straight Cut,2.0,2685.985,0.19,0.0,2024-03-27,Bangalore,B2B,-680.26,5371.97,3,2024
1675,Samuel Wiley,Dresses,Casual Midi,2.0,2685.985,0.65,0.0,2025-05-01,Mumbai,B2C,340.43,5371.97,5,2025
1676,Kristine Khan,Dresses,Maxi Dress,0.0,4351.82,0.65,0.0,2024-03-27,Bangalore,B2B,1818.14,0.0,3,2024
1677,Amy Stewart,Jackets,Bomber Jacket,2.0,4639.86,0.69,0.0,2023-10-10,Hyderabad,B2B,1323.79,9279.72,10,2023
1048,Michael Keller,Accessories,Watches,4.0,1429.93,0.65,0.0,2024-03-27,Ahmedabad,B2B,1844.84,5719.72,3,2024
1679,Justin Rose,T-Shirts,Classic Tee,1.0,4198.5,0.65,0.0,2024-07-21,Pune,B2B,2518.86,4198.5,7,2024
1680,Ryan Becker,Jeans,Straight Cut,2.0,2685.985,0.65,0.0,2024-09-26,Ahmedabad,B2B,2873.92,5371.97,9,2024
1681,Jessica Lara,Dresses,Maxi Dress,2.0,2685.985,0.26,0.0,2024-02-15,Ahmedabad,B2B,-579.16,5371.97,2,2024
1682,Sophia Fischer,Accessories,Sunglasses,5.0,4307.08,1.26,-5599.2,2024-03-27,Delhi,B2C,961.46,21535.4,3,2024
1683,Tracy Taylor,Jeans,Ripped Denim,2.0,1743.64,0.65,0.0,2024-03-27,Pune,B2C,32.33,3487.28,3,2024
1684,Mark Silva,Dresses,Maxi Dress,-2.0,3537.97,0.26,-5236.2,2024-03-27,bengaluru,B2B,1385.75,-7075.94,3,2024
1685,Johnny Berg,Dresses,Bodycon,4.0,2685.985,0.65,0.0,2024-03-27,Hyderabad,B2B,1108.04,10743.94,3,2024
1686,Christine Cox,Jeans,Boyfriend Jeans,1.0,2685.985,0.06,0.0,2024-03-27,Pune,B2B,718.58,2685.985,3,2024
1687,Andrew Harris,Jackets,Denim Jacket,2.0,2685.985,0.65,0.0,2024-03-27,Hyderabad,B2B,1132.23,5371.97,3,2024
1688,Donna Winters,Accessories,Watches,2.0,4177.86,0.65,0.0,2024-03-27,Hyd,B2B,2610.69,8355.72,3,2024
1689,Travis Washington,T-Shirts,Oversized T-shirt,2.0,1193.48,0.65,0.0,2024-03-27,Pune,B2B,2629.51,2386.96,3,2024
1690,Mary Tran,Jackets,Puffer Coat,5.0,1941.39,0.54,4465.2,2025-03-04,Delhi,B2C,206.95,9706.95,3,2025
1691,Kathryn Hardy,Shoes,Boots,6.0,2878.51,0.65,0.0,2024-03-27,Mumbai,B2B,2503.51,17271.06,3,2024
1692,Robert Willis,T-Shirts,Oversized T-shirt,2.0,2509.38,0.67,0.0,2024-03-27,Ahmedabad,B2C,39.25,5018.76,3,2024
1693,Dylan Townsend,Jackets,Leather Jacket,1.0,2685.985,0.65,0.0,2024-03-27,bengaluru,B2C,2028.4,2685.985,3,2024
1694,Kenneth Garcia,Jeans,Boyfriend Jeans,2.0,2685.985,0.65,0.0,2024-03-27,Hyderabad,B2B,264.6,5371.97,3,2024
1695,Lance Gonzales,Jackets,Leather Jacket,2.0,3785.14,0.65,0.0,2024-03-27,Mumbai,B2C,-982.7,7570.28,3,2024
1696,Noah Wade,Shoes,Sneakers,2.0,532.47,0.65,0.0,2024-03-27,Mumbai,B2B,666.49,1064.94,3,2024
1697,Sandra Peterson,Accessories,Belts,2.0,1758.97,0.65,0.0,2024-03-27,Delhi,B2B,2026.97,3517.94,3,2024
1698,Megan Mays,Shoes,Loafers,2.0,2111.87,0.65,0.0,2024-07-29,Hyderabad,B2C,-621.0,4223.74,7,2024
1699,Linda Long,Shoes,Sneakers,6.0,701.16,0.65,0.0,2024-03-27,Delhi,B2C,2632.17,4206.96,3,2024
1700,Ronald Arias,T-Shirts,Oversized T-shirt,2.0,3332.06,0.47,0.0,2024-03-27,Mumbai,B2B,1969.67,6664.12,3,2024
1701,Susan Lambert,Dresses,Wrap Dress,2.0,3402.47,1.05,-340.25,2024-03-27,Ahmedabad,B2B,1713.45,6804.94,3,2024
1702,Christopher Patrick,Shoes,Sneakers,2.0,792.36,0.65,0.0,2024-03-27,Ahmedabad,B2B,990.35,1584.72,3,2024
1703,Joy Garcia,Jeans,Slim Fit Jeans,2.0,2685.985,0.92,0.0,2024-03-27,Pune,B2B,-96.41,5371.97,3,2024
1704,Ryan Jordan,T-Shirts,Classic Tee,2.0,2685.985,0.47,0.0,2024-03-27,bengaluru,B2B,2611.36,5371.97,3,2024
1705,Cynthia Conway,Shoes,Sneakers,-2.0,4170.76,0.65,0.0,2025-05-12,bengaluru,B2B,826.76,-8341.52,5,2025
1706,Sarah Thompson,Jackets,Denim Jacket,5.0,4827.89,0.84,3862.31,2024-03-27,Ahmedabad,B2C,2824.1,24139.45,3,2024
1707,Jack Phelps,Jackets,Puffer Coat,6.0,2685.985,0.65,0.0,2024-03-27,Mumbai,B2B,1903.2,16115.91,3,2024
1708,Willie Hodge,Accessories,Sunglasses,0.0,2685.985,0.55,0.0,2024-03-27,Delhi,B2B,1400.39,0.0,3,2024
1709,Jerry Carroll,Jackets,Denim Jacket,5.0,1717.79,0.65,0.0,2024-09-28,Ahmedabad,B2B,2264.16,8588.95,9,2024
1710,Michael Allen,Accessories,Watches,-1.0,2685.985,0.45,0.0,2024-10-11,Ahmedabad,B2C,-333.46,-2685.985,10,2024
1711,Zachary Phillips,Accessories,Watches,2.0,2685.92,0.65,0.0,2024-03-27,Pune,B2B,2804.29,5371.84,3,2024
1712,Ricardo Moran,Accessories,Belts,-1.0,2386.58,0.65,0.0,2024-03-27,Pune,B2B,1879.59,-2386.58,3,2024
1713,Ms. Sheila Ward,T-Shirts,Graphic Tee,2.0,2685.985,0.65,0.0,2024-03-27,Pune,B2C,832.34,5371.97,3,2024
1714,Stephen Allen,T-Shirts,Graphic Tee,2.0,2685.985,0.65,0.0,2024-03-27,Hyderabad,B2C,-746.03,5371.97,3,2024
1715,Austin Reilly,Accessories,Watches,2.0,3863.51,0.65,0.0,2024-03-27,Mumbai,B2C,-830.55,7727.02,3,2024
1716,Michael Crawford,Dresses,Casual Midi,2.0,980.17,0.65,0.0,2024-03-27,Mumbai,B2B,275.05,1960.34,3,2024
1717,Marie Nelson,T-Shirts,Crop Top,4.0,1279.2,0.27,3735.26,2024-11-15,Delhi,B2C,453.7,5116.8,11,2024
1718,Christina Meyers,Jackets,Denim Jacket,5.0,3988.99,0.65,0.0,2025-05-25,Hyderabad,B2C,1430.08,19944.949999999997,5,2025
1719,Lisa Vang,Jeans,Boyfriend Jeans,3.0,4407.79,0.64,4760.41,2025-03-15,Delhi,B2B,1150.06,13223.369999999999,3,2025
1720,Dylan Armstrong,Jackets,Leather Jacket,3.0,3667.54,0.57,4731.13,2023-07-31,Ahmedabad,B2B,459.43,11002.619999999999,7,2023
1721,Stephen Berry,Dresses,Wrap Dress,2.0,2685.985,0.65,0.0,2024-03-27,Delhi,B2C,788.55,5371.97,3,2024
1722,David Vincent,Jackets,Bomber Jacket,2.0,2685.985,0.85,0.0,2024-03-27,Mumbai,B2C,1010.08,5371.97,3,2024
1723,Mary Singh,Dresses,Bodycon,4.0,2685.985,0.2,0.0,2024-03-27,Ahmedabad,B2B,351.59,10743.94,3,2024
1724,Robin Hughes,Jeans,Ripped Denim,2.0,2047.6,0.92,0.0,2024-09-21,Bangalore,B2B,123.78,4095.2,9,2024
1725,Jonathan Schmidt,Dresses,Maxi Dress,3.0,671.5,0.65,0.0,2024-03-27,Hyderabad,B2B,1938.72,2014.5,3,2024
1726,Grace Montoya,Dresses,Bodycon,5.0,1363.51,1.26,-1772.56,2024-03-27,Bangalore,B2C,2854.74,6817.55,3,2024
1727,Ashley Nguyen,Accessories,Watches,5.0,2685.985,0.76,0.0,2024-03-27,Mumbai,B2B,1252.83,13429.925000000001,3,2024
1728,Paige Lee,Shoes,Loafers,1.0,733.15,0.27,535.2,2024-03-27,Ahmedabad,B2B,273.12,733.15,3,2024
1729,Beth Wolfe,Jeans,Boyfriend Jeans,2.0,416.58,0.65,0.0,2024-03-27,Bangalore,B2B,-765.44,833.16,3,2024
1730,Jessica Carr,Dresses,Wrap Dress,0.0,3933.55,0.65,0.0,2024-03-27,bengaluru,B2C,2728.66,0.0,3,2024
1731,Becky Gordon,Jackets,Leather Jacket,2.0,2685.985,1.0,0.0,2024-03-27,Mumbai,B2B,2108.61,5371.97,3,2024
1732,Mary Kline,Dresses,Wrap Dress,5.0,4982.68,0.65,0.0,2023-11-06,Mumbai,B2B,2239.42,24913.4,11,2023
1733,Selena Baker,Jackets,Bomber Jacket,-2.0,721.25,0.65,0.0,2025-01-29,Delhi,B2B,-936.38,-1442.5,1,2025
1734,Mr. Lawrence Parks,Jackets,Leather Jacket,0.0,2685.985,0.65,0.0,2025-01-30,Hyderabad,B2B,-461.7,0.0,1,2025
1735,Martha Fitzgerald,Jackets,Puffer Coat,4.0,2685.985,1.06,0.0,2024-03-27,Mumbai,B2B,2607.43,10743.94,3,2024
1736,Alexandria Smith,Jackets,Puffer Coat,2.0,1144.47,0.09,0.0,2024-08-07,bengaluru,B2B,1236.62,2288.94,8,2024
1737,Nicholas Fisher,Dresses,Casual Midi,5.0,2220.47,0.65,0.0,2024-03-27,Pune,B2C,-156.87,11102.349999999999,3,2024
1738,Barbara Patel,T-Shirts,Classic Tee,2.0,1171.19,0.65,0.0,2025-02-10,Ahmedabad,B2C,2205.44,2342.38,2,2025
1739,Brent Rios,Jackets,Denim Jacket,3.0,963.18,0.65,0.0,2024-03-27,Mumbai,B2B,-114.6,2889.54,3,2024
1740,Jesus Ramirez,Jeans,Slim Fit Jeans,2.0,2685.985,0.65,0.0,2025-06-24,Ahmedabad,B2B,796.49,5371.97,6,2025
1741,Jennifer Dominguez,T-Shirts,Graphic Tee,1.0,1762.56,0.98,35.25,2024-01-13,Ahmedabad,B2B,1217.93,1762.56,1,2024
1742,Evan Huynh,Jeans,Ripped Denim,2.0,2685.985,0.03,0.0,2024-03-27,Bangalore,B2C,-222.56,5371.97,3,2024
1743,Valerie Perry,T-Shirts,Crop Top,2.0,2685.985,0.65,0.0,2024-03-27,Pune,B2C,1490.6,5371.97,3,2024
1744,Michelle Johnson,Shoes,Boots,2.0,2685.985,0.65,0.0,2024-04-07,Mumbai,B2C,1939.6,5371.97,4,2024
1745,Kimberly Harrington,T-Shirts,Graphic Tee,4.0,2685.985,0.43,0.0,2024-07-17,Bangalore,B2B,723.22,10743.94,7,2024
1746,Stephanie Harrington,Jeans,Slim Fit Jeans,2.0,2685.985,0.37,0.0,2023-09-07,bengaluru,B2B,2037.45,5371.97,9,2023
1747,Rachel Bryan,T-Shirts,Oversized T-shirt,2.0,405.37,0.65,0.0,2024-03-27,Pune,B2C,375.4,810.74,3,2024
1748,Matthew Stein,Dresses,Wrap Dress,2.0,2685.985,0.65,0.0,2024-09-12,Ahmedabad,B2B,1687.82,5371.97,9,2024
1749,Michelle Moore,Shoes,Loafers,2.0,4499.39,0.65,0.0,2024-03-27,Delhi,B2C,17.49,8998.78,3,2024
1750,Andrea Hull DDS,Dresses,Maxi Dress,2.0,2653.9,0.56,0.0,2024-03-27,Bangalore,B2B,2394.02,5307.8,3,2024
1751,Kelly Garcia,Jackets,Puffer Coat,2.0,2685.985,0.65,0.0,2024-03-27,Pune,B2B,59.73,5371.97,3,2024
1752,Kelsey King,Jeans,Slim Fit Jeans,5.0,2177.2,0.65,0.0,2024-03-27,Pune,B2B,-341.7,10886.0,3,2024
1753,Haley Herrera,Jackets,Puffer Coat,-2.0,2685.985,0.65,0.0,2023-07-30,Ahmedabad,B2B,1848.5,-5371.97,7,2023
1754,Angela Hall,Accessories,Caps,2.0,2685.985,0.57,0.0,2024-03-27,Delhi,B2B,1945.55,5371.97,3,2024
1755,Monica Flores,Shoes,Sneakers,2.0,2685.985,0.76,0.0,2024-03-27,Hyderabad,B2B,-255.22,5371.97,3,2024
1756,Sheri Steele,Shoes,Loafers,5.0,2685.985,0.65,0.0,2024-03-27,Mumbai,B2C,1627.12,13429.925000000001,3,2024
1757,Aaron Ramirez,Jeans,Slim Fit Jeans,2.0,3405.13,0.91,612.92,2024-03-27,Bangalore,B2B,1804.47,6810.26,3,2024
1758,Michael Walls,Shoes,Sneakers,2.0,1307.64,0.18,0.0,2025-03-06,Mumbai,B2B,-122.33,2615.28,3,2025
1759,Gregory Garza,T-Shirts,Crop Top,0.0,2685.985,0.65,0.0,2024-12-28,Ahmedabad,B2B,-278.65,0.0,12,2024
1760,Dustin Blackburn,Accessories,Watches,3.0,4326.6,0.65,0.0,2025-01-06,Ahmedabad,B2B,1495.82,12979.800000000001,1,2025
1761,Richard Anderson,Jackets,Leather Jacket,3.0,2685.985,0.37,0.0,2024-03-27,Mumbai,B2B,2989.57,8057.955,3,2024
1762,Richard Santiago,Jackets,Puffer Coat,2.0,1364.9,0.17,0.0,2024-03-27,Delhi,B2B,1591.99,2729.8,3,2024
1763,William Reyes,Shoes,Slip-ons,2.0,1874.56,0.65,0.0,2024-03-27,Pune,B2B,1906.32,3749.12,3,2024
1029,Lisa Moss,Jackets,Bomber Jacket,3.0,4343.12,0.65,0.0,2024-03-27,Hyderabad,B2C,2997.11,13029.36,3,2024
1765,Patrick Chen,Jeans,Straight Cut,6.0,1016.5,0.65,0.0,2024-03-27,Mumbai,B2C,-420.11,6099.0,3,2024
1766,David Wilson,Jackets,Denim Jacket,0.0,3589.19,0.65,0.0,2025-06-30,Mumbai,B2B,1880.22,0.0,6,2025
1767,Cynthia Mullen,Dresses,Maxi Dress,2.0,2151.92,0.65,0.0,2025-07-12,Mumbai,B2B,2383.83,4303.84,7,2025
1768,Sandra Jensen,Shoes,Slip-ons,5.0,3548.22,0.65,0.0,2023-07-26,Mumbai,B2B,2960.22,17741.1,7,2023
1769,John Sanders,Jackets,Leather Jacket,2.0,2685.985,1.0,0.0,2024-03-27,Delhi,B2C,989.57,5371.97,3,2024
1770,Shannon Lee,Dresses,Maxi Dress,0.0,2685.985,0.65,0.0,2023-09-28,Pune,B2B,2366.97,0.0,9,2023
1771,Ruth Bennett,Shoes,Slip-ons,-1.0,730.48,0.65,0.0,2024-03-27,Hyderabad,B2C,-162.02,-730.48,3,2024
1772,Jack Romero,Jeans,Boyfriend Jeans,2.0,2685.985,0.38,0.0,2024-03-27,Ahmedabad,B2C,545.03,5371.97,3,2024
1773,Glen Anderson,Accessories,Watches,2.0,444.82,0.51,0.0,2024-03-27,Hyderabad,B2C,1838.59,889.64,3,2024
1774,Robert Hunter DDS,Accessories,Sunglasses,3.0,4137.43,0.65,0.0,2024-03-27,Ahmedabad,B2C,895.53,12412.29,3,2024
1775,Michael Sullivan,T-Shirts,Graphic Tee,2.0,2685.985,1.01,0.0,2024-03-27,Ahmedabad,B2B,2275.55,5371.97,3,2024
1776,Martin White,Shoes,Boots,4.0,4684.98,0.65,0.0,2024-03-27,Pune,B2C,-360.88,18739.92,3,2024
1777,Emma Sharp,Dresses,Wrap Dress,2.0,2685.985,0.65,0.0,2024-04-19,Delhi,B2B,1292.09,5371.97,4,2024
1778,Dr. Brandi Stone,T-Shirts,Crop Top,5.0,2716.57,0.65,0.0,2024-03-27,Mumbai,B2C,2059.98,13582.85,3,2024
1779,Richard Williams,Jeans,Boyfriend Jeans,2.0,2685.985,0.65,0.0,2024-10-03,Hyderabad,B2B,1861.39,5371.97,10,2024
1780,Roger Hall,Jackets,Leather Jacket,2.0,2685.985,0.65,0.0,2024-03-27,Delhi,B2B,2756.02,5371.97,3,2024
1781,Roberta Thompson,Dresses,Casual Midi,2.0,2685.985,0.65,0.0,2024-03-27,Mumbai,B2B,213.46,5371.97,3,2024
1782,Jacqueline Ward,Jackets,Denim Jacket,6.0,2685.985,0.65,0.0,2024-02-28,Mumbai,B2B,1802.32,16115.91,2,2024
1783,Mrs. Denise Solis DDS,Jackets,Denim Jacket,2.0,2685.985,0.93,0.0,2024-03-27,Hyderabad,B2B,34.35,5371.97,3,2024
1784,Matthew Barajas,T-Shirts,Crop Top,4.0,2068.05,0.65,0.0,2024-03-27,Mumbai,B2C,-379.91,8272.2,3,2024
1785,Jeffery Hoover,T-Shirts,Oversized T-shirt,3.0,4103.0,0.65,0.0,2024-03-27,Hyd,B2C,567.89,12309.0,3,2024
1786,Johnny George,Shoes,Sneakers,2.0,2685.985,1.11,0.0,2024-03-27,Pune,B2B,1462.24,5371.97,3,2024
1787,Pamela Johnson,Accessories,Caps,6.0,2685.985,0.65,0.0,2024-03-27,Delhi,B2C,1294.0,16115.91,3,2024
1014,Gregory Palmer,Jeans,Slim Fit Jeans,5.0,2951.4,0.65,0.0,2024-03-27,Delhi,B2B,2811.87,14757.0,3,2024
1789,Douglas Lane,Jackets,Bomber Jacket,2.0,1433.92,0.11,0.0,2024-03-27,Hyderabad,B2C,315.07,2867.84,3,2024
1790,April Delgado,Jackets,Bomber Jacket,1.0,3268.42,0.65,0.0,2024-03-27,Delhi,B2C,259.67,3268.42,3,2024
1791,Felicia Fox,Dresses,Casual Midi,2.0,2123.69,0.69,0.0,2024-03-27,Bangalore,B2C,2894.66,4247.38,3,2024
1792,Tammy Deleon,Jeans,Boyfriend Jeans,2.0,2685.985,0.83,0.0,2024-03-27,Mumbai,B2B,-116.82,5371.97,3,2024
1793,Maria Krueger,Dresses,Maxi Dress,5.0,1887.84,0.65,0.0,2024-03-27,Ahmedabad,B2C,1275.03,9439.199999999999,3,2024
1794,Grant Juarez,Jackets,Denim Jacket,2.0,2685.985,0.65,0.0,2024-03-27,bengaluru,B2B,2115.26,5371.97,3,2024
1795,Brandon Davis,Accessories,Caps,2.0,2685.985,0.65,0.0,2025-04-22,Hyd,B2C,301.5,5371.97,4,2025
1796,Thomas Hawkins,Dresses,Maxi Dress,-1.0,2685.985,0.94,0.0,2024-03-27,Pune,B2B,-851.0,-2685.985,3,2024
1797,Dr. Emily Thomas,Dresses,Casual Midi,2.0,4305.02,0.65,0.0,2024-03-27,Ahmedabad,B2B,2296.37,8610.04,3,2024
1798,Kendra Herman,Shoes,Boots,2.0,2490.16,0.65,0.0,2024-03-27,Mumbai,B2B,905.43,4980.32,3,2024
1799,Karen Hunt,Shoes,Boots,2.0,1101.5,0.81,0.0,2024-03-27,Mumbai,B2B,-967.63,2203.0,3,2024
1800,Lisa Moore,Jackets,Puffer Coat,6.0,2685.985,0.93,0.0,2024-03-27,Mumbai,B2B,855.26,16115.91,3,2024
1801,Brian Lara,Shoes,Sneakers,-2.0,2685.985,0.65,0.0,2024-03-27,Bangalore,B2C,1463.67,-5371.97,3,2024
1802,Zachary Lee,Shoes,Slip-ons,-1.0,2685.985,0.65,0.0,2024-03-27,Delhi,B2B,-618.71,-2685.985,3,2024
1803,Robert Smith,Accessories,Sunglasses,2.0,2685.985,0.65,0.0,2024-03-27,Mumbai,B2B,409.58,5371.97,3,2024
1804,Brian Robinson,Dresses,Maxi Dress,2.0,2685.985,0.65,0.0,2024-03-27,Mumbai,B2B,1896.92,5371.97,3,2024
1036,Mark Robertson,Accessories,Sunglasses,1.0,1534.98,0.65,0.0,2024-08-01,bengaluru,B2B,2042.17,1534.98,8,2024
1806,Heather Campbell,Dresses,Maxi Dress,1.0,2685.985,0.65,0.0,2024-03-27,Pune,B2C,1003.57,2685.985,3,2024
1807,Angela Lopez,Jeans,Boyfriend Jeans,4.0,2308.12,0.65,0.0,2024-03-27,bengaluru,B2C,362.88,9232.48,3,2024
1808,Christopher Reeves,T-Shirts,Oversized T-shirt,2.0,4582.21,0.7,0.0,2024-03-27,bengaluru,B2B,-67.84,9164.42,3,2024
1809,Renee Moss,Dresses,Wrap Dress,2.0,3799.39,0.76,0.0,2024-03-27,Bangalore,B2B,-599.61,7598.78,3,2024
1810,Kevin Larson,Accessories,Sunglasses,2.0,2685.985,0.39,0.0,2024-03-27,Mumbai,B2B,-148.03,5371.97,3,2024
1811,Michael Williams,Shoes,Boots,2.0,2685.985,0.99,0.0,2024-07-19,Bangalore,B2B,1662.7,5371.97,7,2024
1812,Jo King,Jackets,Denim Jacket,2.0,2685.985,0.65,0.0,2024-03-27,Delhi,B2B,-36.38,5371.97,3,2024
1813,Jonathan Harris,Jackets,Leather Jacket,0.0,2685.985,0.65,0.0,2024-03-27,Ahmedabad,B2B,1718.02,0.0,3,2024
1814,Dennis Jacobs,T-Shirts,Oversized T-shirt,2.0,2685.985,0.65,0.0,2024-03-27,Delhi,B2B,2724.05,5371.97,3,2024
1815,Kelly Dixon,Dresses,Casual Midi,2.0,2685.985,0.65,0.0,2024-03-27,bengaluru,B2B,1057.36,5371.97,3,2024
1816,Danielle Love,T-Shirts,Graphic Tee,1.0,1130.83,0.84,180.93,2023-07-28,Hyderabad,B2B,-804.96,1130.83,7,2023
1817,Mrs. Danielle Kerr,Shoes,Slip-ons,2.0,2964.88,1.28,0.0,2024-03-27,Mumbai,B2B,591.28,5929.76,3,2024
1818,Wanda Gonzalez,Accessories,Belts,-1.0,3449.33,0.43,-1966.12,2024-03-27,Delhi,B2C,601.45,-3449.33,3,2024
1819,Kelsey King,Accessories,Watches,6.0,1761.18,0.65,0.0,2024-03-27,Mumbai,B2B,2069.36,10567.08,3,2024
1820,John Bailey,T-Shirts,Graphic Tee,5.0,1965.04,0.65,0.0,2023-07-25,Pune,B2B,20.89,9825.2,7,2023
1821,Caitlin Daniels,Jackets,Leather Jacket,2.0,2685.985,0.65,0.0,2024-03-27,Ahmedabad,B2C,403.42,5371.97,3,2024
1822,Jerry Bell,Jackets,Bomber Jacket,2.0,938.86,0.05,0.0,2024-07-06,Hyderabad,B2C,-824.79,1877.72,7,2024
1823,Michael Jackson,T-Shirts,Oversized T-shirt,2.0,3887.15,0.65,0.0,2024-03-27,Ahmedabad,B2C,2088.25,7774.3,3,2024
1824,Charlotte Reed,Accessories,Watches,0.0,4146.27,1.29,0.0,2024-02-24,Hyd,B2B,2397.93,0.0,2,2024
1825,Peter Baldwin,Jackets,Bomber Jacket,6.0,982.65,0.65,0.0,2024-03-27,Mumbai,B2B,2186.63,5895.9,3,2024
1826,Jerry Ramirez,T-Shirts,Crop Top,6.0,2685.985,0.65,0.0,2024-03-27,Delhi,B2B,413.87,16115.91,3,2024
1827,Brooke Trevino,Jeans,Straight Cut,2.0,3109.74,0.65,0.0,2024-03-27,Mumbai,B2B,-828.23,6219.48,3,2024
1828,Hannah Marquez,Dresses,Maxi Dress,2.0,4427.94,0.25,0.0,2024-03-27,Mumbai,B2B,-476.77,8855.88,3,2024
1829,Amanda Walker,Shoes,Sneakers,2.0,2685.985,0.65,0.0,2024-02-29,Delhi,B2B,1019.58,5371.97,2,2024
1830,John Russo,Dresses,Casual Midi,2.0,2685.985,0.65,0.0,2024-03-27,Pune,B2B,602.58,5371.97,3,2024
1831,Anthony Hale,Shoes,Loafers,2.0,895.34,0.65,0.0,2024-03-27,bengaluru,B2B,2150.1,1790.68,3,2024
1832,Nicole Miller,Shoes,Loafers,2.0,2685.985,0.43,0.0,2024-03-27,Ahmedabad,B2C,708.3,5371.97,3,2024
1833,Amber Smith,Dresses,Wrap Dress,3.0,3051.77,1.19,-1739.51,2024-03-27,Hyderabad,B2B,2470.55,9155.31,3,2024
1834,Amanda Ashley,Jackets,Denim Jacket,0.0,2685.985,0.94,0.0,2025-05-15,Ahmedabad,B2C,-663.74,0.0,5,2025
1835,Susan Salazar,Jeans,Ripped Denim,0.0,2685.985,0.51,0.0,2024-08-08,Hyd,B2B,1851.02,0.0,8,2024
1836,Shawn Mejia,Jeans,Straight Cut,2.0,2105.94,0.16,0.0,2024-03-27,Ahmedabad,B2B,1782.55,4211.88,3,2024
1006,Rhonda Rodriguez,Jackets,Leather Jacket,4.0,2685.985,0.65,0.0,2024-03-27,Mumbai,B2B,1663.32,10743.94,3,2024
1838,Christopher Cabrera,Dresses,Bodycon,-2.0,2685.985,0.65,0.0,2024-03-27,Pune,B2B,1657.14,-5371.97,3,2024
1839,Michael Barnes,T-Shirts,Classic Tee,2.0,2067.64,0.65,0.0,2024-03-27,bengaluru,B2B,-276.17,4135.28,3,2024
1840,Eric Carter,Accessories,Watches,0.0,1462.1,0.3,0.0,2024-03-27,Ahmedabad,B2B,59.79,0.0,3,2024
1841,Justin Wright,Jackets,Puffer Coat,2.0,2685.985,0.65,0.0,2024-03-27,Delhi,B2C,-780.96,5371.97,3,2024
1842,Kristen Vasquez,Jackets,Leather Jacket,2.0,2685.985,0.11,0.0,2024-03-27,Hyderabad,B2C,2041.06,5371.97,3,2024
1843,James Snyder,Dresses,Casual Midi,-2.0,2685.985,0.06,0.0,2024-03-27,Hyderabad,B2B,406.45,-5371.97,3,2024
1844,Maureen Adams,Accessories,Sunglasses,2.0,2685.985,0.65,0.0,2024-03-27,Delhi,B2C,1910.76,5371.97,3,2024
1845,Elizabeth Walker,T-Shirts,Crop Top,2.0,2685.985,0.12,0.0,2024-03-27,Pune,B2C,1013.64,5371.97,3,2024
1846,Ashley Malone,Accessories,Sunglasses,-1.0,694.71,0.65,0.0,2024-03-27,Ahmedabad,B2B,2991.27,-694.71,3,2024
1847,Joshua Mendoza,Dresses,Bodycon,2.0,1334.66,1.29,0.0,2024-03-27,Bangalore,B2B,2897.72,2669.32,3,2024
1848,Amy Hampton,T-Shirts,Graphic Tee,-1.0,2685.985,0.65,0.0,2024-03-27,Delhi,B2C,-56.68,-2685.985,3,2024
1849,Kelly Diaz,T-Shirts,Oversized T-shirt,2.0,927.04,0.65,0.0,2024-03-27,Ahmedabad,B2C,880.71,1854.08,3,2024
1850,Mr. Nathaniel Cox,Accessories,Belts,2.0,1307.27,1.27,0.0,2023-08-05,Hyderabad,B2B,1757.18,2614.54,8,2023
1851,Ms. Brianna Jones,Jeans,Slim Fit Jeans,5.0,1505.0,0.65,0.0,2024-03-27,bengaluru,B2B,-29.76,7525.0,3,2024
1852,Andrea Fowler,T-Shirts,Graphic Tee,2.0,1985.55,0.13,0.0,2024-04-26,Ahmedabad,B2C,1754.79,3971.1,4,2024
1853,Joseph Hall,Accessories,Watches,3.0,2862.48,0.65,0.0,2023-09-15,Ahmedabad,B2B,2555.84,8587.44,9,2023
1854,Caitlin Hawkins,Jeans,Boyfriend Jeans,2.0,3822.93,1.07,0.0,2024-03-27,Hyderabad,B2B,40.2,7645.86,3,2024
1855,Lisa Smith,T-Shirts,Crop Top,5.0,3870.85,0.65,0.0,2024-03-27,bengaluru,B2C,2313.58,19354.25,3,2024
1856,Paul Garrison,Dresses,Wrap Dress,1.0,2737.23,0.65,0.0,2024-03-27,Mumbai,B2B,2855.35,2737.23,3,2024
1857,Alfred Marsh,Accessories,Watches,2.0,2685.985,0.65,0.0,2024-03-27,Mumbai,B2B,-564.27,5371.97,3,2024
1858,Eric Cooper,Jeans,Ripped Denim,2.0,3647.61,0.65,0.0,2024-03-27,Mumbai,B2B,1789.65,7295.22,3,2024
1859,Priscilla Williams,Accessories,Sunglasses,4.0,1442.86,0.85,865.72,2024-03-27,Hyderabad,B2B,1183.93,5771.44,3,2024
1860,Michael Vasquez,Dresses,Maxi Dress,3.0,2685.985,1.15,0.0,2024-03-27,Bangalore,B2B,57.35,8057.955,3,2024
1861,Timothy Walton,Jackets,Bomber Jacket,2.0,2685.985,0.65,0.0,2024-03-27,Ahmedabad,B2B,-934.61,5371.97,3,2024
1862,Christopher Evans,Dresses,Casual Midi,5.0,4739.66,0.65,0.0,2024-03-27,Delhi,B2C,-315.41,23698.3,3,2024
1863,Angela Roberts,Shoes,Sneakers,2.0,3521.17,0.79,0.0,2024-05-07,Ahmedabad,B2B,612.84,7042.34,5,2024
1864,Cory Chambers,Accessories,Caps,4.0,1570.06,0.65,0.0,2024-02-20,Delhi,B2B,1017.26,6280.24,2,2024
1865,Ann Melton,Jackets,Leather Jacket,2.0,2496.81,0.65,0.0,2024-04-19,Hyderabad,B2B,28.7,4993.62,4,2024
1866,Dylan Roth,T-Shirts,Graphic Tee,4.0,4471.17,0.6,7153.87,2025-04-23,Pune,B2C,1335.92,17884.68,4,2025
1867,Jonathan Lambert,Dresses,Bodycon,2.0,1892.54,0.09,0.0,2024-03-27,Ahmedabad,B2C,-702.11,3785.08,3,2024
1868,Heather Graves,Shoes,Boots,2.0,2685.985,0.65,0.0,2024-03-27,Delhi,B2B,182.74,5371.97,3,2024
1869,Andrew Martinez,Jackets,Denim Jacket,2.0,2685.985,0.65,0.0,2024-03-27,Ahmedabad,B2C,75.28,5371.97,3,2024
1870,Jeffrey Fischer,Shoes,Sneakers,2.0,1870.68,0.65,0.0,2024-03-27,Pune,B2B,2695.81,3741.36,3,2024
1871,Barbara Schmidt,Dresses,Wrap Dress,2.0,2685.985,0.65,0.0,2024-03-27,bengaluru,B2C,-431.93,5371.97,3,2024
1872,Kimberly Reyes,T-Shirts,Graphic Tee,1.0,3381.64,0.48,1758.45,2024-03-27,Delhi,B2B,953.93,3381.64,3,2024
1873,Paul Walker,Jackets,Bomber Jacket,2.0,2685.985,0.65,0.0,2024-06-23,Delhi,B2B,-632.25,5371.97,6,2024
1874,Melanie Phillips,Shoes,Slip-ons,5.0,2847.02,0.65,0.0,2024-03-27,Ahmedabad,B2B,-573.97,14235.1,3,2024
1875,Alicia Mclean,Accessories,Watches,2.0,2685.985,0.65,0.0,2024-03-27,Pune,B2C,1125.5,5371.97,3,2024
1876,Carl Mahoney,Shoes,Loafers,2.0,2685.985,0.32,0.0,2024-03-27,Mumbai,B2B,986.09,5371.97,3,2024
1877,Eric Beasley,T-Shirts,Crop Top,-1.0,2685.985,0.65,0.0,2024-03-27,Pune,B2B,1149.23,-2685.985,3,2024
1878,Bonnie Hall,Dresses,Maxi Dress,4.0,2685.985,0.65,0.0,2024-03-27,bengaluru,B2C,2247.49,10743.94,3,2024
1879,Sarah King,Accessories,Belts,0.0,444.11,0.65,0.0,2024-09-12,Ahmedabad,B2C,2762.27,0.0,9,2024
1880,Nicholas Evans,Accessories,Watches,1.0,772.97,0.9,77.3,2024-03-27,Pune,B2B,843.81,772.97,3,2024
1881,Patricia Brooks,Shoes,Slip-ons,3.0,1772.6,0.65,0.0,2024-03-27,Bangalore,B2B,993.92,5317.799999999999,3,2024
1882,Kristin Gonzalez,Jackets,Denim Jacket,2.0,1622.79,0.65,0.0,2024-03-27,Delhi,B2C,1020.63,3245.58,3,2024
1883,Jessica Mckenzie,Jeans,Straight Cut,-1.0,4350.86,0.65,0.0,2024-03-27,Pune,B2B,2845.42,-4350.86,3,2024
1884,Katherine Berry,Shoes,Slip-ons,6.0,2685.985,0.65,0.0,2024-03-27,Delhi,B2C,-856.25,16115.91,3,2024
1885,Mrs. Deborah Boone,T-Shirts,Classic Tee,0.0,2685.985,0.65,0.0,2024-03-27,Delhi,B2B,-571.28,0.0,3,2024
1886,Sonya Mendoza,Accessories,Sunglasses,6.0,1229.1,0.65,0.0,2024-03-27,Hyderabad,B2C,1005.96,7374.599999999999,3,2024
1887,Jennifer Sullivan,T-Shirts,Classic Tee,3.0,2685.985,0.65,0.0,2024-03-27,Ahmedabad,B2B,111.88,8057.955,3,2024
1888,Jessica Jones,Shoes,Sneakers,6.0,2685.985,0.39,0.0,2024-03-27,Mumbai,B2B,-80.61,16115.91,3,2024
1889,Denise Mcconnell,Dresses,Maxi Dress,2.0,3948.83,0.65,0.0,2024-06-15,Pune,B2B,1935.77,7897.66,6,2024
1890,Madison Joseph,Accessories,Belts,2.0,3772.51,0.65,0.0,2024-03-27,bengaluru,B2B,792.89,7545.02,3,2024
1891,Michael Bradshaw,T-Shirts,Crop Top,2.0,2727.86,0.65,0.0,2024-03-27,Ahmedabad,B2C,849.07,5455.72,3,2024
1892,David Powers,Jeans,Slim Fit Jeans,2.0,2685.985,1.14,0.0,2024-03-27,Delhi,B2B,330.14,5371.97,3,2024
1893,Ricardo Davis,Accessories,Watches,2.0,4456.45,0.65,0.0,2024-03-27,Delhi,B2B,870.63,8912.9,3,2024
1894,Maurice Reynolds,Jackets,Leather Jacket,2.0,2793.89,0.65,0.0,2023-08-22,Hyd,B2B,-512.73,5587.78,8,2023
1003,Mark Williams,Jeans,Ripped Denim,-2.0,2685.985,0.65,0.0,2024-03-27,Pune,B2B,2368.7,-5371.97,3,2024
1896,Mr. Daniel Knox,T-Shirts,Oversized T-shirt,5.0,4829.85,0.65,0.0,2024-03-27,Hyd,B2B,2993.71,24149.25,3,2024
1897,Mary Diaz,Jeans,Straight Cut,2.0,2685.985,0.34,0.0,2024-03-27,Hyderabad,B2C,499.61,5371.97,3,2024
1898,Tonya Kirby,T-Shirts,Classic Tee,5.0,776.98,0.65,0.0,2024-03-27,Mumbai,B2C,2977.35,3884.9,3,2024
1899,Amanda Holmes,Shoes,Sneakers,2.0,2685.985,0.65,0.0,2024-03-27,Delhi,B2C,500.04,5371.97,3,2024
1900,Kyle Wright II,T-Shirts,Oversized T-shirt,3.0,2685.985,0.65,0.0,2024-03-27,Delhi,B2B,959.32,8057.955,3,2024
1901,Brenda Rasmussen,Accessories,Belts,4.0,781.91,1.2,-625.53,2024-03-27,Pune,B2B,1002.98,3127.64,3,2024
1007,Brian Wilson,Accessories,Caps,0.0,3402.85,0.63,0.0,2024-03-27,Pune,B2B,1333.09,0.0,3,2024
1903,Ross Wilson,Dresses,Maxi Dress,-1.0,2685.985,0.08,0.0,2024-03-27,Mumbai,B2B,1264.02,-2685.985,3,2024
1904,Dr. Meredith Murphy,Jeans,Ripped Denim,-1.0,1339.18,0.65,0.0,2024-03-27,bengaluru,B2C,554.93,-1339.18,3,2024
1905,John Wade,Dresses,Bodycon,2.0,759.78,0.65,0.0,2024-03-27,Pune,B2B,2254.82,1519.56,3,2024
1906,Paula Pineda,Dresses,Bodycon,-1.0,2685.985,0.65,0.0,2024-03-27,bengaluru,B2B,406.55,-2685.985,3,2024
1907,Meagan Johnson,Jackets,Puffer Coat,2.0,2685.985,0.65,0.0,2024-03-27,Hyderabad,B2B,305.87,5371.97,3,2024
1908,Nathan Garcia,Jeans,Boyfriend Jeans,2.0,2685.985,0.65,0.0,2024-03-27,Hyd,B2B,205.56,5371.97,3,2024
1909,Christopher Burgess,Accessories,Sunglasses,1.0,3114.13,0.65,0.0,2025-05-22,Pune,B2B,2743.54,3114.13,5,2025
1910,Bryce Hooper,T-Shirts,Oversized T-shirt,0.0,2155.16,0.65,0.0,2024-03-27,Ahmedabad,B2B,425.89,0.0,3,2024
1911,Bruce Brown,Jeans,Ripped Denim,6.0,2357.7,0.65,0.0,2024-03-27,Ahmedabad,B2B,1901.07,14146.199999999999,3,2024
1912,Deborah James,Accessories,Belts,2.0,2685.985,0.65,0.0,2024-03-27,Pune,B2C,2721.15,5371.97,3,2024
1913,Andrew Espinoza,Accessories,Watches,5.0,2685.985,0.65,0.0,2024-03-27,Mumbai,B2C,1490.96,13429.925000000001,3,2024
1914,Rodney Lee,Jeans,Boyfriend Jeans,6.0,3661.49,0.11,19552.36,2024-03-27,Pune,B2B,-527.32,21968.94,3,2024
1915,Stephanie Callahan,Accessories,Sunglasses,2.0,2685.985,0.65,0.0,2024-03-16,Delhi,B2B,944.36,5371.97,3,2024
1916,Adam Sanchez,Dresses,Maxi Dress,2.0,2117.07,0.13,0.0,2024-03-27,Delhi,B2B,2423.24,4234.14,3,2024
1917,Benjamin Garrett,Shoes,Slip-ons,2.0,2685.985,0.65,0.0,2024-03-27,Ahmedabad,B2B,1173.48,5371.97,3,2024
1918,Christopher Lloyd,Dresses,Bodycon,2.0,581.49,0.65,0.0,2024-01-06,Ahmedabad,B2B,-714.88,1162.98,1,2024
1919,Darren Pittman,Dresses,Maxi Dress,2.0,1460.71,0.65,0.0,2024-03-27,Ahmedabad,B2C,2917.9,2921.42,3,2024
1920,Brandon Lawrence,Jackets,Denim Jacket,2.0,4141.23,0.65,0.0,2024-03-27,Mumbai,B2B,1455.81,8282.46,3,2024
1921,Corey Padilla,Accessories,Watches,2.0,4224.31,0.65,0.0,2024-03-27,Hyderabad,B2B,2660.84,8448.62,3,2024
1922,Kimberly Bowers,Dresses,Wrap Dress,2.0,2685.985,0.65,0.0,2024-03-27,Delhi,B2B,-616.36,5371.97,3,2024
1923,Ruth King,Jackets,Puffer Coat,2.0,3865.62,0.65,0.0,2024-03-27,bengaluru,B2B,-56.4,7731.24,3,2024
1924,Bethany Gallagher,Jeans,Boyfriend Jeans,2.0,2999.49,0.65,0.0,2024-01-13,Ahmedabad,B2B,-988.45,5998.98,1,2024
1925,Patrick Benson,Accessories,Caps,2.0,1429.24,0.65,0.0,2024-03-27,Delhi,B2B,2081.78,2858.48,3,2024
1926,Connie Wilson,Shoes,Slip-ons,-2.0,2533.37,0.65,0.0,2024-03-27,Bangalore,B2C,-490.96,-5066.74,3,2024
1927,Anthony Rich,T-Shirts,Classic Tee,5.0,2685.985,0.65,0.0,2024-03-27,Hyd,B2B,1844.54,13429.925000000001,3,2024
1928,Anthony Sandoval,Dresses,Casual Midi,-2.0,2685.985,0.65,0.0,2024-05-26,Delhi,B2B,2676.77,-5371.97,5,2024
1929,Regina Allen,Accessories,Watches,-2.0,3618.48,0.65,0.0,2024-03-27,Delhi,B2B,1383.46,-7236.96,3,2024
1930,Jesse Carter,Jeans,Boyfriend Jeans,2.0,3017.82,0.65,0.0,2024-03-27,Ahmedabad,B2B,1257.1,6035.64,3,2024
1931,Tim Alvarez,Jeans,Boyfriend Jeans,-1.0,2685.985,0.65,0.0,2024-03-27,Pune,B2B,1820.4,-2685.985,3,2024
1932,Lisa Perez,T-Shirts,Crop Top,2.0,436.31,0.65,0.0,2023-10-10,Pune,B2B,1632.83,872.62,10,2023
1933,Vincent Torres,Jackets,Leather Jacket,2.0,1403.41,0.65,0.0,2024-03-27,Pune,B2B,635.85,2806.82,3,2024
1934,Sean Warren DDS,Jeans,Straight Cut,2.0,3369.03,0.65,0.0,2024-09-17,Hyderabad,B2B,-144.96,6738.06,9,2024
1935,Mary Allen,Jackets,Puffer Coat,6.0,2685.985,0.65,0.0,2024-03-27,Mumbai,B2B,2390.71,16115.91,3,2024
1936,Michelle Walsh,Jeans,Ripped Denim,5.0,804.78,0.65,0.0,2024-03-27,Ahmedabad,B2B,1109.21,4023.8999999999996,3,2024
1937,Tim Dean,Accessories,Watches,4.0,643.24,0.65,0.0,2024-03-27,Ahmedabad,B2C,1670.97,2572.96,3,2024
1938,Kristen Mahoney,Jackets,Puffer Coat,4.0,2685.985,0.34,0.0,2024-03-27,Hyderabad,B2C,-528.58,10743.94,3,2024
1939,Destiny Harris,Jackets,Leather Jacket,2.0,2685.985,0.99,0.0,2024-03-27,bengaluru,B2B,693.96,5371.97,3,2024
1940,Martin Miller,Dresses,Bodycon,2.0,3428.02,0.65,0.0,2024-03-27,Mumbai,B2B,-881.03,6856.04,3,2024
1941,Kyle Lopez,Shoes,Loafers,4.0,2685.985,0.65,0.0,2024-03-27,Ahmedabad,B2B,-298.48,10743.94,3,2024
1942,Madison Gonzales,Jackets,Puffer Coat,2.0,3710.07,0.83,0.0,2024-03-27,Mumbai,B2C,2682.86,7420.14,3,2024
1943,William Hudson,Shoes,Sneakers,4.0,3153.49,0.65,0.0,2024-03-27,Ahmedabad,B2B,763.19,12613.96,3,2024
1944,Steven Huynh,Jeans,Boyfriend Jeans,-1.0,3227.22,0.65,0.0,2024-03-27,Mumbai,B2B,597.81,-3227.22,3,2024
1945,Richard Nichols,Jeans,Ripped Denim,2.0,2803.56,1.05,0.0,2024-03-27,Delhi,B2B,-624.79,5607.12,3,2024
1946,William Martinez,Jeans,Ripped Denim,2.0,2355.36,0.65,0.0,2024-03-27,Delhi,B2B,2397.33,4710.72,3,2024
1947,Devin Monroe,Jeans,Straight Cut,2.0,2685.985,0.2,0.0,2024-03-27,Mumbai,B2C,1608.36,5371.97,3,2024
1948,Craig Matthews,Jeans,Slim Fit Jeans,2.0,2755.59,1.06,0.0,2024-03-27,Ahmedabad,B2C,1058.83,5511.18,3,2024
1949,Michelle Bennett,Shoes,Slip-ons,2.0,4000.18,0.89,0.0,2024-03-27,Mumbai,B2B,713.58,8000.36,3,2024
1950,Justin Forbes,Dresses,Maxi Dress,0.0,2270.65,0.0,0.0,2024-05-01,Ahmedabad,B2C,2324.34,0.0,5,2024
1951,Anna Rogers,Shoes,Loafers,2.0,2390.43,0.35,3107.56,2024-03-27,Delhi,B2B,-634.86,4780.86,3,2024
1952,Aaron Woods,Jeans,Ripped Denim,5.0,2685.985,0.65,0.0,2024-03-14,Pune,B2C,2835.63,13429.925000000001,3,2024
1953,Lisa Lewis,Jackets,Bomber Jacket,2.0,2685.985,0.65,0.0,2024-03-27,Mumbai,B2B,1996.25,5371.97,3,2024
1954,Miss Angela Webb,Jeans,Ripped Denim,-2.0,2315.78,0.65,0.0,2024-03-27,Ahmedabad,B2B,2501.64,-4631.56,3,2024
1955,Sean Smith,Shoes,Sneakers,1.0,2787.46,0.92,223.0,2024-03-27,Mumbai,B2B,2909.73,2787.46,3,2024
1956,James Brown,Jackets,Puffer Coat,2.0,2685.985,0.65,0.0,2024-03-27,Bangalore,B2B,-850.76,5371.97,3,2024
1957,Paula Robinson,Accessories,Watches,2.0,494.81,0.65,0.0,2023-11-26,Hyd,B2B,-35.32,989.62,11,2023
1958,Jonathan Melton,T-Shirts,Crop Top,2.0,3068.38,0.65,0.0,2024-07-29,bengaluru,B2B,2376.68,6136.76,7,2024
1959,Deanna Ortiz,Jackets,Denim Jacket,2.0,3805.09,0.65,0.0,2024-03-27,Ahmedabad,B2B,-476.0,7610.18,3,2024
1960,Janet Murray MD,Shoes,Slip-ons,2.0,1369.81,0.67,904.07,2024-03-27,Pune,B2B,1179.44,2739.62,3,2024
1961,Megan Scott,Jackets,Denim Jacket,2.0,2204.39,0.65,0.0,2024-03-23,Pune,B2B,-546.19,4408.78,3,2024
1962,Spencer Jacobs,Shoes,Sneakers,-2.0,2685.985,0.65,0.0,2023-12-07,Delhi,B2B,1408.3,-5371.97,12,2023
1963,Isaac Montgomery,Shoes,Boots,2.0,1935.29,0.65,0.0,2024-03-27,Mumbai,B2B,-114.47,3870.58,3,2024
1964,Johnny Walker,T-Shirts,Oversized T-shirt,-2.0,2685.985,0.65,0.0,2024-03-27,bengaluru,B2B,2202.28,-5371.97,3,2024
1965,Dawn Thompson,Dresses,Bodycon,0.0,2685.985,0.65,0.0,2024-03-27,Pune,B2B,2663.36,0.0,3,2024
1966,Amber Fernandez,Shoes,Loafers,2.0,2685.985,0.65,0.0,2024-03-27,Pune,B2B,2887.5,5371.97,3,2024
1967,Lisa Hernandez,T-Shirts,Graphic Tee,2.0,2685.985,0.65,0.0,2024-03-27,Ahmedabad,B2B,1310.86,5371.97,3,2024
1968,Luis Vazquez,Jackets,Puffer Coat,5.0,2685.985,0.65,0.0,2024-03-27,bengaluru,B2B,-168.76,13429.925000000001,3,2024
1969,Angelica Hansen,Jeans,Slim Fit Jeans,2.0,2153.57,0.65,0.0,2024-11-16,Mumbai,B2C,1200.02,4307.14,11,2024
1970,Tracey Taylor,Jackets,Denim Jacket,6.0,2685.985,0.65,0.0,2024-03-27,Pune,B2B,1016.11,16115.91,3,2024
1971,Stephanie Wolfe,Accessories,Sunglasses,0.0,4746.52,0.65,0.0,2024-03-27,Mumbai,B2B,1981.22,0.0,3,2024
1972,Melissa Weaver,Jackets,Bomber Jacket,-1.0,2685.985,0.65,0.0,2024-08-21,Delhi,B2C,-161.86,-2685.985,8,2024
1973,Sarah Gonzalez,Accessories,Caps,2.0,2685.985,0.65,0.0,2025-03-29,Pune,B2C,838.06,5371.97,3,2025
1974,Gregory Munoz,Jeans,Ripped Denim,2.0,3286.66,0.65,0.0,2024-03-27,Ahmedabad,B2B,1019.91,6573.32,3,2024
1975,Gregory Wilson,T-Shirts,Classic Tee,2.0,3853.49,0.65,0.0,2024-03-27,Mumbai,B2B,77.2,7706.98,3,2024
1976,Carla Mcneil,Jeans,Ripped Denim,2.0,4363.08,0.65,0.0,2024-03-27,Delhi,B2C,-16.09,8726.16,3,2024
1977,Michael Gray,T-Shirts,Oversized T-shirt,2.0,4126.29,0.65,0.0,2024-03-27,Mumbai,B2B,-578.63,8252.58,3,2024
1978,Cody Atkins,T-Shirts,Classic Tee,4.0,2685.985,0.65,0.0,2024-08-18,Mumbai,B2B,-120.11,10743.94,8,2024
1979,Thomas Shepard,Dresses,Bodycon,-2.0,4375.7,0.91,-787.63,2024-03-27,Bangalore,B2B,250.46,-8751.4,3,2024
1980,Mary Hill,Accessories,Caps,1.0,1426.73,0.65,0.0,2023-10-08,Pune,B2C,2451.99,1426.73,10,2023
1981,Donna Fisher,Dresses,Maxi Dress,0.0,2685.985,0.65,0.0,2024-03-27,Delhi,B2B,1171.65,0.0,3,2024
1982,Christian Johnson,Dresses,Wrap Dress,2.0,3701.72,0.65,0.0,2024-03-27,Ahmedabad,B2B,1936.33,7403.44,3,2024
1983,Janet Evans,Jackets,Bomber Jacket,2.0,2348.26,0.65,0.0,2024-03-27,Bangalore,B2B,358.59,4696.52,3,2024
1984,Christopher Martin,Dresses,Maxi Dress,2.0,2685.985,1.25,0.0,2024-03-27,bengaluru,B2B,881.47,5371.97,3,2024
1985,Melanie Noble,Shoes,Boots,2.0,1668.18,0.63,0.0,2024-03-27,Delhi,B2B,-553.53,3336.36,3,2024
1986,Leslie White,Dresses,Casual Midi,0.0,2685.985,0.06,0.0,2025-01-15,Hyderabad,B2B,2806.51,0.0,1,2025
1987,Carolyn Nicholson,Accessories,Belts,2.0,2685.985,0.8,0.0,2024-03-27,Hyderabad,B2B,2732.84,5371.97,3,2024
1988,Victor Hill,Shoes,Boots,2.0,2685.985,0.65,0.0,2024-03-27,Bangalore,B2B,-298.07,5371.97,3,2024
1989,Dillon Cruz,T-Shirts,Crop Top,2.0,2685.985,0.65,0.0,2024-03-27,Ahmedabad,B2B,2646.08,5371.97,3,2024
1990,Danny Ayers,Jeans,Boyfriend Jeans,-1.0,1203.45,0.65,0.0,2024-03-27,Delhi,B2C,1184.36,-1203.45,3,2024
1991,Marcia Moore,Jackets,Leather Jacket,2.0,2808.46,0.67,0.0,2024-03-27,Mumbai,B2C,1592.37,5616.92,3,2024
1992,Lori Williams,T-Shirts,Classic Tee,2.0,2685.985,0.72,0.0,2024-03-27,Bangalore,B2B,2416.37,5371.97,3,2024
1993,Joanne Mitchell,Shoes,Boots,0.0,2685.985,0.65,0.0,2023-10-14,Pune,B2C,937.22,0.0,10,2023
1994,Manuel Carter,Jeans,Ripped Denim,-1.0,1010.48,0.65,0.0,2024-03-27,Hyderabad,B2C,2321.53,-1010.48,3,2024
1995,Heather Gardner,Jackets,Leather Jacket,4.0,2685.985,0.65,0.0,2025-03-05,Delhi,B2C,1815.94,10743.94,3,2025
1996,Julia Crawford,Accessories,Watches,2.0,2685.985,0.65,0.0,2024-03-27,Mumbai,B2B,1145.05,5371.97,3,2024
1997,Vicki Kennedy,Jackets,Puffer Coat,4.0,2685.985,0.53,0.0,2024-03-27,Delhi,B2C,141.76,10743.94,3,2024
1998,Thomas Howard,T-Shirts,Classic Tee,5.0,2567.59,0.65,0.0,2023-10-04,Delhi,B2C,-702.7,12837.95,10,2023
1999,Glenn Blackwell,Shoes,Slip-ons,2.0,2685.985,0.81,0.0,2024-03-27,Hyd,B2C,938.71,5371.97,3,2024
2000,Christopher Ortiz,Jackets,Leather Jacket,-1.0,1966.21,0.65,0.0,2024-03-27,bengaluru,B2B,2035.1,-1966.21,3,2024
2001,Adam Larson,Dresses,Wrap Dress,1.0,2685.985,0.65,0.0,2024-03-27,Mumbai,B2C,1592.62,2685.985,3,2024
2002,Jeffrey Hess,T-Shirts,Crop Top,2.0,1335.29,0.65,0.0,2024-03-27,Ahmedabad,B2C,1372.9,2670.58,3,2024
2003,Megan Carter,Jackets,Denim Jacket,2.0,2910.84,0.65,0.0,2024-03-27,Ahmedabad,B2C,-304.63,5821.68,3,2024
2004,Ryan Schultz,Jackets,Bomber Jacket,-1.0,2685.985,0.65,0.0,2024-03-27,Mumbai,B2B,1452.85,-2685.985,3,2024
2005,Jennifer Ruiz,Jeans,Straight Cut,2.0,2685.985,0.65,0.0,2024-03-27,Delhi,B2B,559.6,5371.97,3,2024
2006,Justin Harvey,Accessories,Caps,2.0,1283.62,0.65,0.0,2024-03-27,Ahmedabad,B2C,541.27,2567.24,3,2024
2007,Kristen Martin,Jackets,Leather Jacket,3.0,3413.11,0.9,1023.93,2024-03-27,Hyd,B2B,-440.8,10239.33,3,2024
2008,Carlos Bishop,Dresses,Maxi Dress,3.0,1284.36,0.65,0.0,2024-03-27,Ahmedabad,B2C,108.58,3853.08,3,2024
2009,Brian Garner,Jeans,Straight Cut,2.0,3385.59,0.02,0.0,2024-03-27,bengaluru,B2B,-927.71,6771.18,3,2024
2010,Casey Mathews,T-Shirts,Graphic Tee,-1.0,3630.24,0.65,0.0,2024-03-27,Ahmedabad,B2B,-194.42,-3630.24,3,2024
2011,Heidi Ward,Shoes,Slip-ons,1.0,3989.68,0.65,0.0,2024-03-27,Mumbai,B2C,999.35,3989.68,3,2024
2012,Kayla Andersen,T-Shirts,Oversized T-shirt,2.0,2674.79,0.8,0.0,2024-03-27,Ahmedabad,B2C,537.3,5349.58,3,2024
2013,Alexandra Park,Shoes,Sneakers,2.0,2685.985,0.65,0.0,2025-05-19,Mumbai,B2C,644.42,5371.97,5,2025
2014,Dennis Morales,Jackets,Leather Jacket,2.0,2685.985,0.65,0.0,2024-03-27,Delhi,B2B,763.62,5371.97,3,2024
2015,Emma Chavez,Dresses,Casual Midi,2.0,2685.985,0.65,0.0,2024-03-27,Delhi,B2B,182.23,5371.97,3,2024
2016,Susan Davis,Shoes,Boots,-2.0,1435.85,0.65,0.0,2025-05-09,Hyderabad,B2B,317.58,-2871.7,5,2025
2017,Stephanie Baker,Jeans,Ripped Denim,2.0,3549.93,0.65,0.0,2024-03-27,Ahmedabad,B2C,652.09,7099.86,3,2024
2018,Robert Mcgrath PhD,Jeans,Ripped Denim,5.0,2685.985,0.91,0.0,2024-03-27,Mumbai,B2C,-730.39,13429.925000000001,3,2024
2019,Matthew Gibson,Jeans,Straight Cut,2.0,1797.91,0.65,0.0,2024-03-27,Ahmedabad,B2C,2132.08,3595.82,3,2024
2020,Laura Anderson,Jeans,Straight Cut,-2.0,3954.73,0.3,-5536.62,2024-03-27,Bangalore,B2B,-78.22,-7909.46,3,2024
2021,David Perry,Shoes,Sneakers,2.0,4178.18,1.27,0.0,2023-08-15,Mumbai,B2B,2952.52,8356.36,8,2023
2022,Gabriel Brooks,Shoes,Loafers,2.0,3094.77,0.65,0.0,2024-03-27,Pune,B2B,2340.79,6189.54,3,2024
2023,Adam Villarreal,Shoes,Boots,3.0,618.18,0.65,0.0,2024-03-27,Ahmedabad,B2C,404.9,1854.54,3,2024
2024,Todd Edwards,Dresses,Casual Midi,4.0,4220.2,0.65,0.0,2023-12-14,Delhi,B2C,2488.92,16880.8,12,2023
2025,David Hanson,Accessories,Watches,4.0,2685.985,0.65,0.0,2025-04-03,Delhi,B2B,1259.95,10743.94,4,2025
2026,Tracy Thomas,Shoes,Sneakers,2.0,2685.985,0.65,0.0,2024-03-27,Ahmedabad,B2B,83.33,5371.97,3,2024
2027,Vanessa Hale,Shoes,Slip-ons,5.0,2734.95,0.17,11350.04,2025-01-04,Mumbai,B2C,-657.03,13674.75,1,2025
2028,Kelly Scott,Jackets,Leather Jacket,2.0,2685.985,0.65,0.0,2024-03-27,Bangalore,B2B,2393.48,5371.97,3,2024
2029,Nicole Adkins,Jackets,Bomber Jacket,6.0,2685.985,0.65,0.0,2024-11-29,Bangalore,B2B,2374.9,16115.91,11,2024
2030,Larry Kent,Dresses,Wrap Dress,1.0,1354.69,0.65,0.0,2024-03-27,Hyderabad,B2C,-710.56,1354.69,3,2024
2031,Nicole Munoz MD,Dresses,Maxi Dress,2.0,2685.985,0.65,0.0,2024-03-27,Delhi,B2B,2655.01,5371.97,3,2024
2032,Anna Nguyen,Accessories,Sunglasses,2.0,4910.91,1.12,0.0,2023-08-15,Hyderabad,B2B,1419.21,9821.82,8,2023
2033,Christopher Martinez,Dresses,Casual Midi,6.0,2685.985,0.65,0.0,2024-03-27,Hyderabad,B2B,63.41,16115.91,3,2024
2034,Amanda Jones,Accessories,Sunglasses,6.0,3080.12,0.26,13675.73,2025-06-23,Hyderabad,B2C,-678.89,18480.72,6,2025
2035,Ronald Black,Dresses,Maxi Dress,0.0,2516.6,0.65,0.0,2024-03-27,Ahmedabad,B2C,2860.05,0.0,3,2024
2036,John White,T-Shirts,Graphic Tee,-2.0,2685.985,0.72,0.0,2024-03-27,Ahmedabad,B2B,106.67,-5371.97,3,2024
2037,Robert Fletcher,Shoes,Boots,1.0,1120.52,0.65,0.0,2024-03-27,Hyd,B2B,-523.32,1120.52,3,2024
2038,Johnny Powell,T-Shirts,Oversized T-shirt,2.0,2685.985,0.65,0.0,2024-03-16,Hyd,B2B,2548.6,5371.97,3,2024
2039,Abigail Wilson,Jackets,Puffer Coat,2.0,1802.43,0.65,0.0,2024-03-27,Hyderabad,B2B,644.27,3604.86,3,2024
2040,Lisa Scott,Dresses,Bodycon,2.0,2685.985,0.34,0.0,2024-03-27,Hyderabad,B2C,-838.24,5371.97,3,2024
2041,Brandon Rodriguez,Dresses,Bodycon,2.0,854.8,0.65,0.0,2024-03-27,Delhi,B2C,400.41,1709.6,3,2024
2042,Amanda Evans,T-Shirts,Classic Tee,3.0,2685.985,0.65,0.0,2024-03-27,Mumbai,B2C,80.86,8057.955,3,2024
2043,Amy Gibson,T-Shirts,Crop Top,2.0,2685.985,0.74,0.0,2024-03-27,Bangalore,B2C,647.81,5371.97,3,2024
2044,Jessica Stafford,Accessories,Belts,2.0,2912.48,0.39,0.0,2024-03-27,Mumbai,B2C,565.53,5824.96,3,2024
2045,Bryan Jarvis,Jackets,Puffer Coat,-1.0,473.68,0.65,0.0,2024-03-27,Hyd,B2C,-108.72,-473.68,3,2024
2046,Dylan Salas,Accessories,Watches,6.0,2685.985,0.6,0.0,2023-11-12,Mumbai,B2C,1657.74,16115.91,11,2023
2047,Blake Holland,Jeans,Boyfriend Jeans,2.0,2685.985,0.65,0.0,2024-03-27,Mumbai,B2C,238.33,5371.97,3,2024
2048,George Nelson,Shoes,Slip-ons,2.0,1469.13,0.11,0.0,2024-03-27,Ahmedabad,B2C,665.1,2938.26,3,2024
2049,Victoria Lee,Shoes,Loafers,-1.0,2462.92,0.65,0.0,2024-03-27,Delhi,B2B,825.06,-2462.92,3,2024
2050,Garrett Dudley,T-Shirts,Oversized T-shirt,1.0,4234.28,1.03,-127.03,2024-06-14,Mumbai,B2B,2931.9,4234.28,6,2024
2051,Eric Armstrong,Accessories,Sunglasses,2.0,1234.27,0.65,0.0,2024-03-27,Pune,B2B,-911.71,2468.54,3,2024
2052,Mr. John Carroll Jr.,Dresses,Maxi Dress,3.0,4971.74,0.65,0.0,2024-05-31,Bangalore,B2B,1386.13,14915.22,5,2024
2053,Amy Khan,Accessories,Belts,2.0,2685.985,0.65,0.0,2024-03-27,Pune,B2B,-940.51,5371.97,3,2024
2054,Carla Hernandez,Jeans,Boyfriend Jeans,1.0,1254.77,0.62,476.81,2024-03-27,Hyderabad,B2B,2605.15,1254.77,3,2024
2055,Charles Brown,Jeans,Slim Fit Jeans,2.0,677.9,0.15,0.0,2024-03-27,Hyd,B2B,-503.02,1355.8,3,2024
2056,Samuel Schroeder,Dresses,Wrap Dress,0.0,2685.985,0.7,0.0,2023-09-15,Ahmedabad,B2B,2544.92,0.0,9,2023
2057,Matthew Hester,Jeans,Ripped Denim,-1.0,2685.985,0.65,0.0,2024-03-27,Mumbai,B2B,17.96,-2685.985,3,2024
2058,Adam Barnes,T-Shirts,Classic Tee,6.0,2685.985,0.65,0.0,2024-03-27,Ahmedabad,B2B,-248.49,16115.91,3,2024
2059,Christopher Taylor,Accessories,Sunglasses,3.0,1193.03,0.65,0.0,2024-03-27,Mumbai,B2B,-876.83,3579.09,3,2024
2060,Samuel Jordan,T-Shirts,Oversized T-shirt,2.0,3725.58,0.65,0.0,2024-03-27,Pune,B2B,2544.55,7451.16,3,2024
2061,Desiree Jacobs,Shoes,Boots,2.0,2077.82,0.65,0.0,2025-03-06,Pune,B2B,2769.01,4155.64,3,2025
2062,John Sanchez,Dresses,Casual Midi,4.0,2975.64,0.65,0.0,2024-03-27,Hyderabad,B2B,-644.2,11902.56,3,2024
2063,Rebecca Flowers,T-Shirts,Oversized T-shirt,5.0,2685.985,0.65,0.0,2024-03-27,Pune,B2B,2549.09,13429.925000000001,3,2024
2064,Tracy Santana,Accessories,Sunglasses,2.0,702.86,0.65,0.0,2024-03-27,Pune,B2C,577.7,1405.72,3,2024
2065,Andrea Jones,T-Shirts,Crop Top,4.0,3590.4,0.65,0.0,2024-03-27,bengaluru,B2B,-86.57,14361.6,3,2024
2066,Patricia Robinson,Jeans,Straight Cut,0.0,2685.985,0.65,0.0,2024-03-27,Mumbai,B2C,2532.65,0.0,3,2024
2067,Michael Smith,Dresses,Wrap Dress,2.0,2975.33,0.65,0.0,2025-04-02,Hyderabad,B2B,1035.45,5950.66,4,2025
2068,Amanda Gray,Shoes,Slip-ons,2.0,2685.985,1.0,0.0,2024-01-04,Delhi,B2B,999.95,5371.97,1,2024
2069,Bruce Chavez,T-Shirts,Graphic Tee,2.0,3266.05,0.65,0.0,2024-03-27,Mumbai,B2C,1188.89,6532.1,3,2024
2070,Michelle Palmer,Accessories,Sunglasses,-1.0,2685.985,0.65,0.0,2024-03-27,Mumbai,B2B,614.38,-2685.985,3,2024
2071,Zachary Bowers,Shoes,Slip-ons,2.0,2685.985,0.98,0.0,2024-03-27,Mumbai,B2C,1522.69,5371.97,3,2024
2072,Lisa Sanders,Dresses,Casual Midi,2.0,2685.985,0.65,0.0,2024-03-27,Hyderabad,B2B,-670.22,5371.97,3,2024
2073,Joseph Carney,Shoes,Slip-ons,3.0,1596.02,0.65,0.0,2024-03-27,Ahmedabad,B2C,-217.87,4788.0599999999995,3,2024
2074,Crystal Ferguson,Accessories,Caps,4.0,2685.985,0.65,0.0,2024-03-27,bengaluru,B2C,2628.09,10743.94,3,2024
2075,James Keller,Jackets,Puffer Coat,0.0,2685.985,0.65,0.0,2024-03-27,bengaluru,B2B,1501.9,0.0,3,2024
2076,Taylor Martin,Shoes,Sneakers,2.0,1151.07,0.65,0.0,2024-03-27,bengaluru,B2B,854.02,2302.14,3,2024
2077,Joshua Roberts,T-Shirts,Oversized T-shirt,2.0,2685.985,0.65,0.0,2024-03-27,Pune,B2C,1082.36,5371.97,3,2024
2078,Charles Warner,T-Shirts,Classic Tee,2.0,1760.85,0.65,0.0,2025-05-31,Pune,B2B,-542.71,3521.7,5,2025
2079,Debra Gibson,Accessories,Belts,2.0,2778.14,1.21,-1166.82,2024-03-27,Ahmedabad,B2B,516.66,5556.28,3,2024
2080,Jeff Gordon,Accessories,Watches,3.0,4672.35,0.65,0.0,2024-03-27,Delhi,B2B,991.5,14017.050000000001,3,2024
2081,Jesus Swanson,T-Shirts,Crop Top,2.0,2809.88,0.65,0.0,2024-03-27,Ahmedabad,B2B,1063.07,5619.76,3,2024
2082,David Hodges,Jackets,Leather Jacket,5.0,2685.985,1.15,0.0,2024-04-29,Mumbai,B2B,-208.43,13429.925000000001,4,2024
2083,Daniel Mills,Shoes,Slip-ons,2.0,2105.74,0.34,0.0,2024-03-27,Delhi,B2C,-907.84,4211.48,3,2024
2084,Frank Garcia MD,Jackets,Puffer Coat,6.0,4068.82,0.65,0.0,2025-04-03,Ahmedabad,B2B,719.55,24412.920000000002,4,2025
2085,Steven Gutierrez,Jackets,Denim Jacket,2.0,2685.985,0.65,0.0,2024-03-27,Hyderabad,B2B,212.87,5371.97,3,2024
1015,Amy Ramsey,T-Shirts,Classic Tee,2.0,2685.985,0.65,0.0,2024-03-27,Pune,B2C,2811.88,5371.97,3,2024
2087,Kimberly Morgan,Dresses,Wrap Dress,2.0,2610.84,0.65,0.0,2024-07-28,Bangalore,B2C,-904.51,5221.68,7,2024
2088,Matthew Mcgee,Shoes,Sneakers,2.0,2685.985,0.65,0.0,2024-03-27,Mumbai,B2C,1353.01,5371.97,3,2024
2089,Monica Jackson,Accessories,Caps,2.0,1571.58,1.17,0.0,2023-09-23,Hyd,B2B,1195.34,3143.16,9,2023
2090,Richard Chandler,Accessories,Caps,2.0,940.71,0.65,0.0,2024-03-27,Delhi,B2B,1317.26,1881.42,3,2024
2091,Ricardo Jordan,Dresses,Casual Midi,2.0,1323.61,0.65,0.0,2024-03-27,Delhi,B2C,-63.42,2647.22,3,2024
2092,Ashley Nielsen,Shoes,Boots,2.0,4459.2,0.65,0.0,2024-03-27,Delhi,B2B,1008.2,8918.4,3,2024
2093,Stephen Lynn,T-Shirts,Classic Tee,2.0,3163.95,0.65,0.0,2024-03-27,Mumbai,B2B,1267.01,6327.9,3,2024
2094,Mr. Anthony Williams MD,Dresses,Bodycon,5.0,2685.985,0.65,0.0,2024-03-27,Mumbai,B2C,-769.25,13429.925000000001,3,2024
2095,Heather Zimmerman,T-Shirts,Classic Tee,2.0,3809.95,1.29,0.0,2024-10-07,Bangalore,B2B,1252.1,7619.9,10,2024
2096,Amy Cook,Jeans,Ripped Denim,2.0,3906.15,1.19,0.0,2024-03-27,Bangalore,B2B,2500.02,7812.3,3,2024
2097,Courtney Brown,T-Shirts,Classic Tee,3.0,2685.985,0.64,0.0,2024-03-27,Mumbai,B2C,2870.13,8057.955,3,2024
2098,Willie Barron,Jackets,Bomber Jacket,2.0,431.18,0.65,0.0,2024-03-27,Pune,B2B,-183.75,862.36,3,2024
2099,Dr. Joseph Guzman MD,T-Shirts,Crop Top,2.0,1806.81,1.1,0.0,2024-10-16,Ahmedabad,B2B,591.13,3613.62,10,2024
2100,Amy Parker,Shoes,Slip-ons,-1.0,1528.94,0.67,-504.55,2024-03-27,Delhi,B2B,2294.33,-1528.94,3,2024
2101,Justin Dougherty,Jeans,Boyfriend Jeans,2.0,1020.85,0.65,0.0,2024-06-22,Ahmedabad,B2B,-881.4,2041.7,6,2024
2102,Luis Turner,Dresses,Maxi Dress,2.0,2581.29,0.65,0.0,2024-11-21,Hyd,B2B,2300.14,5162.58,11,2024
2103,Cindy Marsh,Jeans,Slim Fit Jeans,3.0,2685.985,0.56,0.0,2024-03-27,Ahmedabad,B2B,-244.29,8057.955,3,2024
2104,Eduardo Hardy,T-Shirts,Graphic Tee,2.0,2211.06,0.26,0.0,2024-03-27,Hyderabad,B2B,2143.54,4422.12,3,2024
2105,Brandon Mccormick,Shoes,Slip-ons,-1.0,3643.63,0.19,-2951.34,2024-03-27,Mumbai,B2C,375.4,-3643.63,3,2024
2106,Brenda Graham,Dresses,Wrap Dress,4.0,4312.21,0.65,0.0,2024-04-22,Delhi,B2C,552.97,17248.84,4,2024
2107,Rhonda Patterson,Dresses,Wrap Dress,2.0,2686.05,0.65,0.0,2024-03-27,Hyd,B2C,2643.46,5372.1,3,2024
2108,Cassandra Wright,Jeans,Straight Cut,0.0,2538.3,0.65,0.0,2024-03-27,Mumbai,B2B,-820.5,0.0,3,2024
2109,Andre Jefferson,Jeans,Boyfriend Jeans,2.0,1901.86,0.65,0.0,2024-03-27,Pune,B2C,-906.34,3803.72,3,2024
2110,Chelsey Morales DVM,T-Shirts,Classic Tee,2.0,2685.985,1.21,0.0,2024-03-27,Mumbai,B2B,2891.52,5371.97,3,2024
2111,Jennifer Ayala,Shoes,Boots,2.0,1934.02,0.65,0.0,2024-03-27,Delhi,B2B,897.11,3868.04,3,2024
2112,Lisa Gomez,Jeans,Ripped Denim,0.0,3248.14,0.18,0.0,2024-03-27,Pune,B2B,1536.06,0.0,3,2024
2113,Michael Dillon,Dresses,Casual Midi,2.0,2685.985,0.65,0.0,2024-03-27,Delhi,B2B,2500.56,5371.97,3,2024
2114,Thomas Robertson,Dresses,Maxi Dress,2.0,2685.985,0.65,0.0,2024-03-27,Mumbai,B2B,1393.12,5371.97,3,2024
2115,Colleen Wallace,Jeans,Straight Cut,2.0,2685.985,0.65,0.0,2024-03-27,Ahmedabad,B2C,2100.4,5371.97,3,2024
2116,Jordan Hamilton,Accessories,Caps,2.0,2685.985,0.65,0.0,2024-03-27,Ahmedabad,B2B,87.1,5371.97,3,2024
2117,Kevin Flores,Dresses,Maxi Dress,2.0,4767.37,0.65,0.0,2024-03-27,Delhi,B2B,2319.14,9534.74,3,2024
2118,Jacob Morris,Dresses,Wrap Dress,3.0,3952.46,0.82,2134.33,2024-03-27,bengaluru,B2C,836.99,11857.380000000001,3,2024
2119,Mikayla Smith,Shoes,Loafers,2.0,537.77,0.05,0.0,2024-03-27,bengaluru,B2C,2205.16,1075.54,3,2024
2120,Angela Wheeler,Accessories,Watches,2.0,3321.05,1.05,0.0,2024-05-07,Hyderabad,B2B,-196.89,6642.1,5,2024
2121,Kristen Gutierrez,Jeans,Boyfriend Jeans,2.0,1209.8,0.65,0.0,2024-03-12,Bangalore,B2B,959.68,2419.6,3,2024
2122,Michael Kennedy,Jeans,Straight Cut,0.0,2685.985,0.17,0.0,2024-03-27,Delhi,B2C,1823.39,0.0,3,2024
2123,Andrea Ryan,Jackets,Bomber Jacket,2.0,2685.985,1.05,0.0,2024-03-27,Delhi,B2C,36.15,5371.97,3,2024
2124,Stephanie Mccormick,T-Shirts,Graphic Tee,2.0,3881.17,0.65,0.0,2023-12-24,Mumbai,B2B,339.88,7762.34,12,2023
2125,Jennifer Rich,Jeans,Slim Fit Jeans,2.0,2685.985,0.93,0.0,2024-03-27,Hyderabad,B2B,301.28,5371.97,3,2024
2126,George Bonilla,Accessories,Sunglasses,2.0,820.88,0.01,0.0,2024-03-27,Ahmedabad,B2C,597.78,1641.76,3,2024
2127,Laurie Stephens,Accessories,Sunglasses,6.0,2685.985,0.94,0.0,2024-03-27,Delhi,B2B,2427.95,16115.91,3,2024
2128,Randall Chapman,Accessories,Watches,2.0,2685.985,0.08,0.0,2024-03-27,Bangalore,B2C,-237.66,5371.97,3,2024
1003,Tammy Jennings,Jackets,Puffer Coat,2.0,1685.85,0.65,0.0,2024-03-27,Hyderabad,B2C,-298.61,3371.7,3,2024
2130,Amanda Williams,Jackets,Bomber Jacket,2.0,2685.985,0.36,0.0,2024-03-27,Pune,B2C,1132.58,5371.97,3,2024
2131,Michael Logan,Shoes,Slip-ons,1.0,2685.985,0.65,0.0,2024-03-27,Pune,B2B,1004.43,2685.985,3,2024
2132,James Gilbert,Jeans,Slim Fit Jeans,4.0,2685.985,0.65,0.0,2024-03-27,Mumbai,B2B,680.91,10743.94,3,2024
2133,Cynthia Hopkins,T-Shirts,Classic Tee,5.0,2685.985,0.65,0.0,2024-03-27,Pune,B2B,1700.16,13429.925000000001,3,2024
2134,Sandra Simmons,Accessories,Sunglasses,2.0,2685.985,0.29,0.0,2024-03-27,Bangalore,B2C,-986.66,5371.97,3,2024
2135,Lori Bush,Dresses,Casual Midi,2.0,857.22,0.65,0.0,2023-08-20,Delhi,B2B,-806.63,1714.44,8,2023
2136,Sarah Ortiz,T-Shirts,Graphic Tee,2.0,2685.985,0.65,0.0,2024-03-27,Hyderabad,B2B,1627.8,5371.97,3,2024
2137,Sheila Miller,T-Shirts,Classic Tee,2.0,2685.985,1.01,0.0,2025-04-25,Pune,B2B,1626.26,5371.97,4,2025
2138,Sara Dillon,Shoes,Boots,-2.0,2426.77,0.65,0.0,2024-03-27,Delhi,B2B,1446.08,-4853.54,3,2024
1028,Nancy Wood,Accessories,Belts,2.0,4142.54,0.65,0.0,2024-03-27,Ahmedabad,B2B,2453.99,8285.08,3,2024
2140,Annette Campbell,Shoes,Loafers,2.0,2191.65,0.65,0.0,2024-03-27,Mumbai,B2B,2424.24,4383.3,3,2024
2141,Cheryl Roberts,Jackets,Leather Jacket,2.0,1762.28,0.65,0.0,2024-03-27,Delhi,B2B,2590.56,3524.56,3,2024
2142,Darlene Cervantes,Dresses,Wrap Dress,0.0,2685.985,0.65,0.0,2023-08-17,bengaluru,B2B,-780.6,0.0,8,2023
2143,Emily Chambers,Dresses,Wrap Dress,3.0,662.52,0.96,79.5,2024-03-27,bengaluru,B2B,2079.07,1987.56,3,2024
2144,Jacob Curry,Jackets,Bomber Jacket,-1.0,906.82,0.92,-72.55,2025-01-04,Ahmedabad,B2B,2348.39,-906.82,1,2025
2145,Sandra Fernandez,T-Shirts,Oversized T-shirt,2.0,3981.39,0.65,0.0,2024-03-27,Pune,B2C,1764.19,7962.78,3,2024
2146,Billy Smith,Accessories,Watches,2.0,2685.985,0.65,0.0,2024-03-27,Mumbai,B2B,2062.97,5371.97,3,2024
2147,Douglas Rhodes,Dresses,Bodycon,2.0,2685.985,0.27,0.0,2023-09-13,Ahmedabad,B2C,2299.86,5371.97,9,2023
2148,Paul Kennedy,T-Shirts,Oversized T-shirt,2.0,2685.985,0.65,0.0,2024-03-27,Hyd,B2C,-771.3,5371.97,3,2024
2149,James Spencer,Jackets,Leather Jacket,2.0,2865.62,0.8,0.0,2024-03-27,Ahmedabad,B2B,-660.8,5731.24,3,2024
1033,John Mora Jr.,T-Shirts,Crop Top,2.0,2685.985,0.65,0.0,2024-09-30,Delhi,B2C,-299.78,5371.97,9,2024
2151,Kayla Mclaughlin,Dresses,Maxi Dress,2.0,927.64,0.65,0.0,2024-03-27,Pune,B2B,-742.69,1855.28,3,2024
2152,Kayla Marshall MD,Shoes,Loafers,0.0,2685.985,0.65,0.0,2024-03-27,Ahmedabad,B2B,-865.58,0.0,3,2024
2153,Heather Mitchell,Jackets,Leather Jacket,0.0,3131.57,0.65,0.0,2024-11-18,Ahmedabad,B2C,517.22,0.0,11,2024
2154,Veronica Everett,Accessories,Belts,2.0,2685.985,0.65,0.0,2024-03-27,Pune,B2B,2141.81,5371.97,3,2024
2155,Samuel Mitchell,T-Shirts,Graphic Tee,-2.0,2685.985,0.65,0.0,2024-03-27,Bangalore,B2C,-972.74,-5371.97,3,2024
2156,Lisa Saunders,Shoes,Slip-ons,2.0,2685.985,0.65,0.0,2024-03-27,Ahmedabad,B2B,1648.67,5371.97,3,2024
2157,Veronica Long,Shoes,Sneakers,2.0,2830.24,0.97,0.0,2024-03-27,Mumbai,B2B,2612.97,5660.48,3,2024
2158,Donna Mendoza,Shoes,Sneakers,2.0,3270.68,0.65,0.0,2024-03-27,Mumbai,B2B,-437.06,6541.36,3,2024
2159,Dennis Harris,Dresses,Casual Midi,2.0,2685.985,0.65,0.0,2024-03-27,Mumbai,B2B,-420.95,5371.97,3,2024
2160,Angela Warren,Shoes,Boots,2.0,2119.66,0.65,0.0,2024-03-27,Pune,B2C,-203.89,4239.32,3,2024
2161,Jeremy Phillips,Accessories,Watches,2.0,4376.41,0.65,0.0,2024-03-27,Mumbai,B2C,1713.03,8752.82,3,2024
2162,Karen Patterson,Accessories,Watches,1.0,2685.985,0.71,0.0,2025-06-24,Ahmedabad,B2B,54.58,2685.985,6,2025
2163,Kristen Barnes,Dresses,Maxi Dress,2.0,2685.985,0.65,0.0,2024-03-27,Mumbai,B2C,1205.38,5371.97,3,2024
2164,Bobby Brock,Jackets,Puffer Coat,2.0,1498.8,0.65,0.0,2024-03-27,Delhi,B2B,-548.47,2997.6,3,2024
2165,Jeffrey Lewis,Shoes,Slip-ons,2.0,2685.985,0.65,0.0,2024-03-27,Pune,B2B,-609.52,5371.97,3,2024
2166,Deborah Gordon,Jackets,Leather Jacket,2.0,2685.985,1.08,0.0,2024-03-27,Mumbai,B2B,-845.69,5371.97,3,2024
2167,Heather Taylor,Dresses,Casual Midi,2.0,2685.985,1.12,0.0,2024-03-27,Mumbai,B2C,-258.89,5371.97,3,2024
2168,Brian Kim,Accessories,Caps,-1.0,4446.09,0.47,-2356.43,2024-03-27,Ahmedabad,B2B,784.1,-4446.09,3,2024
2169,Wendy Rodriguez,Jeans,Straight Cut,2.0,2685.985,0.65,0.0,2024-03-27,Ahmedabad,B2C,1870.24,5371.97,3,2024
2170,Jade Dawson,Accessories,Belts,2.0,826.11,0.99,0.0,2024-03-27,Delhi,B2B,2666.62,1652.22,3,2024
2171,Crystal Mcneil,T-Shirts,Classic Tee,2.0,630.28,0.65,0.0,2024-03-27,Delhi,B2B,2988.11,1260.56,3,2024
2172,Matthew Gross,T-Shirts,Classic Tee,-1.0,2685.985,1.08,0.0,2024-03-27,Delhi,B2C,2497.36,-2685.985,3,2024
2173,Dennis Brown,Shoes,Loafers,2.0,2679.07,0.65,0.0,2024-03-27,Mumbai,B2B,2156.1,5358.14,3,2024
2174,Stephanie Williams,Accessories,Belts,0.0,810.62,0.65,0.0,2024-03-27,Bangalore,B2C,-69.8,0.0,3,2024
2175,Paul Estrada,Shoes,Loafers,2.0,2685.985,0.65,0.0,2023-09-02,Hyd,B2C,1022.04,5371.97,9,2023
2176,Michelle Anderson,Jackets,Puffer Coat,6.0,4954.67,0.65,0.0,2024-03-27,Hyd,B2B,2176.54,29728.02,3,2024
2177,Steven Kelly,Shoes,Boots,3.0,2685.985,0.65,0.0,2024-03-27,Ahmedabad,B2B,-723.01,8057.955,3,2024
2178,Matthew Hicks,Shoes,Sneakers,0.0,2685.985,0.89,0.0,2024-03-27,bengaluru,B2C,2438.98,0.0,3,2024
2179,Natalie Adams,Accessories,Belts,2.0,466.37,0.65,0.0,2024-03-27,Hyd,B2B,2807.92,932.74,3,2024
2180,Jacob Kline,Shoes,Loafers,6.0,2685.985,1.06,0.0,2024-03-27,Delhi,B2B,28.77,16115.91,3,2024
2181,David Brown,T-Shirts,Graphic Tee,0.0,2685.985,0.65,0.0,2024-03-27,Mumbai,B2B,-24.93,0.0,3,2024
2182,Kristopher Gregory,Accessories,Caps,2.0,2685.985,0.53,0.0,2024-03-27,Hyd,B2B,2192.44,5371.97,3,2024
2183,Barry Ali,Jeans,Boyfriend Jeans,-2.0,1332.39,1.09,239.83,2024-05-21,Bangalore,B2B,707.79,-2664.78,5,2024
2184,Kenneth Bryant,Shoes,Sneakers,2.0,1001.57,0.65,0.0,2024-03-27,Hyderabad,B2C,2285.61,2003.14,3,2024
2185,Lindsey Walker,Jackets,Denim Jacket,2.0,2685.985,0.14,0.0,2024-03-27,Pune,B2B,-810.97,5371.97,3,2024
2186,Joel Wright,Accessories,Belts,2.0,2036.71,0.65,0.0,2024-03-27,Delhi,B2B,1586.84,4073.42,3,2024
2187,Judith Graves,Accessories,Watches,2.0,2709.1,0.82,0.0,2024-03-27,Delhi,B2B,1386.25,5418.2,3,2024
2188,Shannon White,T-Shirts,Oversized T-shirt,2.0,3027.66,1.21,0.0,2024-03-27,Ahmedabad,B2B,1971.23,6055.32,3,2024
2189,Ronnie Perry,Jackets,Denim Jacket,2.0,968.53,0.3,0.0,2024-03-27,Delhi,B2C,-39.14,1937.06,3,2024
2190,Courtney Wright,Jeans,Boyfriend Jeans,3.0,3887.5,0.65,0.0,2024-03-27,Delhi,B2B,1787.25,11662.5,3,2024
2191,Martin Alvarez,Jackets,Leather Jacket,2.0,2267.72,0.65,0.0,2024-03-27,Mumbai,B2C,-459.62,4535.44,3,2024
2192,Jennifer Sullivan,Accessories,Belts,2.0,4218.96,0.01,0.0,2024-02-06,Pune,B2B,1483.9,8437.92,2,2024
2193,Amanda Hester,Jackets,Leather Jacket,2.0,2712.09,0.65,0.0,2024-03-27,Hyderabad,B2C,2585.79,5424.18,3,2024
2194,Jasmine Torres,Jackets,Leather Jacket,2.0,3862.58,0.65,0.0,2024-03-27,Ahmedabad,B2B,794.8,7725.16,3,2024
2195,John Melton,Shoes,Boots,4.0,3491.26,0.65,0.0,2024-03-27,Hyderabad,B2C,-165.48,13965.04,3,2024
2196,Brandon Rojas,Dresses,Casual Midi,2.0,3655.37,0.65,0.0,2024-05-01,Hyderabad,B2C,-844.23,7310.74,5,2024
2197,Michael Mccormick,Dresses,Bodycon,2.0,2685.985,0.65,0.0,2024-03-27,Ahmedabad,B2C,24.78,5371.97,3,2024
1004,Raymond Hernandez,Shoes,Loafers,2.0,2685.985,0.64,0.0,2024-03-27,Pune,B2B,968.3,5371.97,3,2024
2199,Kristine Anderson,T-Shirts,Crop Top,6.0,2685.985,0.65,0.0,2024-03-27,Hyderabad,B2B,595.51,16115.91,3,2024
2200,Tina Castillo,T-Shirts,Oversized T-shirt,-1.0,1346.11,0.72,-376.91,2024-03-27,Mumbai,B2B,-763.62,-1346.11,3,2024
2201,Troy Smith,Dresses,Wrap Dress,-1.0,2685.985,0.65,0.0,2024-03-27,Bangalore,B2B,1897.16,-2685.985,3,2024
2202,Aaron Kaiser,Jeans,Straight Cut,2.0,2685.985,0.92,0.0,2024-01-23,Ahmedabad,B2C,2505.39,5371.97,1,2024
2203,Shawn Santiago,Dresses,Maxi Dress,2.0,1611.02,0.65,0.0,2024-03-27,Pune,B2C,2610.41,3222.04,3,2024
2204,Elizabeth Ramirez,Shoes,Sneakers,2.0,2685.985,0.65,0.0,2024-03-27,Bangalore,B2B,-875.95,5371.97,3,2024
2205,Danielle Hill,T-Shirts,Graphic Tee,-2.0,2685.985,0.14,0.0,2023-12-10,Hyderabad,B2C,-512.13,-5371.97,12,2023
2206,Kelly Garcia,Accessories,Watches,2.0,2349.3,0.18,0.0,2024-03-27,Delhi,B2B,2503.67,4698.6,3,2024
2207,Virginia Murphy,Accessories,Watches,3.0,2146.07,0.65,0.0,2024-03-27,Pune,B2C,199.99,6438.210000000001,3,2024
2208,Bobby Morrison,Accessories,Sunglasses,2.0,2685.985,0.65,0.0,2024-03-27,Pune,B2B,2347.05,5371.97,3,2024
2209,Daniel Martin,T-Shirts,Crop Top,-2.0,2685.985,0.95,0.0,2024-03-27,Pune,B2B,2492.83,-5371.97,3,2024
2210,Kevin Carpenter,Jackets,Bomber Jacket,2.0,4368.12,0.65,0.0,2024-03-27,Delhi,B2C,2434.6,8736.24,3,2024
2211,Michele Hicks,Jackets,Denim Jacket,2.0,2685.985,1.08,0.0,2024-05-04,Mumbai,B2B,902.93,5371.97,5,2024
1031,Samantha Richards,T-Shirts,Oversized T-shirt,2.0,2685.985,0.58,0.0,2024-03-27,Delhi,B2C,652.37,5371.97,3,2024
2213,Zachary Macdonald,Jeans,Boyfriend Jeans,2.0,2543.93,0.65,0.0,2024-03-27,Ahmedabad,B2C,2177.82,5087.86,3,2024
2214,Regina Rodriguez,Dresses,Casual Midi,-1.0,4854.03,0.65,0.0,2024-03-27,Ahmedabad,B2B,864.66,-4854.03,3,2024
2215,Nathan Hendrix,Jackets,Leather Jacket,-2.0,442.41,0.65,0.0,2024-03-27,Delhi,B2C,1628.57,-884.82,3,2024
2216,Joshua Blake,Jackets,Denim Jacket,3.0,2685.985,0.05,0.0,2024-03-27,Pune,B2B,-823.2,8057.955,3,2024
2217,Kelly Juarez,Jeans,Ripped Denim,2.0,1540.5,0.65,0.0,2024-03-27,Mumbai,B2B,1385.44,3081.0,3,2024
2218,David Wood,Jeans,Ripped Denim,2.0,2685.985,0.65,0.0,2025-01-23,Hyderabad,B2B,2077.49,5371.97,1,2025
2219,Lisa Ford,T-Shirts,Graphic Tee,4.0,2403.95,0.65,0.0,2024-03-27,Mumbai,B2C,858.23,9615.8,3,2024
2220,Robert Cline,Accessories,Belts,-1.0,2170.71,0.58,-911.7,2024-03-27,bengaluru,B2B,1689.68,-2170.71,3,2024
2221,Joshua Johnson,T-Shirts,Crop Top,2.0,1762.23,0.65,0.0,2024-03-27,bengaluru,B2C,-736.69,3524.46,3,2024
2222,Louis Holt,Dresses,Wrap Dress,2.0,2161.8,0.65,0.0,2024-03-27,Ahmedabad,B2B,1722.2,4323.6,3,2024
2223,Mr. Alexander Costa Jr.,Jeans,Straight Cut,-1.0,3445.9,0.81,-654.72,2024-03-27,Mumbai,B2B,2374.18,-3445.9,3,2024
2224,Natalie Bernard,Shoes,Slip-ons,2.0,2685.985,0.65,0.0,2024-03-27,Ahmedabad,B2B,691.31,5371.97,3,2024
2225,Kelsey Hampton,Accessories,Caps,2.0,2685.985,0.65,0.0,2024-03-27,Hyderabad,B2B,2362.63,5371.97,3,2024
2226,Anthony Daniels,T-Shirts,Graphic Tee,2.0,4484.13,0.79,0.0,2024-03-27,Hyderabad,B2B,821.13,8968.26,3,2024
2227,April Davis MD,Dresses,Wrap Dress,2.0,2685.985,0.65,0.0,2024-03-27,Pune,B2B,2766.36,5371.97,3,2024
2228,April Jones,Accessories,Sunglasses,2.0,2685.985,0.93,0.0,2024-03-27,Hyderabad,B2C,-980.89,5371.97,3,2024
2229,Logan Russell,Jackets,Puffer Coat,1.0,2685.985,0.65,0.0,2024-03-27,Mumbai,B2B,623.39,2685.985,3,2024
2230,Jessica Lee,Dresses,Wrap Dress,3.0,4524.64,1.09,-1221.65,2024-03-27,Pune,B2C,1906.0,13573.920000000002,3,2024
2231,Aaron Miller,Shoes,Loafers,2.0,2685.985,0.65,0.0,2024-03-27,Ahmedabad,B2C,1342.52,5371.97,3,2024
2232,Melissa Rodriguez,Dresses,Casual Midi,2.0,2685.985,0.65,0.0,2024-03-27,Delhi,B2B,2915.25,5371.97,3,2024
2233,Debra Wilcox,Dresses,Casual Midi,1.0,4604.85,0.14,3960.17,2024-03-27,Hyderabad,B2B,-627.17,4604.85,3,2024
2234,Mary Ruiz,Accessories,Caps,-2.0,2685.985,0.65,0.0,2023-11-18,Mumbai,B2C,-345.61,-5371.97,11,2023
2235,Mary Fletcher,Jeans,Straight Cut,2.0,2685.985,0.65,0.0,2024-03-27,Mumbai,B2B,-758.81,5371.97,3,2024
2236,Jonathan Caldwell,Shoes,Slip-ons,2.0,2420.16,0.65,0.0,2025-05-23,Delhi,B2C,2707.96,4840.32,5,2025
2237,Matthew Johnson,Dresses,Casual Midi,1.0,2496.17,1.11,-274.58,2025-01-12,Pune,B2C,810.82,2496.17,1,2025
2238,Marcus Harris,T-Shirts,Classic Tee,-1.0,4808.35,0.65,0.0,2024-03-27,Ahmedabad,B2B,-282.61,-4808.35,3,2024
2239,Devin Gallagher,Accessories,Watches,2.0,3427.66,0.65,0.0,2024-03-27,Mumbai,B2C,1441.3,6855.32,3,2024
2240,Diana Campbell,T-Shirts,Oversized T-shirt,2.0,4205.29,0.65,0.0,2024-03-27,Hyd,B2B,2223.03,8410.58,3,2024
2241,Sharon Decker,T-Shirts,Oversized T-shirt,2.0,1600.21,0.65,0.0,2024-03-27,Pune,B2B,2933.71,3200.42,3,2024
2242,Andrew Trevino,Shoes,Loafers,6.0,4450.17,0.65,0.0,2024-03-27,Ahmedabad,B2B,-96.55,26701.02,3,2024
2243,Julie Arnold,Accessories,Caps,2.0,2685.985,0.65,0.0,2025-06-06,Ahmedabad,B2C,773.71,5371.97,6,2025
2244,Taylor Aguirre,Dresses,Maxi Dress,3.0,2685.985,0.62,0.0,2024-10-03,bengaluru,B2C,-835.44,8057.955,10,2024
2245,Terry Estrada,T-Shirts,Graphic Tee,2.0,2685.985,1.27,0.0,2024-03-27,bengaluru,B2B,1929.41,5371.97,3,2024
2246,Alyssa Carter,Shoes,Slip-ons,2.0,2685.985,1.25,0.0,2024-01-30,Pune,B2B,311.56,5371.97,1,2024
2247,John Case Jr.,Dresses,Wrap Dress,2.0,2209.49,0.65,0.0,2024-03-27,Hyd,B2C,1944.57,4418.98,3,2024
2248,Danielle Stevenson,Jeans,Straight Cut,2.0,2685.985,0.65,0.0,2024-03-27,Hyd,B2C,-306.57,5371.97,3,2024
2249,Richard Santos,Dresses,Maxi Dress,1.0,2685.985,0.65,0.0,2024-04-16,Mumbai,B2B,-132.08,2685.985,4,2024
2250,Clifford Deleon,Jackets,Puffer Coat,2.0,2685.985,1.17,0.0,2024-03-27,Mumbai,B2B,2594.9,5371.97,3,2024
2251,John Wu,Dresses,Casual Midi,2.0,1438.68,0.65,0.0,2024-03-27,Ahmedabad,B2C,2726.72,2877.36,3,2024
2252,Lauren Cook,Shoes,Sneakers,6.0,2755.37,0.65,0.0,2024-03-27,Delhi,B2C,613.59,16532.22,3,2024
2253,Susan Mejia PhD,Jackets,Leather Jacket,0.0,2685.985,0.65,0.0,2024-03-27,Bangalore,B2B,716.99,0.0,3,2024
2254,Tyler Clark,T-Shirts,Classic Tee,2.0,4998.91,0.65,0.0,2024-03-27,Mumbai,B2B,-396.07,9997.82,3,2024
2255,Julian Nielsen,Accessories,Belts,-2.0,4478.08,0.65,0.0,2024-03-27,Pune,B2B,2090.38,-8956.16,3,2024
2256,Jennifer Jordan,Dresses,Casual Midi,2.0,535.27,0.65,0.0,2024-03-27,Ahmedabad,B2B,1787.52,1070.54,3,2024
2257,Alan Carpenter,Dresses,Bodycon,2.0,2685.985,0.65,0.0,2024-03-27,Mumbai,B2C,980.52,5371.97,3,2024
2258,Shirley Fuller,Shoes,Boots,2.0,2685.985,0.65,0.0,2025-06-02,Bangalore,B2B,1444.24,5371.97,6,2025
2259,Johnny Doyle,Shoes,Sneakers,1.0,2854.4,0.65,0.0,2024-03-27,Bangalore,B2C,542.9,2854.4,3,2024
2260,Jennifer Ware,Jeans,Ripped Denim,-1.0,2685.985,0.65,0.0,2024-03-27,Hyderabad,B2B,2697.38,-2685.985,3,2024
1039,Susan Morris,T-Shirts,Crop Top,2.0,633.23,0.65,0.0,2024-03-27,Mumbai,B2C,232.2,1266.46,3,2024
2262,Leslie Clark,Dresses,Maxi Dress,2.0,2957.48,0.65,0.0,2024-09-09,Hyderabad,B2B,2744.25,5914.96,9,2024
2263,Christian Green,Shoes,Boots,2.0,4252.05,0.65,0.0,2024-03-27,Mumbai,B2C,-396.3,8504.1,3,2024
2264,Patricia Henderson,Jeans,Straight Cut,2.0,3541.13,1.3,0.0,2024-03-27,Hyd,B2B,1711.99,7082.26,3,2024
2265,Scott Sweeney,T-Shirts,Graphic Tee,2.0,2685.985,0.5,0.0,2024-03-27,bengaluru,B2C,399.62,5371.97,3,2024
1036,Carmen Cline,Shoes,Boots,6.0,4437.44,0.65,0.0,2024-03-27,Pune,B2C,493.76,26624.64,3,2024
2267,Adam Hopkins,Dresses,Casual Midi,2.0,2685.985,0.65,0.0,2024-03-27,Bangalore,B2B,1989.07,5371.97,3,2024
2268,Valerie King,Shoes,Loafers,2.0,4300.05,0.65,0.0,2024-11-22,bengaluru,B2B,-589.26,8600.1,11,2024
2269,John Romero,Shoes,Boots,2.0,2685.985,0.65,0.0,2025-06-26,Hyd,B2B,742.42,5371.97,6,2025
2270,Thomas Murillo,Dresses,Maxi Dress,1.0,2710.56,0.65,0.0,2024-03-27,Delhi,B2B,2414.47,2710.56,3,2024
2271,Susan Buck,Accessories,Sunglasses,2.0,2685.985,0.36,0.0,2024-03-27,Bangalore,B2C,999.24,5371.97,3,2024
2272,Martin Lynch,Jackets,Leather Jacket,4.0,2540.1,0.69,3149.72,2025-05-26,Mumbai,B2C,733.06,10160.4,5,2025
2273,Laura Perez,Jeans,Ripped Denim,6.0,3064.21,0.65,0.0,2024-03-27,Delhi,B2C,1569.81,18385.260000000002,3,2024
2274,Larry Mills,Dresses,Wrap Dress,2.0,4456.65,0.65,0.0,2024-03-27,Delhi,B2C,9.1,8913.3,3,2024
2275,Jo Mckinney,Accessories,Sunglasses,2.0,3899.04,0.65,0.0,2024-03-27,Ahmedabad,B2B,2522.67,7798.08,3,2024
2276,Christina Martinez,Jackets,Leather Jacket,3.0,2685.985,0.65,0.0,2023-10-17,bengaluru,B2C,2089.34,8057.955,10,2023
2277,Emma Sanchez,Jeans,Boyfriend Jeans,3.0,2685.985,0.65,0.0,2024-03-27,Mumbai,B2B,2814.36,8057.955,3,2024
2278,Susan Young,Dresses,Casual Midi,2.0,2685.985,0.95,0.0,2024-03-27,Mumbai,B2B,787.23,5371.97,3,2024
2279,Mark Henderson,Accessories,Belts,6.0,3294.21,0.89,2174.18,2024-03-27,Pune,B2C,1874.46,19765.260000000002,3,2024
2280,David Gutierrez,T-Shirts,Crop Top,2.0,2685.985,1.15,0.0,2024-03-27,Ahmedabad,B2B,-230.98,5371.97,3,2024
2281,Ariel Velasquez,Dresses,Casual Midi,-1.0,2685.985,0.65,0.0,2024-03-27,Pune,B2C,-308.93,-2685.985,3,2024
2282,Omar Norman,Jackets,Puffer Coat,2.0,491.36,0.42,0.0,2023-12-16,Delhi,B2B,1231.37,982.72,12,2023
2283,Shannon Bell,Jackets,Denim Jacket,6.0,2685.985,0.94,0.0,2024-03-27,bengaluru,B2B,2079.01,16115.91,3,2024
2284,Gary Ferrell,Accessories,Caps,2.0,3736.2,0.65,0.0,2024-03-27,Delhi,B2C,-440.98,7472.4,3,2024
2285,Martha Smith,Shoes,Loafers,2.0,2287.67,0.56,0.0,2024-04-09,Hyd,B2B,-827.66,4575.34,4,2024
2286,Justin Aguilar,Jackets,Denim Jacket,1.0,2685.985,0.65,0.0,2024-03-27,Pune,B2C,-810.33,2685.985,3,2024
2287,James Ibarra,Shoes,Loafers,4.0,2685.985,0.65,0.0,2024-03-27,bengaluru,B2B,715.96,10743.94,3,2024
2288,Lacey Solis,Dresses,Wrap Dress,4.0,2685.985,0.65,0.0,2024-03-27,bengaluru,B2B,1167.16,10743.94,3,2024
2289,Linda Riley,Dresses,Casual Midi,0.0,3407.2,0.65,0.0,2024-03-27,Ahmedabad,B2C,2344.16,0.0,3,2024
2290,Theresa Stone,Dresses,Casual Midi,4.0,1405.39,0.65,0.0,2024-03-27,Bangalore,B2C,712.37,5621.56,3,2024
2291,Christopher Brown Jr.,Dresses,Bodycon,4.0,3217.82,0.65,0.0,2024-03-27,Bangalore,B2B,2909.8,12871.28,3,2024
2292,Mary Miller,Dresses,Bodycon,2.0,3974.58,0.65,0.0,2025-03-10,Hyderabad,B2B,-0.12,7949.16,3,2025
2293,Nancy Chandler,Shoes,Loafers,2.0,3241.57,0.65,0.0,2024-03-27,Ahmedabad,B2C,2518.36,6483.14,3,2024
2294,Sheryl Brown,Dresses,Maxi Dress,-1.0,2685.985,0.16,0.0,2023-08-09,Delhi,B2B,1019.45,-2685.985,8,2023
2295,Amy Mcpherson,Shoes,Sneakers,2.0,3189.35,0.65,0.0,2024-10-04,Bangalore,B2B,-683.11,6378.7,10,2024
1014,Robin Rios,T-Shirts,Graphic Tee,6.0,2685.985,0.29,0.0,2024-03-27,Pune,B2C,-958.22,16115.91,3,2024
2297,Sheila Gutierrez,Dresses,Bodycon,2.0,2685.985,0.29,0.0,2024-03-27,Delhi,B2B,2879.59,5371.97,3,2024
2298,Jennifer Delgado,T-Shirts,Graphic Tee,2.0,2685.985,0.65,0.0,2024-03-27,Ahmedabad,B2B,-778.84,5371.97,3,2024
2299,Kelly Thomas,T-Shirts,Graphic Tee,-2.0,2685.985,1.27,0.0,2025-04-23,Mumbai,B2C,2892.16,-5371.97,4,2025
2300,Gabriel Conley,Accessories,Sunglasses,2.0,2685.985,0.65,0.0,2024-03-27,Hyderabad,B2B,-59.16,5371.97,3,2024
2301,Kelsey Mcdonald,Dresses,Maxi Dress,2.0,3335.27,1.13,0.0,2024-11-30,Mumbai,B2B,1415.8,6670.54,11,2024
2302,Mary Gilbert,Dresses,Bodycon,1.0,2685.985,0.65,0.0,2024-03-27,Ahmedabad,B2C,1520.6,2685.985,3,2024
2303,Tracy Knight,Shoes,Sneakers,6.0,2201.87,0.65,0.0,2024-03-27,Hyderabad,B2B,1919.35,13211.22,3,2024
2304,Stephanie Jones,Accessories,Caps,2.0,2685.985,0.3,0.0,2025-06-03,Pune,B2C,2013.34,5371.97,6,2025
2305,David Rodriguez,Jackets,Bomber Jacket,2.0,3476.06,0.65,0.0,2024-03-27,bengaluru,B2C,1379.32,6952.12,3,2024
2306,Christine Riley,Shoes,Boots,-2.0,2685.985,1.15,0.0,2023-11-30,Ahmedabad,B2C,2166.71,-5371.97,11,2023
2307,Justin Garza,Shoes,Boots,2.0,2685.985,0.65,0.0,2023-12-23,Pune,B2B,1998.57,5371.97,12,2023
2308,Stephanie Cook MD,Dresses,Maxi Dress,2.0,3978.48,0.65,0.0,2024-03-27,Delhi,B2B,929.92,7956.96,3,2024
2309,Phillip Smith,Jeans,Boyfriend Jeans,1.0,2685.985,0.65,0.0,2024-03-27,Delhi,B2B,-464.01,2685.985,3,2024
1003,Audrey Pittman,Jeans,Straight Cut,-1.0,4426.82,0.65,0.0,2024-03-27,Hyderabad,B2C,2095.45,-4426.82,3,2024
1034,Jeremy Booth,Jackets,Leather Jacket,2.0,3062.79,0.65,0.0,2024-03-27,Hyderabad,B2B,1135.53,6125.58,3,2024
2312,Stephanie Ford,Jeans,Straight Cut,2.0,2688.08,0.65,0.0,2024-03-27,Pune,B2B,1913.21,5376.16,3,2024
2313,Shawn Martinez,Dresses,Casual Midi,2.0,2440.38,0.65,0.0,2024-03-27,bengaluru,B2B,-899.53,4880.76,3,2024
2314,Alexa Davis,Accessories,Watches,2.0,2685.985,0.65,0.0,2024-03-27,Pune,B2B,949.17,5371.97,3,2024
2315,April Harrison,Dresses,Casual Midi,1.0,2685.985,0.65,0.0,2025-02-22,Pune,B2B,261.63,2685.985,2,2025
2316,April Ward,Jeans,Ripped Denim,4.0,1529.48,0.65,0.0,2024-04-28,Mumbai,B2C,1325.56,6117.92,4,2024
2317,Monique Brown,Shoes,Boots,2.0,1005.41,0.65,0.0,2024-03-27,Delhi,B2C,566.18,2010.82,3,2024
2318,Jessica Campbell,T-Shirts,Crop Top,2.0,2685.985,0.65,0.0,2025-04-13,Hyderabad,B2C,1145.48,5371.97,4,2025
2319,Victor Peterson,Dresses,Wrap Dress,2.0,881.41,1.22,0.0,2024-03-27,Pune,B2B,1541.77,1762.82,3,2024
2320,David Garcia MD,Jeans,Straight Cut,2.0,2685.985,1.27,0.0,2024-03-27,Hyderabad,B2C,1960.76,5371.97,3,2024
2321,Andrea Young,Shoes,Sneakers,2.0,2685.985,0.65,0.0,2024-03-27,Pune,B2B,1864.22,5371.97,3,2024
2322,Brian Garcia,T-Shirts,Crop Top,2.0,2685.985,0.98,0.0,2024-03-27,Pune,B2B,195.27,5371.97,3,2024
2323,Amanda Smith,Jeans,Straight Cut,2.0,2685.985,0.65,0.0,2024-03-27,Pune,B2B,2903.66,5371.97,3,2024
1025,Sharon Cain,T-Shirts,Oversized T-shirt,2.0,2685.985,0.65,0.0,2024-03-27,Delhi,B2B,-973.7,5371.97,3,2024
2325,Dustin Skinner,Dresses,Bodycon,1.0,2685.985,1.19,0.0,2024-03-27,bengaluru,B2B,1634.79,2685.985,3,2024
2326,Timothy Thompson,Shoes,Sneakers,2.0,1718.14,0.65,0.0,2024-03-27,Ahmedabad,B2B,1309.05,3436.28,3,2024
2327,Christina Carter,Shoes,Slip-ons,-2.0,2685.985,0.76,0.0,2024-03-27,Pune,B2C,-357.33,-5371.97,3,2024
2328,Mrs. Crystal Stokes,Jeans,Boyfriend Jeans,2.0,2685.985,0.65,0.0,2024-03-27,Mumbai,B2C,1385.5,5371.97,3,2024
1024,Joseph Wilson,Jeans,Straight Cut,2.0,1580.59,0.08,0.0,2024-03-27,Delhi,B2B,1786.82,3161.18,3,2024
2330,Brittany Hicks,Shoes,Boots,6.0,2685.985,0.53,0.0,2024-03-27,Pune,B2C,-44.8,16115.91,3,2024
2331,Raymond Floyd,Dresses,Casual Midi,-2.0,2967.49,0.65,0.0,2024-03-27,Pune,B2B,1890.42,-5934.98,3,2024
2332,Daniel Smith,Jackets,Leather Jacket,2.0,4066.97,0.59,0.0,2024-03-27,Mumbai,B2B,977.09,8133.94,3,2024
2333,Sydney Warren,Dresses,Casual Midi,2.0,2685.985,0.65,0.0,2024-01-22,Ahmedabad,B2C,761.35,5371.97,1,2024
2334,Morgan Blankenship,Jeans,Ripped Denim,2.0,2295.49,0.65,0.0,2024-03-27,Pune,B2C,2846.96,4590.98,3,2024
2335,Heather Walsh,Accessories,Caps,1.0,3508.21,0.62,1333.12,2024-03-27,Bangalore,B2B,-309.15,3508.21,3,2024
2336,Robin Jennings,Jackets,Leather Jacket,4.0,2685.985,0.65,0.0,2024-10-22,Ahmedabad,B2C,1339.62,10743.94,10,2024
2337,Anita Rose,Jeans,Boyfriend Jeans,0.0,1295.44,0.65,0.0,2024-03-27,Ahmedabad,B2C,1552.41,0.0,3,2024
2338,Gregory Kennedy,Dresses,Wrap Dress,5.0,1378.76,0.19,5583.98,2024-03-27,Mumbai,B2B,2284.97,6893.8,3,2024
2339,Robert Nelson,Jeans,Ripped Denim,1.0,1289.24,0.65,0.0,2024-10-30,Mumbai,B2B,555.48,1289.24,10,2024
2340,Stephen Barber,Shoes,Slip-ons,-2.0,2685.985,0.65,0.0,2024-03-27,Hyderabad,B2B,345.45,-5371.97,3,2024
2341,Jay Bates,T-Shirts,Classic Tee,2.0,2685.985,0.59,0.0,2024-11-13,Ahmedabad,B2C,259.57,5371.97,11,2024
2342,Samuel Wilson,T-Shirts,Oversized T-shirt,2.0,1042.41,0.65,0.0,2024-01-31,Ahmedabad,B2C,2778.49,2084.82,1,2024
2343,Denise Spencer,Jeans,Slim Fit Jeans,2.0,2685.985,0.65,0.0,2024-03-27,Ahmedabad,B2B,2829.76,5371.97,3,2024
2344,Walter Richard,Jeans,Slim Fit Jeans,2.0,2685.985,1.09,0.0,2024-03-27,Hyderabad,B2B,1854.64,5371.97,3,2024
2345,Susan Gonzalez,Jeans,Slim Fit Jeans,1.0,1095.03,0.65,0.0,2024-03-27,Ahmedabad,B2C,1317.75,1095.03,3,2024
2346,Christopher Hawkins,Jeans,Boyfriend Jeans,-2.0,4922.99,0.65,0.0,2024-03-27,Bangalore,B2B,-712.37,-9845.98,3,2024
2347,David Moreno,Dresses,Casual Midi,2.0,1207.99,0.65,0.0,2024-03-27,bengaluru,B2C,2195.11,2415.98,3,2024
2348,John Boyd,Shoes,Boots,2.0,2685.985,0.65,0.0,2024-03-27,Pune,B2B,371.77,5371.97,3,2024
2349,John Johns,Jackets,Puffer Coat,2.0,2685.985,0.34,0.0,2024-03-27,Delhi,B2B,-496.94,5371.97,3,2024
2350,Victoria Greene,Shoes,Slip-ons,-1.0,3148.46,0.65,0.0,2023-09-23,bengaluru,B2B,-165.49,-3148.46,9,2023
2351,Joe Reed,Dresses,Casual Midi,-1.0,1875.17,0.65,0.0,2024-03-27,Ahmedabad,B2B,1406.99,-1875.17,3,2024
2352,Kurt Best,Dresses,Maxi Dress,2.0,2685.985,1.18,0.0,2024-03-27,Pune,B2B,590.81,5371.97,3,2024
2353,Tammy Jackson,Shoes,Boots,-1.0,2685.985,0.65,0.0,2024-03-27,Hyderabad,B2B,-397.76,-2685.985,3,2024
2354,Cynthia Wright,Shoes,Boots,2.0,2685.985,0.65,0.0,2024-03-27,Hyderabad,B2B,2233.28,5371.97,3,2024
2355,Robert Page,Jeans,Ripped Denim,2.0,2685.985,0.14,0.0,2024-03-27,Hyderabad,B2B,1303.89,5371.97,3,2024
2356,Rachel Alvarez,Accessories,Caps,2.0,3412.15,0.01,0.0,2025-04-16,Hyd,B2B,1862.5,6824.3,4,2025
2357,Catherine Young,Jeans,Ripped Denim,5.0,509.54,0.65,0.0,2024-03-27,Delhi,B2C,2233.39,2547.7000000000003,3,2024
2358,Kimberly Villanueva,Jeans,Straight Cut,-1.0,3099.15,0.65,0.0,2024-03-27,Mumbai,B2B,-860.89,-3099.15,3,2024
2359,Jeanette Maldonado,Shoes,Loafers,-1.0,2685.985,0.65,0.0,2024-03-27,Pune,B2C,2256.67,-2685.985,3,2024
2360,John Scott,Accessories,Watches,5.0,2685.985,0.65,0.0,2024-03-27,Pune,B2C,829.94,13429.925000000001,3,2024
2361,William Brown,T-Shirts,Crop Top,2.0,899.41,0.65,0.0,2024-03-27,Delhi,B2B,477.1,1798.82,3,2024
2362,Cody Benson,Dresses,Casual Midi,0.0,2550.98,0.65,0.0,2024-03-27,Delhi,B2B,2161.78,0.0,3,2024
2363,Kara Waller,Jeans,Boyfriend Jeans,-1.0,3640.29,0.86,-509.64,2024-03-27,Hyd,B2C,879.32,-3640.29,3,2024
2364,Veronica Jones,Accessories,Caps,2.0,857.68,0.65,0.0,2024-03-27,Mumbai,B2B,1462.91,1715.36,3,2024
2365,Michelle Robertson,Dresses,Bodycon,3.0,2685.985,0.49,0.0,2025-04-10,Hyd,B2B,1765.39,8057.955,4,2025
2366,Aaron Molina,Shoes,Sneakers,6.0,429.37,0.65,0.0,2024-06-29,Mumbai,B2B,-21.4,2576.2200000000003,6,2024
2367,Javier Sloan,Shoes,Sneakers,3.0,500.41,0.65,0.0,2024-03-27,Mumbai,B2B,1732.45,1501.23,3,2024
2368,Michael Roberts,Accessories,Belts,2.0,2971.36,0.49,0.0,2024-03-27,Ahmedabad,B2B,153.4,5942.72,3,2024
2369,Brittney Scott,T-Shirts,Crop Top,2.0,935.57,0.65,0.0,2024-01-29,Ahmedabad,B2B,-111.36,1871.14,1,2024
2370,Laura Shaw,Dresses,Maxi Dress,2.0,2685.985,0.65,0.0,2024-01-15,Mumbai,B2B,2031.95,5371.97,1,2024
2371,Charles Ray,Shoes,Loafers,3.0,4467.25,0.65,0.0,2024-03-27,Hyderabad,B2B,2388.55,13401.75,3,2024
2372,Dominic Baker,Dresses,Wrap Dress,2.0,2685.985,0.65,0.0,2025-05-05,Delhi,B2B,-452.24,5371.97,5,2025
2373,Thomas Carr,Accessories,Caps,-2.0,2490.44,0.65,0.0,2024-03-27,Mumbai,B2B,11.27,-4980.88,3,2024
2374,Michael Bright,Shoes,Loafers,0.0,4867.51,1.09,0.0,2024-09-28,Mumbai,B2B,1184.65,0.0,9,2024
2375,Ralph Owens,T-Shirts,Classic Tee,2.0,2765.79,0.65,0.0,2024-03-27,bengaluru,B2C,-31.82,5531.58,3,2024
2376,Norman Owens,Jackets,Bomber Jacket,2.0,2685.985,0.65,0.0,2023-11-19,Pune,B2C,1900.77,5371.97,11,2023
2377,David Mitchell,T-Shirts,Classic Tee,4.0,4458.48,0.65,0.0,2024-03-27,Bangalore,B2B,631.0,17833.92,3,2024
2378,Katie Montoya,Jeans,Straight Cut,0.0,1985.49,0.65,0.0,2024-03-27,Ahmedabad,B2C,-198.55,0.0,3,2024
2379,Daniel Greer,Jackets,Denim Jacket,6.0,2188.74,0.65,0.0,2024-02-21,bengaluru,B2C,-885.72,13132.439999999999,2,2024
2380,Lacey Buchanan,Jackets,Puffer Coat,2.0,3820.42,1.03,0.0,2024-03-27,Mumbai,B2B,-105.92,7640.84,3,2024
2381,Dr. Dawn Martin,Shoes,Sneakers,2.0,2685.985,0.65,0.0,2024-03-27,Delhi,B2B,103.57,5371.97,3,2024
2382,Jeanette Gordon,Jackets,Bomber Jacket,2.0,3440.31,0.65,0.0,2024-03-27,Bangalore,B2B,921.38,6880.62,3,2024
2383,Deborah Weber,Shoes,Boots,-2.0,2685.985,0.65,0.0,2024-03-27,Hyderabad,B2B,990.71,-5371.97,3,2024
2384,Eric Hoffman,Jackets,Denim Jacket,3.0,1625.58,0.1,4389.07,2024-03-27,Pune,B2B,2368.55,4876.74,3,2024
2385,Diana Hall,Dresses,Wrap Dress,2.0,2685.985,0.06,0.0,2024-03-27,Delhi,B2B,-914.91,5371.97,3,2024
2386,Amy Barker,Jeans,Straight Cut,0.0,2253.08,0.09,0.0,2024-03-27,Ahmedabad,B2B,490.12,0.0,3,2024
2387,Danielle Davis,Accessories,Caps,2.0,3246.04,0.65,0.0,2024-03-27,Hyd,B2B,-611.03,6492.08,3,2024
2388,Daniel Ray,T-Shirts,Crop Top,-2.0,2685.985,0.65,0.0,2025-02-26,Hyderabad,B2B,-722.21,-5371.97,2,2025
2389,Renee Martinez,Shoes,Slip-ons,5.0,2685.985,0.65,0.0,2024-03-22,Bangalore,B2B,2235.23,13429.925000000001,3,2024
2390,Daniel Hamilton,Jeans,Slim Fit Jeans,2.0,3605.36,1.01,0.0,2024-03-27,Ahmedabad,B2B,-311.29,7210.72,3,2024
2391,Debbie Wade,Jeans,Boyfriend Jeans,2.0,4473.94,0.65,0.0,2024-03-27,bengaluru,B2B,1003.14,8947.88,3,2024
2392,Adrienne Anderson MD,Accessories,Sunglasses,3.0,4550.95,0.65,0.0,2025-03-20,Ahmedabad,B2B,-951.64,13652.849999999999,3,2025
2393,David Snyder,Jackets,Bomber Jacket,5.0,753.85,0.65,0.0,2024-03-27,Delhi,B2C,251.29,3769.25,3,2024
2394,Jennifer Palmer,Jackets,Puffer Coat,2.0,3384.51,0.65,0.0,2024-03-27,bengaluru,B2B,2776.41,6769.02,3,2024
2395,Amanda Pham,Accessories,Watches,2.0,2685.985,0.65,0.0,2024-03-27,Hyderabad,B2C,1866.74,5371.97,3,2024
2396,Gary Andrade,Jeans,Slim Fit Jeans,2.0,2685.985,1.02,0.0,2024-03-27,Hyd,B2C,1965.45,5371.97,3,2024
2397,Austin Quinn,Jackets,Bomber Jacket,2.0,1823.51,0.65,0.0,2024-03-27,Hyd,B2B,378.92,3647.02,3,2024
1002,Jim Strong,Jeans,Straight Cut,2.0,2942.95,0.65,0.0,2024-03-27,bengaluru,B2B,-519.87,5885.9,3,2024
2399,Amy Frederick,Jeans,Slim Fit Jeans,-2.0,3643.5,0.65,0.0,2024-08-04,Delhi,B2B,1452.6,-7287.0,8,2024
2400,Whitney Mathis,Dresses,Bodycon,2.0,4756.67,0.75,0.0,2024-03-27,Pune,B2C,-442.75,9513.34,3,2024
2401,Kayla Peters,Accessories,Belts,2.0,2159.68,0.65,0.0,2024-03-27,Pune,B2B,1873.8,4319.36,3,2024
2402,Caitlin Callahan,T-Shirts,Crop Top,2.0,744.83,0.16,0.0,2024-03-27,Mumbai,B2B,2905.06,1489.66,3,2024
2403,Joseph Barton,T-Shirts,Oversized T-shirt,0.0,2685.985,0.65,0.0,2024-03-27,Hyd,B2B,2312.72,0.0,3,2024
2404,Melissa Norman,Accessories,Caps,4.0,2685.985,0.65,0.0,2024-03-27,Delhi,B2C,-673.77,10743.94,3,2024
2405,Mary Smith,Jackets,Denim Jacket,-1.0,1943.21,0.65,0.0,2024-03-27,Ahmedabad,B2B,1039.86,-1943.21,3,2024
2406,Robert Henderson,Jeans,Slim Fit Jeans,2.0,4847.73,0.65,0.0,2024-03-27,Ahmedabad,B2B,1741.0,9695.46,3,2024
2407,Laurie Williams,Jeans,Slim Fit Jeans,2.0,2685.985,0.65,0.0,2024-03-27,Ahmedabad,B2B,2990.98,5371.97,3,2024
2408,Jeffrey Owens,Dresses,Casual Midi,6.0,2169.73,0.65,0.0,2024-03-27,Bangalore,B2B,442.92,13018.380000000001,3,2024
2409,Melinda Cohen,Dresses,Wrap Dress,2.0,1430.06,0.98,0.0,2024-03-27,Pune,B2B,-530.32,2860.12,3,2024
2410,Kevin Miller,Accessories,Caps,3.0,2685.985,0.65,0.0,2024-03-27,Pune,B2B,2913.29,8057.955,3,2024
2411,Jeffrey Martinez,Jeans,Straight Cut,-2.0,2685.985,0.65,0.0,2024-03-27,Delhi,B2C,458.44,-5371.97,3,2024
2412,Nicole Smith,Jeans,Straight Cut,-1.0,2685.985,0.65,0.0,2023-10-19,Delhi,B2B,1676.75,-2685.985,10,2023
2413,Regina Lewis,Shoes,Loafers,2.0,4140.86,0.65,0.0,2024-03-27,Delhi,B2B,162.16,8281.72,3,2024
1037,Christopher Williams,Accessories,Caps,2.0,3127.73,0.06,0.0,2024-10-16,Ahmedabad,B2B,-793.02,6255.46,10,2024
2415,Donald Howard,Jeans,Ripped Denim,2.0,3395.67,0.65,0.0,2024-03-27,Bangalore,B2C,1958.51,6791.34,3,2024
2416,Charles Johnson,Dresses,Bodycon,2.0,2685.985,1.27,0.0,2024-03-13,Pune,B2B,1219.82,5371.97,3,2024
2417,Candace Huff,Jackets,Bomber Jacket,2.0,4268.68,0.67,0.0,2024-03-27,Delhi,B2B,1818.31,8537.36,3,2024
2418,Matthew Good,Jackets,Denim Jacket,2.0,3435.95,0.36,0.0,2024-03-27,Delhi,B2B,-77.18,6871.9,3,2024
2419,Rebekah Parker,Shoes,Slip-ons,2.0,1832.16,0.65,0.0,2024-03-27,Mumbai,B2C,2843.62,3664.32,3,2024
2420,Alex Marshall,Jackets,Bomber Jacket,2.0,3714.46,0.65,0.0,2024-03-27,Ahmedabad,B2C,2452.72,7428.92,3,2024
2421,Ashley Harrison,Accessories,Caps,4.0,4411.39,0.65,0.0,2024-08-12,Hyderabad,B2B,-501.29,17645.56,8,2024
2422,Mario Scott,T-Shirts,Oversized T-shirt,2.0,2685.985,0.22,0.0,2024-03-27,bengaluru,B2B,756.56,5371.97,3,2024
2423,Victor Jones,Shoes,Sneakers,2.0,2685.985,0.65,0.0,2023-11-26,Ahmedabad,B2B,2661.66,5371.97,11,2023
2424,James Day,Shoes,Loafers,5.0,2476.15,0.65,0.0,2023-12-19,Pune,B2C,387.88,12380.75,12,2023
2425,Jeffery Blankenship,Dresses,Wrap Dress,0.0,2632.44,0.65,0.0,2024-03-27,Pune,B2B,2036.93,0.0,3,2024
2426,Jacqueline Peck,Jackets,Bomber Jacket,2.0,2685.985,0.65,0.0,2024-03-27,Delhi,B2B,261.68,5371.97,3,2024
2427,Sean Tran,T-Shirts,Classic Tee,5.0,1510.89,0.65,0.0,2024-03-27,bengaluru,B2B,2959.19,7554.450000000001,3,2024
2428,Craig Miller,Shoes,Loafers,-2.0,2685.985,0.65,0.0,2024-03-27,Delhi,B2B,1885.43,-5371.97,3,2024
2429,Melissa Clark,Shoes,Loafers,-1.0,4193.1,0.65,0.0,2024-09-26,Hyd,B2C,436.03,-4193.1,9,2024
2430,Alex Nash,Jeans,Ripped Denim,2.0,3149.37,0.65,0.0,2024-03-27,Pune,B2C,1094.4,6298.74,3,2024
1006,Laura Smith,Jackets,Leather Jacket,-2.0,714.5,0.72,-400.12,2024-07-24,Delhi,B2B,-29.59,-1429.0,7,2024
2432,John Ramirez,Jackets,Denim Jacket,1.0,2685.985,0.11,0.0,2024-03-27,Mumbai,B2B,2950.78,2685.985,3,2024
2433,Jared Hill,T-Shirts,Crop Top,0.0,2489.18,0.65,0.0,2024-03-27,Ahmedabad,B2C,-22.68,0.0,3,2024
2434,Patrick Hernandez,Jackets,Leather Jacket,0.0,2685.985,0.65,0.0,2024-03-27,Hyderabad,B2B,1953.07,0.0,3,2024
2435,Kenneth Anthony,Accessories,Belts,2.0,2685.985,0.65,0.0,2023-07-29,Mumbai,B2C,2711.18,5371.97,7,2023
2436,Jason Stanley,T-Shirts,Oversized T-shirt,2.0,2685.985,0.65,0.0,2024-03-27,Hyderabad,B2B,2492.87,5371.97,3,2024
2437,Kyle Jordan,T-Shirts,Crop Top,1.0,1906.91,0.97,57.21,2024-03-27,Ahmedabad,B2B,440.67,1906.91,3,2024
2438,John Fisher,T-Shirts,Graphic Tee,5.0,2685.985,0.65,0.0,2024-03-14,Hyderabad,B2B,1037.5,13429.925000000001,3,2024
2439,Sarah Glass,Accessories,Caps,2.0,2685.985,0.24,0.0,2024-03-27,Delhi,B2C,-789.39,5371.97,3,2024
2440,Sean Moore,T-Shirts,Classic Tee,2.0,3846.31,0.51,0.0,2024-09-04,Pune,B2B,381.13,7692.62,9,2024
2441,Jessica Gonzalez,Dresses,Wrap Dress,2.0,2685.985,0.81,0.0,2024-03-27,Pune,B2B,1220.91,5371.97,3,2024
2442,Christine Scott,Jeans,Boyfriend Jeans,2.0,2685.985,0.65,0.0,2024-03-27,Pune,B2C,-937.17,5371.97,3,2024
2443,Erin Cook,T-Shirts,Graphic Tee,1.0,4981.86,0.65,0.0,2024-03-27,Pune,B2B,1410.16,4981.86,3,2024
2444,Alexa Mclaughlin,Jeans,Boyfriend Jeans,2.0,3470.88,0.65,0.0,2024-03-27,Pune,B2B,638.83,6941.76,3,2024
2445,Matthew Whitaker,Accessories,Caps,2.0,2282.02,0.65,0.0,2024-03-27,Mumbai,B2C,555.12,4564.04,3,2024
1009,Renee Martinez,Jeans,Ripped Denim,6.0,2685.985,1.27,0.0,2024-03-27,Bangalore,B2C,2936.21,16115.91,3,2024
2447,Ronald Cohen,Dresses,Maxi Dress,6.0,1773.3,0.65,0.0,2024-03-27,Hyderabad,B2B,2073.35,10639.8,3,2024
2448,Robert Martinez,Jackets,Denim Jacket,3.0,2685.985,0.65,0.0,2024-03-27,Delhi,B2C,-244.83,8057.955,3,2024
2449,James Edwards,Shoes,Boots,2.0,2344.38,0.65,0.0,2024-03-27,Mumbai,B2B,419.95,4688.76,3,2024
2450,Elizabeth Rice,Accessories,Caps,2.0,3333.87,0.65,0.0,2024-03-27,Ahmedabad,B2B,1673.63,6667.74,3,2024
2451,Allison Mccann,Shoes,Boots,2.0,2685.985,0.65,0.0,2024-03-27,Ahmedabad,B2B,1177.96,5371.97,3,2024
1011,Dr. Nicholas Martinez,Accessories,Sunglasses,3.0,2685.985,0.65,0.0,2024-03-27,Mumbai,B2B,-360.37,8057.955,3,2024
2453,Katie Berger,Jeans,Slim Fit Jeans,2.0,2685.985,0.72,0.0,2024-05-29,Hyderabad,B2B,382.31,5371.97,5,2024
2454,Robert Sosa,T-Shirts,Crop Top,3.0,2685.985,0.65,0.0,2024-03-27,Bangalore,B2B,1961.19,8057.955,3,2024
2455,Anna Hernandez,Shoes,Sneakers,2.0,2685.985,0.65,0.0,2024-03-27,Pune,B2B,2153.01,5371.97,3,2024
2456,Robert Nichols,Accessories,Caps,2.0,889.88,0.65,0.0,2024-03-27,Ahmedabad,B2B,1607.65,1779.76,3,2024
2457,Angel Gutierrez,Jackets,Leather Jacket,6.0,2685.985,1.25,0.0,2024-09-15,Delhi,B2C,179.36,16115.91,9,2024
2458,Stephanie Frank,T-Shirts,Oversized T-shirt,2.0,2685.985,0.64,0.0,2024-03-27,Delhi,B2B,163.69,5371.97,3,2024
2459,Cindy Anderson,Accessories,Sunglasses,2.0,2685.985,0.65,0.0,2024-03-27,Mumbai,B2B,2616.96,5371.97,3,2024
2460,Jon Hernandez,Accessories,Watches,-2.0,3157.28,0.07,-5872.54,2023-09-25,Hyd,B2B,971.15,-6314.56,9,2023
2461,David Alvarez,Jackets,Puffer Coat,1.0,4225.58,0.65,0.0,2024-03-27,Hyd,B2B,-793.29,4225.58,3,2024
2462,John Perry,Accessories,Belts,2.0,2123.22,0.65,0.0,2024-03-27,Mumbai,B2B,2645.36,4246.44,3,2024
2463,Amanda Schroeder,Accessories,Sunglasses,2.0,405.52,0.65,0.0,2025-03-07,Delhi,B2B,2036.57,811.04,3,2025
2464,Kendra Alvarado,Shoes,Boots,-1.0,2685.985,0.32,0.0,2025-04-04,Hyderabad,B2B,2742.15,-2685.985,4,2025
2465,Melanie Howe,Jeans,Straight Cut,2.0,493.99,0.65,0.0,2024-03-27,Hyderabad,B2B,-365.9,987.98,3,2024
2466,Kathryn Chang,Dresses,Maxi Dress,2.0,2335.61,0.17,0.0,2024-03-27,Ahmedabad,B2B,-36.92,4671.22,3,2024
2467,Javier Williams,Shoes,Loafers,2.0,2685.985,0.65,0.0,2025-06-15,Mumbai,B2C,485.02,5371.97,6,2025
2468,Cynthia Rhodes,T-Shirts,Oversized T-shirt,2.0,2685.985,0.65,0.0,2024-03-27,Mumbai,B2B,1149.65,5371.97,3,2024
2469,Travis Boyd,Jackets,Bomber Jacket,2.0,4132.13,0.65,0.0,2024-03-27,Mumbai,B2B,828.43,8264.26,3,2024
2470,Ashley Williams,Jackets,Puffer Coat,3.0,2685.985,0.74,0.0,2024-03-27,Pune,B2B,321.21,8057.955,3,2024
2471,Christine Decker,Jeans,Slim Fit Jeans,2.0,4457.83,0.66,0.0,2024-03-27,Pune,B2B,780.39,8915.66,3,2024
2472,Brandon Flowers,Jeans,Ripped Denim,2.0,4357.94,0.33,0.0,2024-03-27,Delhi,B2B,971.5,8715.88,3,2024
2473,Amy Clark,Shoes,Sneakers,6.0,408.21,1.16,-391.88,2024-08-12,Delhi,B2B,611.86,2449.2599999999998,8,2024
2474,Timothy Smith,Shoes,Loafers,2.0,2685.985,0.65,0.0,2024-11-09,Bangalore,B2B,-930.79,5371.97,11,2024
2475,Maureen Cohen,Jackets,Leather Jacket,5.0,642.48,0.17,2666.29,2024-03-27,Ahmedabad,B2C,1800.37,3212.4,3,2024
2476,Crystal Ortiz,Dresses,Casual Midi,5.0,2967.26,0.65,0.0,2024-03-27,Hyderabad,B2B,2069.15,14836.300000000001,3,2024
2477,Joshua Knight,Shoes,Boots,3.0,3725.14,0.65,0.0,2024-03-27,Bangalore,B2C,1220.32,11175.42,3,2024
2478,Rachael Terrell,Dresses,Bodycon,2.0,1904.58,0.65,0.0,2024-03-27,Mumbai,B2B,2090.91,3809.16,3,2024
2479,Kimberly Andrews,Shoes,Slip-ons,-1.0,2685.985,1.11,0.0,2024-03-27,Pune,B2B,81.23,-2685.985,3,2024
2480,John Lawrence,Shoes,Sneakers,2.0,2685.985,0.14,0.0,2024-03-27,Bangalore,B2B,1556.81,5371.97,3,2024
2481,Laura Chen,Jackets,Bomber Jacket,2.0,2685.985,0.65,0.0,2024-03-27,Mumbai,B2B,142.82,5371.97,3,2024
1050,Lindsey Craig,Accessories,Caps,4.0,4439.39,0.65,0.0,2024-09-08,Ahmedabad,B2C,2062.85,17757.56,9,2024
2483,Kristin Scott,Dresses,Wrap Dress,2.0,2685.985,0.96,0.0,2024-03-27,Pune,B2B,-369.21,5371.97,3,2024
2484,Matthew Alvarez,T-Shirts,Graphic Tee,2.0,2685.985,0.65,0.0,2024-03-27,Pune,B2C,516.5,5371.97,3,2024
1050,Andrea Cortez,Jeans,Boyfriend Jeans,1.0,2103.54,0.65,0.0,2024-03-27,Hyd,B2C,2871.06,2103.54,3,2024
2486,Heather Flores,Jackets,Leather Jacket,-2.0,2685.985,0.65,0.0,2024-03-27,Ahmedabad,B2B,2082.36,-5371.97,3,2024
2487,Jill Eaton,Jackets,Leather Jacket,-2.0,2685.985,0.65,0.0,2024-03-27,Mumbai,B2B,-395.34,-5371.97,3,2024
2488,Amy Potts,Jackets,Bomber Jacket,2.0,718.84,0.53,0.0,2024-02-13,Ahmedabad,B2B,528.71,1437.68,2,2024
2489,Antonio Woods,Shoes,Boots,0.0,2685.985,0.65,0.0,2024-03-27,Pune,B2B,-194.49,0.0,3,2024
2490,Cindy Zamora,T-Shirts,Oversized T-shirt,5.0,688.38,0.65,0.0,2024-03-27,bengaluru,B2B,-25.21,3441.9,3,2024
2491,Amanda Day,Shoes,Sneakers,2.0,2685.985,0.68,0.0,2024-03-27,Bangalore,B2C,2466.01,5371.97,3,2024
2492,Miss Roberta Gonzalez MD,Jackets,Bomber Jacket,-1.0,2685.985,0.65,0.0,2024-03-27,Bangalore,B2C,549.15,-2685.985,3,2024
2493,Brian Taylor,Dresses,Maxi Dress,2.0,2685.985,0.92,0.0,2024-03-27,Ahmedabad,B2B,452.38,5371.97,3,2024
2494,Mark Bonilla,Shoes,Loafers,3.0,2685.985,1.16,0.0,2024-03-27,Hyderabad,B2B,1753.67,8057.955,3,2024
2495,Carrie Larson,Jeans,Slim Fit Jeans,2.0,1106.09,0.65,0.0,2023-09-28,Delhi,B2C,1838.39,2212.18,9,2023
2496,Brian Howard,Jackets,Puffer Coat,-2.0,2685.985,0.65,0.0,2024-03-27,Delhi,B2B,2882.47,-5371.97,3,2024
2497,Darren Bailey,Accessories,Watches,1.0,3607.5,0.65,0.0,2024-03-27,Ahmedabad,B2B,-341.21,3607.5,3,2024
2498,Wanda Medina,Jackets,Puffer Coat,4.0,2043.67,0.65,0.0,2023-09-07,Pune,B2C,-24.72,8174.68,9,2023
2499,Heather Taylor,Dresses,Casual Midi,-2.0,4638.76,0.65,0.0,2024-03-27,Hyderabad,B2B,379.89,-9277.52,3,2024
2500,Kenneth Hooper,Accessories,Watches,5.0,2685.985,0.92,0.0,2024-07-30,Delhi,B2B,765.43,13429.925000000001,7,2024
2501,Eric Rogers,Dresses,Maxi Dress,2.0,2685.985,0.65,0.0,2024-03-27,Ahmedabad,B2B,106.21,5371.97,3,2024
2502,Trevor Lynch DVM,Shoes,Loafers,2.0,2685.985,1.0,0.0,2024-03-27,Mumbai,B2B,653.4,5371.97,3,2024
2503,Amy Robinson,Accessories,Sunglasses,2.0,1259.22,0.65,0.0,2024-07-26,Bangalore,B2B,120.44,2518.44,7,2024
2504,Jeremiah Salas,Dresses,Wrap Dress,2.0,2685.985,1.2,0.0,2024-03-27,Ahmedabad,B2B,-757.99,5371.97,3,2024
2505,Jeff Dorsey,Shoes,Sneakers,-1.0,1258.77,0.71,-365.04,2024-03-27,Hyderabad,B2B,549.6,-1258.77,3,2024
2506,Shannon Bean,Jackets,Leather Jacket,2.0,2685.985,0.65,0.0,2024-03-27,Hyd,B2B,1734.31,5371.97,3,2024
2507,Allison Miller,T-Shirts,Graphic Tee,2.0,2685.985,0.65,0.0,2024-03-27,Ahmedabad,B2C,339.83,5371.97,3,2024
2508,Sean Rogers,T-Shirts,Oversized T-shirt,2.0,4245.43,0.65,0.0,2025-03-23,Bangalore,B2B,-556.03,8490.86,3,2025
2509,William Wells,Jackets,Puffer Coat,5.0,2685.985,0.65,0.0,2024-03-27,Pune,B2B,1995.3,13429.925000000001,3,2024
2510,John Hayes,Dresses,Maxi Dress,0.0,2685.985,0.65,0.0,2024-03-27,Delhi,B2C,-530.81,0.0,3,2024
2511,Hannah Jackson,Jackets,Bomber Jacket,2.0,2822.43,1.0,0.0,2024-03-27,bengaluru,B2C,2522.48,5644.86,3,2024
2512,Kim Chavez,Jeans,Boyfriend Jeans,2.0,2685.985,0.53,0.0,2024-03-27,bengaluru,B2B,958.94,5371.97,3,2024
2513,Robert Burnett,Dresses,Maxi Dress,2.0,3625.99,0.93,0.0,2024-03-27,Delhi,B2C,1552.29,7251.98,3,2024
2514,Cory Evans,Jeans,Straight Cut,4.0,2685.985,0.1,0.0,2024-03-27,Hyderabad,B2B,-862.68,10743.94,3,2024
2515,Amanda Benson,Jackets,Denim Jacket,3.0,2685.985,0.65,0.0,2024-03-27,bengaluru,B2B,2802.1,8057.955,3,2024
2516,Ashley Martin,Jeans,Ripped Denim,1.0,1927.87,0.65,0.0,2024-03-27,Delhi,B2B,-876.36,1927.87,3,2024
2517,Courtney Smith,Shoes,Boots,2.0,2685.985,0.2,0.0,2024-03-27,Pune,B2B,409.12,5371.97,3,2024
2518,Selena Johnson,Shoes,Boots,6.0,773.28,0.65,0.0,2024-03-27,Pune,B2B,608.25,4639.68,3,2024
2519,Anthony Contreras,Dresses,Maxi Dress,2.0,3873.82,0.99,0.0,2024-03-27,Delhi,B2B,2122.44,7747.64,3,2024
2520,Michelle Greene,Jeans,Straight Cut,1.0,2581.19,1.04,-103.25,2024-05-06,Hyd,B2B,2944.11,2581.19,5,2024
2521,Jennifer Ortiz,Dresses,Wrap Dress,2.0,2685.985,0.65,0.0,2024-03-27,Mumbai,B2C,140.18,5371.97,3,2024
2522,Russell King,Dresses,Wrap Dress,4.0,2847.02,0.57,4896.87,2023-09-02,Pune,B2B,1592.04,11388.08,9,2023
2523,Alyssa Horn,Accessories,Caps,2.0,2840.78,0.65,0.0,2024-09-30,Pune,B2B,-836.39,5681.56,9,2024
2524,Carlos Valencia,T-Shirts,Oversized T-shirt,2.0,3539.22,0.65,0.0,2024-03-27,Bangalore,B2B,1991.27,7078.44,3,2024
2525,Erica Smith,Jackets,Puffer Coat,2.0,3046.11,0.65,0.0,2025-04-29,bengaluru,B2B,-190.66,6092.22,4,2025
2526,Brianna Bonilla,Accessories,Belts,2.0,2685.985,0.94,0.0,2024-03-27,Mumbai,B2B,2853.61,5371.97,3,2024
2527,Steven Reed,Shoes,Slip-ons,-1.0,4057.33,1.22,892.61,2024-03-27,bengaluru,B2C,385.15,-4057.33,3,2024
2528,Dr. Jacqueline Henry,Shoes,Sneakers,-1.0,2685.985,0.02,0.0,2024-03-27,Delhi,B2B,-634.46,-2685.985,3,2024
2529,Kathryn Green,T-Shirts,Crop Top,2.0,419.25,0.65,0.0,2024-03-27,Mumbai,B2B,1726.68,838.5,3,2024
1028,Ashley Miller,T-Shirts,Oversized T-shirt,0.0,2685.985,0.65,0.0,2024-12-27,Ahmedabad,B2B,-701.08,0.0,12,2024
2531,Ricky Nelson,T-Shirts,Graphic Tee,2.0,816.33,0.65,0.0,2024-03-27,Mumbai,B2C,868.11,1632.66,3,2024
2532,Joshua Greer,Shoes,Sneakers,2.0,1863.19,0.01,0.0,2024-03-27,Mumbai,B2B,-371.04,3726.38,3,2024
2533,Nicholas Dennis,Dresses,Maxi Dress,2.0,3960.8,0.03,0.0,2025-01-09,Mumbai,B2B,1266.88,7921.6,1,2025
2534,Crystal Hubbard,T-Shirts,Classic Tee,4.0,687.34,1.21,-577.37,2024-03-27,Delhi,B2B,-234.42,2749.36,3,2024
2535,Jessica Garrett,Accessories,Belts,2.0,2685.985,0.65,0.0,2024-03-27,Delhi,B2C,782.05,5371.97,3,2024
2536,Randall Bruce,Jeans,Slim Fit Jeans,2.0,2685.985,0.65,0.0,2024-03-27,Mumbai,B2C,2685.77,5371.97,3,2024
2537,Christopher Moore,Shoes,Sneakers,2.0,3449.08,1.09,0.0,2024-03-08,Bangalore,B2C,181.11,6898.16,3,2024
2538,James Aguilar,Dresses,Casual Midi,2.0,2685.985,0.65,0.0,2024-03-27,Hyderabad,B2C,-705.34,5371.97,3,2024
2539,Mr. Wayne Fletcher DVM,Jackets,Bomber Jacket,4.0,2685.985,0.65,0.0,2024-03-27,Mumbai,B2B,2989.83,10743.94,3,2024
2540,Yvonne Perez,Jeans,Slim Fit Jeans,2.0,799.82,0.65,0.0,2024-03-27,Hyderabad,B2C,1358.09,1599.64,3,2024
2541,Michael Deleon,Jeans,Ripped Denim,3.0,2685.985,0.65,0.0,2024-03-27,Delhi,B2B,404.87,8057.955,3,2024
2542,Miss Natalie Aguilar,Jackets,Bomber Jacket,3.0,2685.985,0.42,0.0,2024-03-27,Bangalore,B2B,379.4,8057.955,3,2024
2543,Kevin Allison,T-Shirts,Classic Tee,4.0,3501.9,0.65,0.0,2023-10-22,Hyderabad,B2B,1747.96,14007.6,10,2023
2544,Douglas Scott,Accessories,Sunglasses,2.0,3205.96,0.65,0.0,2024-03-27,Mumbai,B2B,1764.26,6411.92,3,2024
2545,Rachel Williams,Dresses,Bodycon,2.0,2109.08,0.65,0.0,2025-05-05,Delhi,B2B,1633.57,4218.16,5,2025
2546,Traci Jennings,T-Shirts,Classic Tee,1.0,3574.54,0.65,0.0,2024-03-27,Mumbai,B2C,-305.77,3574.54,3,2024
2547,Ryan Braun,Shoes,Slip-ons,2.0,4896.32,1.26,0.0,2024-03-27,Delhi,B2B,2391.23,9792.64,3,2024
2548,Patrick Hill,Dresses,Bodycon,-1.0,4994.07,0.65,0.0,2024-03-27,Hyd,B2B,2068.21,-4994.07,3,2024
2549,Colin Osborne,Dresses,Wrap Dress,6.0,2319.23,0.65,0.0,2024-03-27,Ahmedabad,B2C,-854.91,13915.380000000001,3,2024
2550,Anthony Love,Jackets,Leather Jacket,-1.0,1463.64,0.65,0.0,2024-03-27,Hyderabad,B2C,1667.2,-1463.64,3,2024
2551,Mark Wood,Accessories,Sunglasses,6.0,4776.97,0.65,0.0,2024-03-27,Ahmedabad,B2B,727.96,28661.82,3,2024
2552,Debra Romero,Dresses,Casual Midi,2.0,3617.02,0.65,0.0,2024-03-27,Hyd,B2C,2692.48,7234.04,3,2024
2553,Edward Santos,Dresses,Maxi Dress,2.0,3347.39,0.65,0.0,2023-09-24,Mumbai,B2B,441.13,6694.78,9,2023
2554,Deborah Richmond,Shoes,Sneakers,2.0,2433.47,0.65,0.0,2024-03-27,Hyderabad,B2B,796.37,4866.94,3,2024
2555,Nathan Washington,Jeans,Slim Fit Jeans,2.0,3633.07,0.22,0.0,2024-01-22,Pune,B2B,826.86,7266.14,1,2024
2556,Kenneth Harris,Jackets,Puffer Coat,2.0,2068.88,0.65,0.0,2024-03-27,bengaluru,B2B,-9.99,4137.76,3,2024
2557,Jeffrey Cook,Accessories,Sunglasses,-1.0,4626.44,1.1,462.64,2024-03-27,Ahmedabad,B2B,1942.23,-4626.44,3,2024
2558,Loretta Perry,Accessories,Sunglasses,2.0,1175.25,0.65,0.0,2024-03-27,Mumbai,B2B,854.14,2350.5,3,2024
2559,Shelley Olson,Accessories,Watches,0.0,2685.985,0.3,0.0,2024-03-27,Pune,B2B,-882.81,0.0,3,2024
2560,Jason Tucker,Shoes,Loafers,-1.0,4699.66,0.65,0.0,2024-03-27,Mumbai,B2C,2759.92,-4699.66,3,2024
2561,Dawn Perkins,Jackets,Puffer Coat,5.0,2685.985,0.65,0.0,2024-03-27,Ahmedabad,B2B,559.97,13429.925000000001,3,2024
1044,Cody Rogers,Jackets,Bomber Jacket,2.0,756.73,0.65,0.0,2024-03-27,Delhi,B2B,1504.13,1513.46,3,2024
2563,Michael Freeman,Accessories,Sunglasses,2.0,2685.985,0.41,0.0,2024-03-27,Hyderabad,B2C,891.43,5371.97,3,2024
2564,Kenneth Bennett,Jackets,Leather Jacket,-1.0,2685.985,0.65,0.0,2023-12-30,Mumbai,B2C,-479.17,-2685.985,12,2023
2565,Ryan Bowen,Shoes,Sneakers,2.0,2685.985,0.65,0.0,2024-03-27,Pune,B2B,415.71,5371.97,3,2024
2566,Raymond Mcdonald,T-Shirts,Crop Top,1.0,4482.08,0.65,0.0,2024-03-27,Bangalore,B2B,464.92,4482.08,3,2024
2567,Richard Alexander,T-Shirts,Graphic Tee,4.0,2685.985,0.35,0.0,2024-03-27,Delhi,B2B,2962.69,10743.94,3,2024
1013,Tamara Hopkins,Shoes,Sneakers,6.0,2355.28,0.65,0.0,2025-01-17,Ahmedabad,B2B,330.11,14131.68,1,2025
2569,Ashley Fernandez,Jackets,Leather Jacket,2.0,1263.84,0.65,0.0,2024-03-27,Hyderabad,B2B,2520.08,2527.68,3,2024
2570,Christine Garcia,Jackets,Denim Jacket,-1.0,2685.985,0.78,0.0,2024-03-27,Hyderabad,B2B,1668.49,-2685.985,3,2024
2571,Julie Grant,Dresses,Wrap Dress,-2.0,3061.98,0.65,0.0,2024-03-27,Ahmedabad,B2B,2553.09,-6123.96,3,2024
2572,Sharon Sharp,T-Shirts,Oversized T-shirt,0.0,2685.985,0.65,0.0,2024-03-27,Pune,B2B,-305.72,0.0,3,2024
2573,Thomas Nielsen,Jackets,Leather Jacket,2.0,2685.985,0.65,0.0,2024-01-12,Ahmedabad,B2B,-215.0,5371.97,1,2024
2574,Michael Day,Dresses,Wrap Dress,-2.0,2685.985,0.65,0.0,2024-03-27,Pune,B2B,-39.3,-5371.97,3,2024
2575,James Thompson,Shoes,Sneakers,-2.0,2714.78,0.42,-3149.14,2024-03-27,Ahmedabad,B2B,1220.49,-5429.56,3,2024
2576,Jessica Wilkerson,Jeans,Straight Cut,2.0,2685.985,0.56,0.0,2024-03-27,Mumbai,B2C,515.36,5371.97,3,2024
2577,Brian Young,Jeans,Straight Cut,1.0,609.06,0.17,505.52,2024-03-27,Ahmedabad,B2C,110.23,609.06,3,2024
2578,Travis Watson,T-Shirts,Graphic Tee,2.0,2685.985,0.87,0.0,2024-03-27,Hyderabad,B2B,2826.66,5371.97,3,2024
1026,Elizabeth Vargas,Jeans,Boyfriend Jeans,2.0,2293.29,0.4,0.0,2024-03-27,Mumbai,B2C,1000.06,4586.58,3,2024
2580,Amy Garcia,Shoes,Loafers,2.0,2685.985,0.65,0.0,2024-04-01,Hyderabad,B2C,2076.53,5371.97,4,2024
2581,Jason Davis PhD,Jackets,Bomber Jacket,2.0,3895.43,0.65,0.0,2024-11-15,Bangalore,B2B,1316.66,7790.86,11,2024
2582,Scott Stephenson,T-Shirts,Oversized T-shirt,2.0,4154.55,0.95,0.0,2024-03-27,Pune,B2B,-247.99,8309.1,3,2024
1014,Sally Morales,Jeans,Boyfriend Jeans,-2.0,2685.985,0.65,0.0,2024-04-10,Delhi,B2C,1946.1,-5371.97,4,2024
2584,William Doyle,Accessories,Caps,3.0,1276.26,0.69,1186.92,2024-03-27,Mumbai,B2C,2446.7,3828.7799999999997,3,2024
2585,Rebecca Lowery,Dresses,Casual Midi,2.0,2685.985,0.65,0.0,2024-03-27,Hyd,B2C,1123.27,5371.97,3,2024
2586,Tina Wilson,Jeans,Slim Fit Jeans,2.0,789.21,0.65,0.0,2025-01-15,Ahmedabad,B2C,1565.56,1578.42,1,2025
2587,Samantha Gould,T-Shirts,Classic Tee,5.0,3463.37,0.1,15585.16,2024-03-27,Bangalore,B2B,-957.03,17316.85,3,2024
2588,Jessica Park,Accessories,Sunglasses,2.0,2685.985,1.07,0.0,2024-03-27,Hyd,B2B,-927.74,5371.97,3,2024
2589,Kathy Smith,Shoes,Slip-ons,0.0,3256.31,0.65,0.0,2024-03-27,Delhi,B2B,2266.79,0.0,3,2024
2590,Maurice Mcconnell,Shoes,Slip-ons,2.0,2685.985,0.54,0.0,2024-03-27,Delhi,B2B,1613.88,5371.97,3,2024
2591,Danielle Kaufman,Jackets,Denim Jacket,2.0,4784.03,0.65,0.0,2024-03-27,Hyderabad,B2C,176.96,9568.06,3,2024
2592,Jeffery Green,T-Shirts,Crop Top,2.0,4965.93,0.65,0.0,2024-03-27,Pune,B2C,1406.72,9931.86,3,2024
2593,Christine James,Dresses,Maxi Dress,4.0,736.36,0.83,500.72,2024-03-27,Mumbai,B2B,2463.68,2945.44,3,2024
2594,Michael Diaz,Jeans,Straight Cut,2.0,2685.985,0.37,0.0,2024-03-27,Pune,B2C,580.23,5371.97,3,2024
2595,Tony Davis,Dresses,Maxi Dress,2.0,2469.67,1.07,0.0,2024-03-27,Mumbai,B2B,802.05,4939.34,3,2024
2596,Kelly Saunders,Jeans,Slim Fit Jeans,2.0,2538.57,0.65,0.0,2025-05-30,Hyd,B2C,342.21,5077.14,5,2025
2597,Steve Tran,Jackets,Puffer Coat,2.0,2685.985,0.65,0.0,2024-03-27,Bangalore,B2B,538.11,5371.97,3,2024
2598,Christopher Davis,Jackets,Denim Jacket,-2.0,4412.21,0.65,0.0,2024-03-27,bengaluru,B2C,2917.18,-8824.42,3,2024
2599,Stephanie Franco,Shoes,Sneakers,2.0,2685.985,0.23,0.0,2024-09-24,Hyd,B2B,2293.29,5371.97,9,2024
2600,Kristie Williams,Shoes,Boots,5.0,4832.16,0.65,0.0,2024-09-20,Pune,B2B,1707.66,24160.8,9,2024
2601,Stephanie King,Jeans,Ripped Denim,1.0,2685.985,0.28,0.0,2024-03-27,Bangalore,B2B,2556.02,2685.985,3,2024
1002,Travis Thomas,Accessories,Watches,2.0,2685.985,0.65,0.0,2024-03-27,Ahmedabad,B2B,48.87,5371.97,3,2024
2603,Carol Young,T-Shirts,Crop Top,5.0,4403.84,0.65,0.0,2024-03-27,Mumbai,B2C,-513.19,22019.2,3,2024
2604,Angela Wiggins,Shoes,Boots,-1.0,2171.22,0.65,0.0,2024-03-27,bengaluru,B2B,2595.22,-2171.22,3,2024
2605,Diana Buchanan,Dresses,Casual Midi,1.0,1636.26,0.94,98.18,2025-01-10,Hyd,B2B,615.81,1636.26,1,2025
2606,George Moody,Jeans,Straight Cut,2.0,806.81,0.11,0.0,2024-05-30,Pune,B2B,634.66,1613.62,5,2024
2607,Michael Morris,Jackets,Puffer Coat,2.0,2289.93,1.2,0.0,2024-03-27,bengaluru,B2B,183.34,4579.86,3,2024
2608,James Hayes,Jackets,Puffer Coat,2.0,3352.88,0.65,0.0,2024-06-21,Mumbai,B2B,2684.88,6705.76,6,2024
2609,Timothy Nash,Jackets,Puffer Coat,2.0,2685.985,0.65,0.0,2024-03-27,Delhi,B2C,641.89,5371.97,3,2024
2610,Amanda Wolf,T-Shirts,Oversized T-shirt,5.0,1606.99,0.65,0.0,2023-12-23,Ahmedabad,B2C,1743.11,8034.95,12,2023
2611,Barbara Thompson,Dresses,Wrap Dress,-2.0,2685.985,1.05,0.0,2024-03-27,Pune,B2B,2391.7,-5371.97,3,2024
2612,Natasha Willis,Accessories,Watches,2.0,2672.64,0.65,0.0,2024-04-20,bengaluru,B2B,1142.44,5345.28,4,2024
2613,Kathleen Sharp,T-Shirts,Graphic Tee,2.0,2438.16,0.65,0.0,2024-03-01,Pune,B2B,161.35,4876.32,3,2024
2614,Shirley Mann,Shoes,Sneakers,2.0,4530.28,0.67,0.0,2024-03-27,Ahmedabad,B2B,2891.77,9060.56,3,2024
2615,Sarah Nguyen,T-Shirts,Classic Tee,2.0,2685.985,0.65,0.0,2023-12-07,Mumbai,B2B,1644.18,5371.97,12,2023
2616,Austin Warner,T-Shirts,Graphic Tee,5.0,2685.985,0.24,0.0,2024-03-27,Pune,B2B,2858.08,13429.925000000001,3,2024
2617,Heather Hall,Dresses,Maxi Dress,2.0,2685.985,0.65,0.0,2024-03-27,Mumbai,B2B,-151.75,5371.97,3,2024
2618,Colin Dillon,Shoes,Boots,2.0,2685.985,0.95,0.0,2024-03-27,Ahmedabad,B2B,-850.68,5371.97,3,2024
2619,Brittany Perkins,Jeans,Straight Cut,2.0,2685.985,0.65,0.0,2024-03-27,Ahmedabad,B2C,1443.87,5371.97,3,2024
2620,Patricia Stokes,Shoes,Loafers,2.0,3415.9,0.65,0.0,2024-08-22,Mumbai,B2C,25.83,6831.8,8,2024
2621,Brenda Lewis,Shoes,Loafers,4.0,2685.985,1.14,0.0,2023-12-23,Delhi,B2B,2237.85,10743.94,12,2023
2622,Jennifer Jordan,T-Shirts,Oversized T-shirt,2.0,2705.13,0.65,0.0,2024-03-27,Delhi,B2B,1133.53,5410.26,3,2024
1020,Catherine Good,Dresses,Bodycon,2.0,2685.985,0.65,0.0,2023-08-10,Pune,B2B,1224.35,5371.97,8,2023
2624,Walter Jenkins,Accessories,Caps,-1.0,2685.985,0.99,0.0,2024-03-27,Ahmedabad,B2B,559.1,-2685.985,3,2024
2625,James Leonard,Dresses,Maxi Dress,2.0,2685.985,0.65,0.0,2023-10-11,Mumbai,B2B,1271.12,5371.97,10,2023
2626,Sarah Craig,T-Shirts,Crop Top,2.0,4932.25,0.65,0.0,2025-05-16,bengaluru,B2B,742.42,9864.5,5,2025
2627,Sheila Crawford,Dresses,Wrap Dress,-2.0,2685.985,0.65,0.0,2024-03-27,Mumbai,B2B,87.54,-5371.97,3,2024
2628,Annette Miller,Jeans,Straight Cut,2.0,2685.985,0.65,0.0,2024-01-11,Delhi,B2B,2466.43,5371.97,1,2024
2629,Michael Green,Dresses,Bodycon,2.0,2685.985,0.65,0.0,2024-03-27,Hyderabad,B2B,1765.52,5371.97,3,2024
2630,Kimberly Morris,Shoes,Loafers,2.0,856.83,0.65,0.0,2024-03-27,Ahmedabad,B2C,1369.89,1713.66,3,2024
2631,James Soto,Accessories,Watches,2.0,1753.02,0.23,2699.65,2024-03-27,Pune,B2B,-766.47,3506.04,3,2024
2632,Scott Bryant,Shoes,Loafers,3.0,4127.32,0.65,0.0,2024-03-27,Pune,B2B,989.17,12381.96,3,2024
2633,Teresa Carlson,Accessories,Caps,-1.0,2685.985,0.87,0.0,2023-10-22,Pune,B2B,300.47,-2685.985,10,2023
2634,Jennifer Richardson,Accessories,Watches,-2.0,2685.985,0.96,0.0,2024-03-27,Hyd,B2B,2065.74,-5371.97,3,2024
2635,Karen Bridges,Shoes,Boots,2.0,2685.985,0.65,0.0,2024-03-27,Pune,B2C,461.83,5371.97,3,2024
2636,Amy Riley,Dresses,Wrap Dress,3.0,1006.98,0.65,0.0,2023-08-13,Mumbai,B2B,1576.71,3020.94,8,2023
2637,Deanna Woods,Jackets,Leather Jacket,2.0,2685.985,0.72,0.0,2024-03-27,Delhi,B2B,1326.41,5371.97,3,2024
2638,Sharon Reed,Jackets,Leather Jacket,6.0,2012.14,0.65,0.0,2024-03-27,Delhi,B2B,3.53,12072.84,3,2024
2639,Rachel Brown,Shoes,Sneakers,-1.0,4947.96,0.65,0.0,2024-03-27,Pune,B2C,1245.61,-4947.96,3,2024
2640,Richard Lopez,Jackets,Leather Jacket,6.0,4720.23,0.69,8779.63,2023-12-29,Ahmedabad,B2B,2243.09,28321.379999999997,12,2023
2641,Jordan Pierce,Dresses,Bodycon,6.0,2685.985,0.65,0.0,2024-03-27,Delhi,B2B,-151.61,16115.91,3,2024
2642,Andrew Sharp,Jackets,Bomber Jacket,-1.0,1043.58,0.65,0.0,2024-03-27,Hyderabad,B2B,1206.72,-1043.58,3,2024
2643,Kimberly Mitchell,Jackets,Bomber Jacket,2.0,2685.985,0.53,0.0,2024-03-27,bengaluru,B2B,2911.37,5371.97,3,2024
2644,Patricia Stanley,Jeans,Slim Fit Jeans,2.0,2685.985,0.65,0.0,2024-02-03,Mumbai,B2B,2044.35,5371.97,2,2024
2645,Gabriel Browning,Accessories,Sunglasses,2.0,2685.985,0.98,0.0,2025-04-14,Ahmedabad,B2B,1141.67,5371.97,4,2025
2646,Kaitlin Thompson,Jeans,Boyfriend Jeans,6.0,2685.985,0.65,0.0,2025-01-04,Delhi,B2B,2299.84,16115.91,1,2025
2647,April Nichols,Accessories,Belts,5.0,2685.985,0.65,0.0,2024-03-27,Hyderabad,B2B,-102.81,13429.925000000001,3,2024
2648,Susan Solis,Jeans,Straight Cut,2.0,4899.84,0.65,0.0,2024-03-27,Ahmedabad,B2C,1775.2,9799.68,3,2024
2649,Melissa Flowers,Accessories,Sunglasses,3.0,3838.55,0.91,1036.41,2024-07-31,Pune,B2C,2380.44,11515.650000000001,7,2024
2650,Sydney Chambers,Shoes,Slip-ons,2.0,2685.985,0.65,0.0,2024-03-27,bengaluru,B2C,2003.15,5371.97,3,2024
1040,Laurie Potter,Jackets,Puffer Coat,2.0,1640.04,0.65,0.0,2024-03-27,bengaluru,B2C,288.44,3280.08,3,2024
2652,Robyn Downs,Jeans,Boyfriend Jeans,2.0,2685.985,0.65,0.0,2024-03-27,Ahmedabad,B2C,1472.41,5371.97,3,2024
2653,Sara Duffy,T-Shirts,Oversized T-shirt,2.0,2685.985,0.03,0.0,2024-03-27,Pune,B2B,-327.41,5371.97,3,2024
2654,Lisa Frederick,Shoes,Slip-ons,6.0,2685.985,0.31,0.0,2025-02-04,Hyderabad,B2B,250.85,16115.91,2,2025
2655,John Kim,Accessories,Caps,4.0,2685.985,0.65,0.0,2024-03-27,Delhi,B2B,-630.72,10743.94,3,2024
2656,Ashley Hernandez,Shoes,Sneakers,2.0,2685.985,0.65,0.0,2024-03-27,Ahmedabad,B2B,1096.61,5371.97,3,2024
1033,Toni Allison,Dresses,Casual Midi,2.0,3863.95,0.9,0.0,2024-03-27,Pune,B2B,1784.65,7727.9,3,2024
2658,John Irwin,Jeans,Ripped Denim,2.0,3726.31,0.65,0.0,2024-03-27,Mumbai,B2C,1524.78,7452.62,3,2024
2659,Randall Mcdonald,T-Shirts,Classic Tee,2.0,1059.09,1.24,0.0,2024-03-27,Delhi,B2C,-521.41,2118.18,3,2024
2660,Matthew Estes,T-Shirts,Graphic Tee,2.0,2685.985,0.65,0.0,2024-03-27,Hyderabad,B2B,1006.1,5371.97,3,2024
2661,Alexandra Washington,Dresses,Casual Midi,2.0,2685.985,0.65,0.0,2024-03-27,Ahmedabad,B2B,1249.59,5371.97,3,2024
2662,Joshua Warren,T-Shirts,Crop Top,-1.0,2718.51,0.65,0.0,2024-03-27,Pune,B2C,903.59,-2718.51,3,2024
2663,Jeff Holland,Accessories,Sunglasses,-2.0,2212.25,0.35,-2875.93,2024-03-27,Mumbai,B2C,2992.12,-4424.5,3,2024
2664,Kristina Gutierrez,Shoes,Boots,2.0,2685.985,0.65,0.0,2024-03-31,Hyderabad,B2C,-338.97,5371.97,3,2024
2665,Briana Ford,Jackets,Denim Jacket,3.0,2685.985,0.65,0.0,2024-03-27,Pune,B2C,122.0,8057.955,3,2024
2666,Gregory Douglas,Dresses,Wrap Dress,2.0,2685.985,0.65,0.0,2024-03-27,Pune,B2B,1989.64,5371.97,3,2024
2667,Michelle Williams,T-Shirts,Graphic Tee,1.0,4710.77,0.65,0.0,2024-03-27,Ahmedabad,B2B,2520.05,4710.77,3,2024
2668,Brenda Cooper,T-Shirts,Classic Tee,1.0,2685.985,0.64,0.0,2023-12-22,Ahmedabad,B2C,-3.95,2685.985,12,2023
2669,Nathaniel Ramos,T-Shirts,Graphic Tee,-1.0,2685.985,0.65,0.0,2024-03-27,Pune,B2B,-760.17,-2685.985,3,2024
2670,Angela Hart MD,T-Shirts,Graphic Tee,2.0,2685.985,0.65,0.0,2024-03-27,Pune,B2C,775.45,5371.97,3,2024
2671,Valerie Miles,Accessories,Caps,2.0,2377.81,0.57,0.0,2024-03-27,Mumbai,B2B,1967.3,4755.62,3,2024
1026,Timothy Murphy,Dresses,Maxi Dress,2.0,2685.985,0.65,0.0,2024-06-14,Ahmedabad,B2B,2344.12,5371.97,6,2024
2673,Amanda Love,Accessories,Belts,2.0,2685.985,0.65,0.0,2024-03-27,Bangalore,B2B,2493.87,5371.97,3,2024
2674,Charles Friedman,T-Shirts,Classic Tee,2.0,1261.59,0.65,0.0,2024-09-07,Mumbai,B2B,534.09,2523.18,9,2024
2675,Jamie Wilkerson,Shoes,Loafers,1.0,2685.985,0.83,0.0,2024-07-31,Mumbai,B2C,2164.08,2685.985,7,2024
1014,Joshua Wade,Jeans,Boyfriend Jeans,2.0,2685.985,0.65,0.0,2025-02-16,Delhi,B2B,2219.49,5371.97,2,2025
2677,Hailey Braun,Shoes,Slip-ons,5.0,1727.66,1.24,-2073.19,2024-03-27,Pune,B2B,-546.06,8638.300000000001,3,2024
2678,Lauren Kelley,Dresses,Wrap Dress,-2.0,2685.985,0.51,0.0,2025-03-25,Hyderabad,B2C,-333.97,-5371.97,3,2025
2679,Nancy Palmer,Accessories,Watches,2.0,2514.7,0.65,0.0,2024-03-27,Hyd,B2B,2652.58,5029.4,3,2024
2680,Tiffany Baker,Shoes,Slip-ons,6.0,2685.985,0.65,0.0,2024-03-27,Delhi,B2B,-963.81,16115.91,3,2024
2681,Jennifer Vargas,Jackets,Denim Jacket,-1.0,4770.92,0.65,0.0,2023-10-24,Pune,B2B,433.04,-4770.92,10,2023
2682,Jeffrey Powell,T-Shirts,Graphic Tee,2.0,4784.55,0.65,0.0,2024-03-27,Bangalore,B2B,2034.52,9569.1,3,2024
2683,Jillian Castillo,Jackets,Puffer Coat,5.0,3163.97,0.65,0.0,2024-03-27,Delhi,B2B,1411.27,15819.849999999999,3,2024
2684,Mr. Robert Washington,Shoes,Boots,2.0,794.81,1.12,0.0,2024-07-10,bengaluru,B2B,-391.38,1589.62,7,2024
2685,Nancy Carroll,Shoes,Sneakers,2.0,1804.59,0.65,0.0,2024-03-27,Ahmedabad,B2B,-208.79,3609.18,3,2024
2686,Christopher Terrell,Accessories,Caps,2.0,2685.985,0.49,0.0,2024-03-27,Pune,B2B,2957.49,5371.97,3,2024
2687,Erin Alvarado,Shoes,Sneakers,0.0,2685.985,0.65,0.0,2024-03-27,Mumbai,B2C,510.99,0.0,3,2024
2688,Brenda Williams,T-Shirts,Crop Top,2.0,2685.985,0.11,0.0,2024-03-27,Hyd,B2C,161.9,5371.97,3,2024
2689,Kendra James MD,Accessories,Caps,4.0,4777.51,0.65,0.0,2024-03-27,Hyderabad,B2B,-204.04,19110.04,3,2024
2690,Tanya Johnson,Jeans,Ripped Denim,2.0,2862.03,0.65,0.0,2023-12-17,Mumbai,B2B,115.86,5724.06,12,2023
2691,Kim Mendez,T-Shirts,Crop Top,1.0,2685.985,0.5,0.0,2024-04-29,Bangalore,B2B,-182.86,2685.985,4,2024
2692,Daniel Hale,Dresses,Bodycon,2.0,2685.985,0.65,0.0,2024-03-27,Mumbai,B2B,-364.29,5371.97,3,2024
2693,Lisa Weaver,Jeans,Boyfriend Jeans,4.0,4366.4,0.65,0.0,2024-03-27,Hyd,B2B,-542.72,17465.6,3,2024
2694,Gabriel Williams,Shoes,Slip-ons,2.0,1617.83,1.18,0.0,2025-06-26,Delhi,B2B,1532.93,3235.66,6,2025
2695,Kevin Gilbert,Jeans,Boyfriend Jeans,2.0,4834.87,0.65,0.0,2024-03-27,Bangalore,B2B,1655.07,9669.74,3,2024
2696,Tyrone Brown,Jackets,Puffer Coat,2.0,2579.8,1.26,0.0,2024-03-27,Ahmedabad,B2B,-804.09,5159.6,3,2024
2697,Krystal Cortez,Dresses,Wrap Dress,2.0,3300.82,0.65,0.0,2024-03-27,Ahmedabad,B2B,394.83,6601.64,3,2024
2698,Theresa Barnes,Jackets,Bomber Jacket,2.0,1810.81,0.5,0.0,2024-03-27,Pune,B2C,1605.28,3621.62,3,2024
2699,Elizabeth Obrien,Jeans,Straight Cut,6.0,2685.985,0.65,0.0,2025-05-25,Delhi,B2C,1068.66,16115.91,5,2025
2700,Crystal Mercer,Shoes,Boots,2.0,2685.985,0.65,0.0,2024-03-27,Mumbai,B2B,588.04,5371.97,3,2024
2701,Crystal Campbell,Accessories,Watches,-1.0,2085.92,0.65,0.0,2024-03-27,bengaluru,B2C,1301.37,-2085.92,3,2024
2702,Linda Figueroa,T-Shirts,Graphic Tee,-2.0,2685.985,0.65,0.0,2024-03-27,Hyderabad,B2B,606.51,-5371.97,3,2024
2703,Jesse Peck,Accessories,Belts,-2.0,2685.985,0.65,0.0,2024-03-27,Hyderabad,B2C,2193.86,-5371.97,3,2024
2704,Yvonne Williams,Jackets,Bomber Jacket,1.0,2685.985,0.65,0.0,2024-03-27,Mumbai,B2C,7.12,2685.985,3,2024
2705,Randy Miller,Dresses,Casual Midi,2.0,4870.82,0.65,0.0,2024-03-27,Delhi,B2B,2833.18,9741.64,3,2024
2706,Julia Fuentes,T-Shirts,Classic Tee,6.0,2685.985,0.65,0.0,2024-10-30,Pune,B2B,2379.5,16115.91,10,2024
2707,Michaela Key,Jackets,Puffer Coat,5.0,2685.985,0.65,0.0,2024-03-27,Mumbai,B2B,2763.02,13429.925000000001,3,2024
2708,Benjamin Hicks,Accessories,Belts,4.0,4882.69,0.65,0.0,2024-03-27,Mumbai,B2B,2658.6,19530.76,3,2024
2709,Amanda Gonzalez,Jackets,Bomber Jacket,2.0,2685.985,0.3,0.0,2025-02-08,Hyderabad,B2B,-473.04,5371.97,2,2025
2710,Brittney Perez,Dresses,Bodycon,2.0,2565.55,0.65,0.0,2024-03-27,Bangalore,B2B,62.05,5131.1,3,2024
2711,Matthew Valenzuela,Dresses,Bodycon,2.0,2685.985,0.65,0.0,2024-01-30,Pune,B2B,-25.26,5371.97,1,2024
2712,Michael Ball,Jackets,Leather Jacket,2.0,2685.985,0.65,0.0,2024-03-27,bengaluru,B2B,-973.58,5371.97,3,2024
2713,Nicholas Mitchell,Shoes,Sneakers,0.0,1559.67,0.65,0.0,2025-02-19,Pune,B2C,2605.55,0.0,2,2025
2714,Alec Santos,Shoes,Boots,-2.0,1171.79,0.65,0.0,2024-03-27,Delhi,B2B,-392.96,-2343.58,3,2024
2715,Karen Flores,Shoes,Slip-ons,4.0,2685.985,0.65,0.0,2023-07-27,Ahmedabad,B2C,-144.72,10743.94,7,2023
2716,Courtney Pearson,Shoes,Loafers,1.0,2685.985,0.49,0.0,2024-03-27,Pune,B2B,2134.28,2685.985,3,2024
2717,Bethany Johnson,Jeans,Boyfriend Jeans,2.0,2685.985,0.65,0.0,2025-01-03,Pune,B2C,2786.83,5371.97,1,2025
2718,Lawrence Turner,Jeans,Slim Fit Jeans,3.0,909.31,0.65,0.0,2024-03-27,Pune,B2B,1389.16,2727.93,3,2024
2719,Nicholas Miller,Dresses,Casual Midi,0.0,1602.49,0.65,0.0,2024-03-27,bengaluru,B2B,-886.11,0.0,3,2024
2720,Tracy Howard,Dresses,Wrap Dress,2.0,3476.53,0.65,0.0,2024-03-27,Pune,B2B,-522.33,6953.06,3,2024
2721,Jessica Stone,Jeans,Straight Cut,2.0,1109.6,0.04,0.0,2024-03-27,Hyd,B2B,885.21,2219.2,3,2024
2722,Brandy Sellers,Jeans,Ripped Denim,2.0,2685.985,0.65,0.0,2024-03-27,bengaluru,B2C,-367.6,5371.97,3,2024
2723,Andrea Parker,T-Shirts,Classic Tee,2.0,2685.985,0.65,0.0,2024-03-27,Pune,B2B,253.64,5371.97,3,2024
2724,Carlos Hernandez,Jeans,Slim Fit Jeans,2.0,716.3,0.65,0.0,2024-03-27,Delhi,B2C,-400.16,1432.6,3,2024
2725,Marvin Williams,Jackets,Leather Jacket,2.0,2685.985,0.65,0.0,2025-02-13,Hyderabad,B2B,2116.07,5371.97,2,2025
2726,Brittney Hamilton,Dresses,Maxi Dress,2.0,2685.985,0.17,0.0,2024-03-27,Mumbai,B2B,1751.12,5371.97,3,2024
2727,Sharon Russell,Accessories,Sunglasses,2.0,2685.985,0.65,0.0,2023-08-23,Ahmedabad,B2B,1804.04,5371.97,8,2023
2728,Shelly Richardson,T-Shirts,Crop Top,2.0,1935.05,0.65,0.0,2024-03-27,Bangalore,B2B,1483.93,3870.1,3,2024
2729,Alexander Cox,Dresses,Bodycon,5.0,2685.985,1.22,0.0,2024-03-27,Ahmedabad,B2B,-973.04,13429.925000000001,3,2024
2730,Jessica White,T-Shirts,Classic Tee,2.0,2685.985,0.65,0.0,2024-02-28,Delhi,B2B,2203.97,5371.97,2,2024
2731,David Hawkins,Jackets,Puffer Coat,-1.0,1635.12,0.65,0.0,2024-03-27,Mumbai,B2B,-526.88,-1635.12,3,2024
2732,Thomas Pham,Shoes,Boots,6.0,2685.985,0.55,0.0,2024-03-27,Hyd,B2C,-833.43,16115.91,3,2024
2733,Karen Brown,Jeans,Boyfriend Jeans,2.0,2685.985,0.65,0.0,2024-03-27,Mumbai,B2B,2523.72,5371.97,3,2024
2734,Elizabeth Ingram,Dresses,Wrap Dress,4.0,3261.51,0.82,2348.29,2024-03-27,Hyderabad,B2B,1429.02,13046.04,3,2024
2735,Jermaine Hicks,Accessories,Sunglasses,2.0,541.71,0.65,0.0,2024-03-27,Bangalore,B2B,1872.65,1083.42,3,2024
2736,Mary Gomez,Jeans,Slim Fit Jeans,2.0,2685.985,0.65,0.0,2024-03-27,Delhi,B2B,-253.78,5371.97,3,2024
2737,Adrian Martinez,Accessories,Watches,2.0,1927.98,0.65,0.0,2024-03-27,Pune,B2B,-251.21,3855.96,3,2024
2738,Joshua Obrien,Dresses,Wrap Dress,2.0,2685.985,0.55,0.0,2024-12-29,Mumbai,B2B,733.8,5371.97,12,2024
2739,Brianna Little,Shoes,Boots,4.0,4316.85,0.65,0.0,2023-12-08,Ahmedabad,B2B,2259.3,17267.4,12,2023
2740,Todd Smith,Jeans,Boyfriend Jeans,1.0,2685.985,0.65,0.0,2024-03-27,Mumbai,B2B,996.39,2685.985,3,2024
2741,Michael Lee,Jackets,Bomber Jacket,1.0,2685.985,0.53,0.0,2024-03-27,Mumbai,B2C,2013.85,2685.985,3,2024
2742,Sandra Hobbs,Accessories,Belts,-2.0,2685.985,0.65,0.0,2024-03-27,Bangalore,B2C,1045.71,-5371.97,3,2024
1032,Walter Stanton,Jackets,Bomber Jacket,-1.0,4146.91,1.03,124.41,2025-05-14,Delhi,B2B,930.16,-4146.91,5,2025
2744,Wendy Ellison,T-Shirts,Crop Top,-2.0,2685.985,0.65,0.0,2024-03-27,Mumbai,B2B,-635.51,-5371.97,3,2024
2745,Robert Gray,Jeans,Slim Fit Jeans,-1.0,869.82,0.65,0.0,2024-03-27,Bangalore,B2C,737.77,-869.82,3,2024
2746,Holly Mclean,Jeans,Slim Fit Jeans,2.0,668.51,1.02,0.0,2024-03-27,bengaluru,B2C,2100.4,1337.02,3,2024
2747,Rebekah Wolf,T-Shirts,Graphic Tee,1.0,1369.29,0.65,0.0,2024-03-27,Mumbai,B2C,325.08,1369.29,3,2024
2748,Laura Hernandez,Accessories,Watches,4.0,3977.88,0.65,0.0,2024-03-27,Ahmedabad,B2C,2431.13,15911.52,3,2024
2749,Brandon Richmond,Jackets,Puffer Coat,5.0,2685.985,0.65,0.0,2024-03-27,Pune,B2B,2595.31,13429.925000000001,3,2024
1049,Paul Thompson,Jackets,Leather Jacket,2.0,1360.22,0.65,0.0,2024-03-27,Mumbai,B2B,276.9,2720.44,3,2024
2751,Tyler Curtis,Jackets,Leather Jacket,2.0,2685.985,0.98,0.0,2024-12-16,Bangalore,B2B,1778.54,5371.97,12,2024
2752,Mrs. Andrea Skinner MD,Shoes,Sneakers,2.0,4552.8,1.01,0.0,2024-03-27,Pune,B2B,1802.91,9105.6,3,2024
1002,Jeff Bowman,Jeans,Boyfriend Jeans,-1.0,4351.11,0.65,0.0,2024-08-14,Pune,B2C,-190.68,-4351.11,8,2024
2754,Alexandra Perez,Jeans,Straight Cut,1.0,2685.985,0.65,0.0,2025-03-18,Bangalore,B2B,-0.15,2685.985,3,2025
2755,Todd Lynch,Accessories,Watches,-2.0,2685.985,0.32,0.0,2023-09-30,Delhi,B2B,1174.64,-5371.97,9,2023
2756,Alan Beard,T-Shirts,Classic Tee,6.0,2685.985,0.65,0.0,2024-03-27,Pune,B2C,813.53,16115.91,3,2024
2757,Stephanie Jensen,Accessories,Caps,3.0,4923.95,0.65,0.0,2024-03-27,Pune,B2B,794.65,14771.849999999999,3,2024
1029,Nicholas Morgan,T-Shirts,Oversized T-shirt,2.0,2965.32,0.65,0.0,2024-03-27,Mumbai,B2C,-786.53,5930.64,3,2024
2759,Mr. Kenneth Anderson,Shoes,Boots,2.0,2685.985,0.9,0.0,2024-03-27,Ahmedabad,B2B,-300.9,5371.97,3,2024
2760,Brian Craig,Shoes,Slip-ons,2.0,2685.985,0.65,0.0,2024-03-27,Delhi,B2B,-833.77,5371.97,3,2024
2761,Andrea West,Dresses,Maxi Dress,2.0,3586.76,0.65,0.0,2024-03-27,Pune,B2C,594.95,7173.52,3,2024
2762,Sara Miller,Dresses,Wrap Dress,2.0,1278.85,0.65,0.0,2024-03-27,Hyd,B2B,1989.71,2557.7,3,2024
2763,Steven Sharp,Accessories,Caps,3.0,3360.01,0.65,0.0,2024-03-27,Hyderabad,B2B,1547.22,10080.03,3,2024
2764,Sandra Hudson,Accessories,Watches,3.0,2685.985,0.65,0.0,2024-10-28,Ahmedabad,B2B,2347.07,8057.955,10,2024
2765,Joseph Williams,Dresses,Wrap Dress,2.0,2685.985,0.65,0.0,2024-03-27,Pune,B2B,2047.44,5371.97,3,2024
2766,Brian Wells,Jeans,Straight Cut,2.0,2685.985,0.65,0.0,2024-03-27,Pune,B2C,621.85,5371.97,3,2024
2767,Justin Charles,T-Shirts,Classic Tee,2.0,4149.42,0.13,0.0,2024-03-27,Hyderabad,B2B,1926.29,8298.84,3,2024
2768,Hannah Allen,T-Shirts,Oversized T-shirt,2.0,2685.985,0.69,0.0,2024-03-27,Pune,B2C,465.45,5371.97,3,2024
2769,Jennifer Hall,T-Shirts,Graphic Tee,2.0,2685.985,0.65,0.0,2024-03-27,Ahmedabad,B2B,2102.88,5371.97,3,2024
2770,Angela Carlson,T-Shirts,Classic Tee,2.0,1439.18,0.49,0.0,2025-04-13,Pune,B2C,2007.56,2878.36,4,2025
1032,David Garner,Shoes,Loafers,2.0,3956.83,0.65,0.0,2024-11-24,Hyd,B2B,1061.44,7913.66,11,2024
2772,Antonio Crosby,Jeans,Ripped Denim,2.0,2685.985,0.65,0.0,2024-02-20,Hyderabad,B2B,-865.59,5371.97,2,2024
2773,Erin Kim,Jackets,Bomber Jacket,2.0,2685.985,0.65,0.0,2024-03-27,Ahmedabad,B2C,1944.87,5371.97,3,2024
2774,Paul Harvey,Accessories,Sunglasses,2.0,2685.985,0.65,0.0,2024-03-27,Mumbai,B2B,1081.41,5371.97,3,2024
2775,Christopher Kidd,Shoes,Sneakers,5.0,2685.985,0.46,0.0,2024-03-27,Ahmedabad,B2B,1182.12,13429.925000000001,3,2024
2776,Wesley Valencia,Jackets,Leather Jacket,2.0,891.42,0.65,0.0,2024-03-27,Mumbai,B2C,664.02,1782.84,3,2024
2777,Janet Chang,Shoes,Sneakers,2.0,2685.985,0.42,0.0,2024-03-27,Pune,B2B,1373.67,5371.97,3,2024
2778,Ashley Bishop,Dresses,Wrap Dress,0.0,578.58,1.09,0.0,2024-03-27,Ahmedabad,B2B,414.18,0.0,3,2024
2779,Rebecca Marsh,T-Shirts,Crop Top,2.0,2685.985,0.4,0.0,2024-03-27,Pune,B2B,2573.85,5371.97,3,2024
2780,Ebony Jones,Dresses,Casual Midi,2.0,2534.9,0.65,0.0,2024-03-27,Ahmedabad,B2B,1529.17,5069.8,3,2024
2781,Frederick Henry,Jeans,Straight Cut,2.0,2685.985,1.07,0.0,2024-03-27,Ahmedabad,B2C,1947.29,5371.97,3,2024
2782,Janet Lopez,Jeans,Ripped Denim,2.0,449.09,0.65,0.0,2024-03-27,Mumbai,B2B,2797.37,898.18,3,2024
2783,Frank Mitchell,Accessories,Belts,2.0,2685.985,0.65,0.0,2024-03-27,Mumbai,B2C,45.06,5371.97,3,2024
2784,Matthew Cole,Jackets,Bomber Jacket,2.0,2685.985,0.65,0.0,2024-03-27,Pune,B2C,2921.6,5371.97,3,2024
2785,Daniel Perez,Shoes,Sneakers,0.0,2685.985,0.65,0.0,2024-03-27,Mumbai,B2B,385.61,0.0,3,2024
1026,Caroline Roth,Jackets,Denim Jacket,2.0,2685.985,0.03,0.0,2024-03-27,Delhi,B2B,688.48,5371.97,3,2024
2787,Tami Leonard,Accessories,Caps,2.0,2685.985,0.65,0.0,2024-03-27,Hyderabad,B2B,1459.62,5371.97,3,2024
2788,Gerald Snow,Accessories,Sunglasses,-1.0,3267.28,0.65,0.0,2024-03-27,Bangalore,B2B,81.99,-3267.28,3,2024
2789,Alexis Wu,Accessories,Belts,3.0,3735.56,0.65,0.0,2024-03-27,Pune,B2C,-690.11,11206.68,3,2024
2790,Angela Miller,Jeans,Boyfriend Jeans,3.0,2675.27,0.41,4735.23,2024-03-27,Delhi,B2B,1960.51,8025.8099999999995,3,2024
2791,Stephanie Thomas,T-Shirts,Classic Tee,3.0,2685.985,0.65,0.0,2024-03-27,Pune,B2B,-166.3,8057.955,3,2024
2792,Elizabeth Ford,T-Shirts,Graphic Tee,2.0,1039.15,0.65,0.0,2024-03-27,Pune,B2C,2620.13,2078.3,3,2024
2793,Scott Kent,Accessories,Belts,-2.0,4836.47,0.65,0.0,2025-03-19,Ahmedabad,B2C,-608.3,-9672.94,3,2025
2794,Eric Fletcher,Dresses,Bodycon,2.0,2685.985,0.65,0.0,2025-01-28,Bangalore,B2C,2860.66,5371.97,1,2025
2795,Paul Smith,Jeans,Boyfriend Jeans,2.0,2685.985,0.65,0.0,2024-03-27,Mumbai,B2C,984.22,5371.97,3,2024
2796,Walter Pham,Jackets,Puffer Coat,3.0,2685.985,0.65,0.0,2024-03-27,Delhi,B2B,2.81,8057.955,3,2024
2797,Kaylee Wilkins,Accessories,Belts,-1.0,1257.81,0.65,0.0,2024-03-27,Ahmedabad,B2C,2957.6,-1257.81,3,2024
2798,Christina Barnes,Dresses,Wrap Dress,0.0,2685.985,0.65,0.0,2024-03-27,Pune,B2C,386.97,0.0,3,2024
2799,Mark Olson,T-Shirts,Classic Tee,2.0,2685.985,0.65,0.0,2024-03-27,Pune,B2B,683.04,5371.97,3,2024
2800,Amanda Berry,Jeans,Boyfriend Jeans,2.0,3410.38,0.65,0.0,2024-03-27,Hyderabad,B2B,1733.81,6820.76,3,2024
2801,Robert Kelly,Accessories,Watches,2.0,1870.82,0.65,0.0,2024-03-27,Ahmedabad,B2B,-45.08,3741.64,3,2024
2802,Sean Medina,Shoes,Sneakers,-1.0,2685.985,0.65,0.0,2024-03-27,Bangalore,B2B,365.63,-2685.985,3,2024
2803,Benjamin Boyd,T-Shirts,Crop Top,5.0,4418.75,0.65,0.0,2023-08-13,bengaluru,B2B,693.65,22093.75,8,2023
2804,Julie Jones,Accessories,Sunglasses,6.0,4784.0,0.65,0.0,2024-03-27,Mumbai,B2B,2969.42,28704.0,3,2024
2805,Tanner Nguyen,Shoes,Slip-ons,0.0,4930.08,0.92,0.0,2024-03-27,Bangalore,B2B,623.05,0.0,3,2024
2806,Maria Morris,Jeans,Boyfriend Jeans,2.0,2685.985,0.65,0.0,2024-10-04,Bangalore,B2B,2658.95,5371.97,10,2024
2807,Dylan Serrano,Jeans,Slim Fit Jeans,2.0,3064.28,1.04,0.0,2024-03-27,Hyderabad,B2B,2540.53,6128.56,3,2024
2808,Samantha Wells,Shoes,Slip-ons,2.0,4234.77,0.65,0.0,2024-03-27,Delhi,B2C,-664.44,8469.54,3,2024
1026,Mike Velasquez,Shoes,Boots,0.0,2685.985,0.65,0.0,2024-03-27,Mumbai,B2C,1975.98,0.0,3,2024
2810,Margaret Hall,Jeans,Boyfriend Jeans,2.0,2038.37,1.07,0.0,2024-03-27,Mumbai,B2B,1762.96,4076.74,3,2024
2811,Robert Perry MD,Dresses,Bodycon,2.0,4426.15,0.65,0.0,2024-03-27,Delhi,B2B,1639.67,8852.3,3,2024
2812,Wesley Lopez,T-Shirts,Graphic Tee,2.0,2685.985,0.65,0.0,2024-03-27,Pune,B2B,-662.74,5371.97,3,2024
2813,Mary Lopez,Accessories,Belts,2.0,2685.985,0.41,0.0,2024-03-27,Ahmedabad,B2B,-756.66,5371.97,3,2024
2814,Roger Bennett,Jeans,Boyfriend Jeans,2.0,1888.27,0.65,0.0,2025-01-25,Mumbai,B2B,2441.51,3776.54,1,2025
1042,Ashley Manning,Jeans,Boyfriend Jeans,6.0,2422.01,0.65,0.0,2024-03-27,Pune,B2B,339.16,14532.060000000001,3,2024
2816,Isaac Watson,Jackets,Denim Jacket,2.0,3817.72,0.34,0.0,2024-12-02,Ahmedabad,B2B,-69.09,7635.44,12,2024
2817,Timothy Wilson,Dresses,Casual Midi,2.0,2685.985,0.36,0.0,2024-03-27,Mumbai,B2C,495.32,5371.97,3,2024
2818,Larry Yang,Dresses,Wrap Dress,2.0,739.57,0.65,0.0,2024-03-27,Mumbai,B2C,1148.87,1479.14,3,2024
2819,Betty Espinoza MD,Accessories,Watches,-1.0,2685.985,0.65,0.0,2024-03-27,Ahmedabad,B2C,526.19,-2685.985,3,2024
2820,Stephanie Johnson,Accessories,Caps,1.0,2454.71,0.1,2209.24,2024-01-03,Mumbai,B2B,2850.37,2454.71,1,2024
2821,Denise Crawford,Dresses,Wrap Dress,2.0,2685.985,1.28,0.0,2024-03-27,Ahmedabad,B2C,412.63,5371.97,3,2024
2822,Matthew Bates,T-Shirts,Classic Tee,-2.0,3864.37,0.65,0.0,2025-03-09,bengaluru,B2B,957.65,-7728.74,3,2025
2823,Julie Gomez,Jackets,Bomber Jacket,0.0,2685.985,0.65,0.0,2024-09-07,Ahmedabad,B2C,-724.81,0.0,9,2024
2824,Michele Martin,Shoes,Boots,2.0,2685.985,1.08,0.0,2024-03-27,Delhi,B2C,1113.29,5371.97,3,2024
2825,James Maddox,Accessories,Belts,2.0,2685.985,0.65,0.0,2024-03-27,Ahmedabad,B2B,2935.9,5371.97,3,2024
2826,Richard Dyer,T-Shirts,Classic Tee,-1.0,2685.985,0.65,0.0,2024-03-27,Mumbai,B2C,2275.74,-2685.985,3,2024
2827,Tracy Mitchell,Jeans,Slim Fit Jeans,2.0,3996.87,0.65,0.0,2024-03-27,Mumbai,B2B,496.23,7993.74,3,2024
2828,Norman Henderson,Shoes,Loafers,2.0,2963.02,0.65,0.0,2024-03-27,bengaluru,B2B,180.31,5926.04,3,2024
2829,Brent Gutierrez,Jackets,Denim Jacket,2.0,4817.45,1.07,0.0,2024-03-27,Pune,B2B,2048.06,9634.9,3,2024
2830,Stephen Wright,T-Shirts,Crop Top,2.0,3588.42,0.04,0.0,2024-03-27,Delhi,B2B,1952.28,7176.84,3,2024
2831,Zachary Lee,Dresses,Casual Midi,2.0,2685.985,0.65,0.0,2024-03-27,Ahmedabad,B2B,2091.3,5371.97,3,2024
2832,Daryl Reynolds,Shoes,Boots,2.0,2685.985,0.56,0.0,2024-03-27,Mumbai,B2B,-402.75,5371.97,3,2024
2833,Meghan Robinson,Jeans,Ripped Denim,5.0,4273.33,0.65,0.0,2024-03-27,bengaluru,B2C,900.12,21366.65,3,2024
2834,Patricia Mcbride,Jackets,Leather Jacket,-2.0,3522.98,0.65,0.0,2024-03-27,Delhi,B2C,2242.67,-7045.96,3,2024
2835,Lisa Larsen,Dresses,Maxi Dress,5.0,2685.985,0.98,0.0,2025-07-01,Hyderabad,B2B,-618.56,13429.925000000001,7,2025
2836,Timothy Brown,Dresses,Bodycon,4.0,4609.95,0.65,0.0,2024-06-05,bengaluru,B2B,-154.75,18439.8,6,2024
2837,Lindsey Kelly,Jeans,Slim Fit Jeans,2.0,4443.01,0.65,0.0,2025-03-27,Bangalore,B2B,-919.16,8886.02,3,2025
2838,Kathleen Hill,Dresses,Bodycon,2.0,2685.985,0.97,0.0,2024-03-27,Mumbai,B2B,182.38,5371.97,3,2024
2839,Laura Graham,Shoes,Boots,2.0,561.24,0.65,0.0,2024-10-24,Hyderabad,B2B,2551.12,1122.48,10,2024
2840,Kayla Foster,Jackets,Bomber Jacket,2.0,2297.54,0.65,0.0,2024-03-27,Hyderabad,B2B,490.32,4595.08,3,2024
2841,Rick Peters,Jeans,Ripped Denim,2.0,4154.05,0.65,0.0,2024-03-27,Mumbai,B2B,265.0,8308.1,3,2024
2842,Cindy Simmons,Accessories,Sunglasses,0.0,1812.58,0.65,0.0,2024-09-25,Delhi,B2B,445.27,0.0,9,2024
2843,Natalie Smith,T-Shirts,Graphic Tee,2.0,1110.11,0.65,0.0,2025-01-22,Mumbai,B2B,2926.44,2220.22,1,2025
2844,Samuel Torres Jr.,Jeans,Straight Cut,2.0,2549.59,0.65,0.0,2024-05-19,Delhi,B2B,2612.63,5099.18,5,2024
2845,Robert White,Jackets,Denim Jacket,-2.0,2685.985,0.65,0.0,2025-04-04,Delhi,B2B,-693.63,-5371.97,4,2025
2846,Cynthia Johnson,Shoes,Slip-ons,-2.0,2525.04,0.3,-3535.06,2024-03-27,Hyd,B2B,1003.34,-5050.08,3,2024
2847,Ana Davis,Shoes,Boots,2.0,3424.29,1.08,0.0,2024-03-27,Pune,B2B,2560.32,6848.58,3,2024
2848,Alyssa Patel,Jackets,Leather Jacket,2.0,2685.985,0.65,0.0,2024-03-27,Ahmedabad,B2C,2638.28,5371.97,3,2024
2849,Jennifer Schultz,Accessories,Sunglasses,2.0,2685.985,0.35,0.0,2024-03-27,Mumbai,B2B,1750.23,5371.97,3,2024
2850,Janice Ballard,Jeans,Slim Fit Jeans,2.0,2687.96,0.65,0.0,2024-03-27,Delhi,B2B,2288.0,5375.92,3,2024
2851,Gregg Beck,Dresses,Casual Midi,2.0,1525.28,0.65,0.0,2024-03-27,Hyderabad,B2C,-560.49,3050.56,3,2024
2852,Stephen Rivera,Shoes,Boots,2.0,1816.76,0.65,0.0,2024-03-27,Mumbai,B2B,630.13,3633.52,3,2024
2853,Phillip Lutz,T-Shirts,Graphic Tee,2.0,1212.44,0.89,0.0,2025-07-22,Mumbai,B2C,175.39,2424.88,7,2025
2854,Robert Miller,Jeans,Slim Fit Jeans,2.0,3303.02,0.7,0.0,2024-03-27,Mumbai,B2B,276.29,6606.04,3,2024
2855,Jacqueline Cochran,Jeans,Slim Fit Jeans,2.0,1831.4,0.65,0.0,2024-03-27,Hyderabad,B2B,719.33,3662.8,3,2024
2856,Stephanie Thompson,Dresses,Wrap Dress,2.0,2685.985,0.65,0.0,2024-03-27,Hyderabad,B2B,1448.8,5371.97,3,2024
2857,Ricardo Miller,Jeans,Straight Cut,5.0,2685.985,0.65,0.0,2025-04-30,Mumbai,B2B,-625.92,13429.925000000001,4,2025
2858,Julie Anthony,Jeans,Boyfriend Jeans,-1.0,3270.29,0.65,0.0,2024-03-27,Pune,B2C,-539.25,-3270.29,3,2024
2859,Jonathan Hughes,Accessories,Sunglasses,2.0,2685.985,0.78,0.0,2024-06-08,bengaluru,B2B,1686.29,5371.97,6,2024
2860,Wanda Ramos,Jeans,Straight Cut,2.0,4428.24,0.09,0.0,2024-03-27,Mumbai,B2B,-641.59,8856.48,3,2024
2861,Joanne Walls,Dresses,Maxi Dress,4.0,2685.985,0.06,0.0,2024-03-27,Delhi,B2B,-936.94,10743.94,3,2024
2862,Stacie Santiago,Jeans,Straight Cut,2.0,2685.985,0.65,0.0,2024-03-27,Pune,B2C,824.88,5371.97,3,2024
2863,Casey Watkins,Shoes,Slip-ons,6.0,1459.76,1.18,-1576.54,2024-05-13,Bangalore,B2B,2541.0,8758.56,5,2024
2864,Felicia Saunders,Jackets,Leather Jacket,5.0,2535.29,0.65,0.0,2024-03-27,Bangalore,B2B,-456.39,12676.45,3,2024
2865,Tina Wilson,Jeans,Boyfriend Jeans,2.0,2043.3,0.33,0.0,2024-03-27,Ahmedabad,B2B,-389.95,4086.6,3,2024
2866,Richard Sanders,Jeans,Ripped Denim,2.0,2685.985,0.65,0.0,2024-03-27,Bangalore,B2B,883.66,5371.97,3,2024
2867,Sherri Roth,Jeans,Ripped Denim,2.0,2685.985,0.65,0.0,2024-03-27,Delhi,B2C,478.82,5371.97,3,2024
2868,Mallory Lee DVM,Accessories,Sunglasses,4.0,1392.21,0.65,0.0,2024-03-27,bengaluru,B2B,758.3,5568.84,3,2024
2869,Briana Robles,Dresses,Casual Midi,2.0,4238.91,0.65,0.0,2024-03-27,Hyderabad,B2B,-746.44,8477.82,3,2024
2870,Erin Martin,Jeans,Ripped Denim,2.0,839.34,0.65,0.0,2024-03-27,Pune,B2C,367.87,1678.68,3,2024
2871,Jeffrey Wiggins,Dresses,Wrap Dress,2.0,2685.985,0.65,0.0,2024-03-27,Mumbai,B2C,2126.04,5371.97,3,2024
2872,Julie Welch MD,Jeans,Straight Cut,-1.0,2685.985,0.65,0.0,2024-03-27,Bangalore,B2B,148.2,-2685.985,3,2024
2873,Jennifer Leblanc,Shoes,Loafers,5.0,1354.14,0.65,0.0,2024-03-27,Ahmedabad,B2B,2535.62,6770.700000000001,3,2024
2874,Matthew Marshall,Jeans,Boyfriend Jeans,2.0,3754.23,0.87,0.0,2024-03-27,Mumbai,B2B,-153.77,7508.46,3,2024
2875,James Case DDS,Jackets,Puffer Coat,2.0,2685.985,0.65,0.0,2024-03-27,Delhi,B2B,1291.9,5371.97,3,2024
2876,Wesley Jackson,Jeans,Straight Cut,6.0,3824.82,0.82,4130.81,2024-03-27,bengaluru,B2C,688.53,22948.920000000002,3,2024
2877,Joe Schmitt,Shoes,Boots,2.0,2685.985,0.29,0.0,2024-03-27,Hyd,B2B,2293.59,5371.97,3,2024
2878,Maria Blackburn,Jackets,Bomber Jacket,2.0,2685.985,0.65,0.0,2024-03-27,Hyderabad,B2C,2309.55,5371.97,3,2024
2879,Angela Diaz,Jackets,Bomber Jacket,2.0,2685.985,0.02,0.0,2024-03-27,Delhi,B2B,1146.23,5371.97,3,2024
2880,Garrett Hall,Accessories,Belts,2.0,2685.985,0.65,0.0,2024-03-27,Mumbai,B2C,970.22,5371.97,3,2024
2881,Brandi Powell,Jeans,Boyfriend Jeans,-2.0,2685.985,0.65,0.0,2024-03-27,Hyd,B2C,1850.77,-5371.97,3,2024
2882,Laura Robertson,Accessories,Caps,3.0,583.53,0.65,0.0,2024-03-27,Mumbai,B2B,2334.42,1750.59,3,2024
2883,Lisa Kline,T-Shirts,Graphic Tee,2.0,2320.76,0.65,0.0,2024-03-27,Ahmedabad,B2C,2529.16,4641.52,3,2024
2884,Emily Rhodes,Jeans,Ripped Denim,2.0,2685.985,0.4,0.0,2024-03-27,Pune,B2B,896.38,5371.97,3,2024
2885,Kevin Skinner,T-Shirts,Classic Tee,2.0,2666.48,0.65,0.0,2024-03-27,Pune,B2B,-17.89,5332.96,3,2024
2886,Kathy Patel,T-Shirts,Graphic Tee,2.0,3229.15,1.03,0.0,2024-03-27,Ahmedabad,B2B,175.26,6458.3,3,2024
2887,Charles Mcgee,Jeans,Boyfriend Jeans,2.0,3331.72,1.25,0.0,2024-03-27,Mumbai,B2B,-267.96,6663.44,3,2024
2888,Timothy Farley PhD,Dresses,Casual Midi,-1.0,2685.985,0.65,0.0,2023-08-10,Ahmedabad,B2B,2007.16,-2685.985,8,2023
2889,Jasmine Mcgee,Shoes,Loafers,5.0,2685.985,0.65,0.0,2023-07-23,Hyd,B2B,1874.28,13429.925000000001,7,2023
2890,Karen Houston,Dresses,Wrap Dress,1.0,2357.36,0.65,0.0,2024-05-01,Pune,B2B,468.3,2357.36,5,2024
2891,Suzanne Thomas,Jackets,Puffer Coat,2.0,2685.985,0.65,0.0,2024-03-27,Ahmedabad,B2B,-363.86,5371.97,3,2024
2892,Francisco Flowers,Accessories,Belts,2.0,2685.985,0.65,0.0,2024-03-27,Ahmedabad,B2B,-502.19,5371.97,3,2024
2893,Lisa Reid,Shoes,Loafers,2.0,2685.985,0.65,0.0,2024-09-07,Bangalore,B2B,1825.47,5371.97,9,2024
2894,Kathy Tate,Shoes,Loafers,3.0,2685.985,0.65,0.0,2024-03-27,Bangalore,B2B,1479.24,8057.955,3,2024
1006,Tara Rivas,Shoes,Boots,2.0,3593.06,0.34,4742.84,2024-03-27,Hyd,B2C,1031.66,7186.12,3,2024
2896,Derek Richards,Dresses,Wrap Dress,2.0,2685.985,0.65,0.0,2024-03-27,Hyd,B2C,2760.7,5371.97,3,2024
2897,Lisa James,Jackets,Denim Jacket,1.0,1194.44,0.65,0.0,2024-03-27,Delhi,B2B,1048.51,1194.44,3,2024
2898,Brian Wallace,Dresses,Wrap Dress,6.0,2685.985,0.54,0.0,2024-03-27,Delhi,B2B,-274.57,16115.91,3,2024
2899,Daniel Reyes,Accessories,Sunglasses,2.0,3086.59,0.65,0.0,2025-01-26,Delhi,B2C,-745.27,6173.18,1,2025
2900,Kevin Wong,Dresses,Wrap Dress,2.0,2685.985,0.65,0.0,2024-03-27,Ahmedabad,B2B,36.92,5371.97,3,2024
2901,Kaitlin Baldwin,Shoes,Sneakers,2.0,1817.71,0.65,0.0,2024-03-27,Mumbai,B2C,391.06,3635.42,3,2024
2902,Andrew Brown,Jeans,Boyfriend Jeans,5.0,3153.37,0.65,0.0,2024-03-27,bengaluru,B2B,-594.19,15766.849999999999,3,2024
2903,Danielle Nguyen,T-Shirts,Classic Tee,2.0,2685.985,0.65,0.0,2024-03-27,Hyderabad,B2C,2232.18,5371.97,3,2024
2904,David Walker,T-Shirts,Crop Top,5.0,1202.73,0.65,0.0,2024-03-27,Hyd,B2C,658.6,6013.65,3,2024
2905,Tanya Pham,Jeans,Straight Cut,2.0,1478.93,0.65,0.0,2024-03-27,Hyderabad,B2C,25.28,2957.86,3,2024
2906,Sean Cunningham,Dresses,Bodycon,2.0,2685.985,0.25,0.0,2024-03-27,Ahmedabad,B2B,-116.3,5371.97,3,2024
2907,Virginia Rowland,T-Shirts,Graphic Tee,2.0,2685.985,0.65,0.0,2024-03-27,Hyderabad,B2B,-782.3,5371.97,3,2024
2908,Megan Nixon,Jeans,Straight Cut,2.0,2685.985,0.51,0.0,2023-07-29,Pune,B2C,-61.23,5371.97,7,2023
2909,Albert Fowler,T-Shirts,Crop Top,2.0,2928.84,0.65,0.0,2024-03-27,Delhi,B2B,-477.2,5857.68,3,2024
2910,Michael Garcia,Dresses,Bodycon,2.0,1027.54,0.55,0.0,2024-03-27,Ahmedabad,B2C,-580.87,2055.08,3,2024
2911,Matthew Jones,Dresses,Casual Midi,1.0,2685.985,0.65,0.0,2024-03-27,Ahmedabad,B2B,2672.56,2685.985,3,2024
2912,Stacy Graves,Shoes,Boots,2.0,2685.985,0.65,0.0,2024-03-27,Pune,B2B,-97.77,5371.97,3,2024
2913,Chelsea Hunter,Shoes,Sneakers,2.0,2685.985,0.65,0.0,2024-03-27,Ahmedabad,B2C,1693.76,5371.97,3,2024
2914,Jamie Meyer,Accessories,Belts,2.0,2685.985,1.03,0.0,2023-12-21,Delhi,B2B,2321.6,5371.97,12,2023
2915,Kimberly Harrison,Accessories,Belts,2.0,3022.15,0.65,0.0,2024-03-27,Delhi,B2B,-528.82,6044.3,3,2024
2916,Edward Anderson,Jackets,Denim Jacket,2.0,2483.49,0.65,0.0,2024-03-27,Ahmedabad,B2B,370.61,4966.98,3,2024
1027,Morgan Sharp,Accessories,Watches,2.0,2092.33,0.65,0.0,2024-03-27,Ahmedabad,B2B,-586.88,4184.66,3,2024
2918,Nicholas Bryant,Shoes,Sneakers,2.0,2685.985,0.65,0.0,2024-03-27,Delhi,B2B,899.98,5371.97,3,2024
2919,Timothy Peterson,Jeans,Slim Fit Jeans,2.0,535.62,0.65,0.0,2024-03-27,bengaluru,B2C,-637.47,1071.24,3,2024
2920,Michael Smith,Accessories,Belts,1.0,2685.985,1.3,0.0,2024-03-27,Hyderabad,B2B,489.94,2685.985,3,2024
2921,Andrew Lopez,Shoes,Sneakers,6.0,2685.985,0.65,0.0,2024-03-27,Hyderabad,B2B,-821.17,16115.91,3,2024
2922,Olivia Decker,Jackets,Leather Jacket,2.0,2488.95,1.23,0.0,2024-03-27,Hyderabad,B2C,2827.47,4977.9,3,2024
2923,Albert Garcia,Accessories,Sunglasses,0.0,2685.985,0.17,0.0,2024-01-20,Hyd,B2C,-674.63,0.0,1,2024
2924,Donald Simmons,Jackets,Bomber Jacket,2.0,4151.88,0.05,0.0,2024-03-27,Pune,B2B,577.77,8303.76,3,2024
1004,Cheryl Baker,Jeans,Slim Fit Jeans,2.0,977.64,0.65,0.0,2024-03-27,bengaluru,B2B,2702.46,1955.28,3,2024
2926,Zachary Robinson,Dresses,Wrap Dress,4.0,3263.06,0.16,10963.88,2024-03-27,Mumbai,B2B,2428.73,13052.24,3,2024
2927,Mark Bailey,Dresses,Wrap Dress,2.0,2685.985,0.65,0.0,2025-07-21,Mumbai,B2B,-674.94,5371.97,7,2025
2928,Christine Davenport,Shoes,Sneakers,0.0,2685.985,0.78,0.0,2024-11-01,Delhi,B2B,642.22,0.0,11,2024
2929,William Vargas,T-Shirts,Classic Tee,2.0,4733.41,1.13,0.0,2024-03-27,Bangalore,B2C,2459.5,9466.82,3,2024
2930,David Quinn,Dresses,Wrap Dress,0.0,2642.73,0.09,0.0,2025-02-21,Ahmedabad,B2B,996.68,0.0,2,2025
2931,Jeffrey Wilson,Jeans,Ripped Denim,2.0,2629.78,1.3,0.0,2024-03-27,Delhi,B2B,2826.2,5259.56,3,2024
2932,Sara Woods,Shoes,Sneakers,2.0,2685.985,0.65,0.0,2024-03-27,Hyd,B2B,700.64,5371.97,3,2024
2933,Miguel Reed,Jeans,Straight Cut,2.0,2891.0,0.65,0.0,2024-03-27,Delhi,B2C,1279.32,5782.0,3,2024
2934,Cynthia Fox,Dresses,Wrap Dress,5.0,2685.985,0.65,0.0,2024-12-30,Ahmedabad,B2B,-811.78,13429.925000000001,12,2024
2935,Danielle Hernandez,Shoes,Loafers,2.0,3681.08,0.65,0.0,2024-03-27,Hyderabad,B2B,2705.42,7362.16,3,2024
2936,David Davis,Shoes,Loafers,2.0,4487.5,0.65,0.0,2024-03-27,Pune,B2B,2518.53,8975.0,3,2024
2937,Megan Johnson,Accessories,Sunglasses,-2.0,2685.985,0.65,0.0,2024-03-27,Mumbai,B2B,-889.53,-5371.97,3,2024
2938,Donald Brown,Shoes,Boots,2.0,2429.63,0.65,0.0,2024-03-27,Ahmedabad,B2B,-7.17,4859.26,3,2024
2939,Maurice Craig,Shoes,Sneakers,2.0,2685.985,0.65,0.0,2025-01-23,bengaluru,B2B,2143.94,5371.97,1,2025
2940,Jerry Gutierrez,Shoes,Slip-ons,2.0,2685.985,0.65,0.0,2024-03-27,Hyderabad,B2C,1992.92,5371.97,3,2024
2941,Lauren Smith,Jackets,Puffer Coat,2.0,2144.36,0.65,0.0,2024-03-27,Pune,B2C,1435.03,4288.72,3,2024
2942,Amy Kim,Accessories,Sunglasses,2.0,2685.985,0.56,0.0,2024-03-27,Pune,B2B,2500.35,5371.97,3,2024
2943,George Thomas,Jeans,Boyfriend Jeans,2.0,4638.02,0.65,0.0,2024-03-27,Pune,B2B,745.3,9276.04,3,2024
2944,John Blankenship,Dresses,Casual Midi,1.0,1313.35,0.2,1050.68,2024-03-27,Hyderabad,B2C,-384.05,1313.35,3,2024
2945,Michael Garcia,Shoes,Boots,1.0,2685.985,0.65,0.0,2024-03-27,Mumbai,B2B,-130.97,2685.985,3,2024
2946,Chris Russell,Dresses,Wrap Dress,-1.0,2685.985,1.2,0.0,2023-11-23,Mumbai,B2B,2187.48,-2685.985,11,2023
2947,Terri Patton,Shoes,Boots,2.0,2685.985,0.97,0.0,2024-03-27,Mumbai,B2C,1577.91,5371.97,3,2024
2948,Daniel Haney,Jeans,Slim Fit Jeans,5.0,2494.15,0.65,0.0,2024-03-27,Delhi,B2B,-901.7,12470.75,3,2024
2949,Charlene Knight,Jeans,Boyfriend Jeans,2.0,2685.985,0.1,0.0,2024-03-27,Pune,B2B,1569.63,5371.97,3,2024
2950,Karina Lee,Accessories,Belts,2.0,2685.985,0.27,0.0,2024-12-26,Bangalore,B2B,1158.28,5371.97,12,2024
2951,Rebecca West,Dresses,Wrap Dress,5.0,2685.985,0.65,0.0,2024-03-27,Delhi,B2C,2454.07,13429.925000000001,3,2024
2952,Jennifer Simpson,Shoes,Boots,-2.0,470.68,0.06,-884.88,2024-03-27,Ahmedabad,B2B,2812.7,-941.36,3,2024
2953,Ronnie Oconnor,Shoes,Boots,3.0,3500.98,0.65,0.0,2024-03-27,Mumbai,B2B,-865.81,10502.94,3,2024
2954,Jason Rivera,Dresses,Maxi Dress,2.0,2685.985,0.65,0.0,2024-08-14,Hyderabad,B2B,1632.71,5371.97,8,2024
2955,Jody Park,Dresses,Wrap Dress,6.0,2685.985,1.28,0.0,2024-03-27,Ahmedabad,B2B,-646.89,16115.91,3,2024
2956,Daniel Hicks,Jackets,Puffer Coat,2.0,2710.15,0.65,0.0,2024-03-27,Delhi,B2C,2.22,5420.3,3,2024
2957,Nicholas Molina,Accessories,Belts,2.0,2685.985,0.68,0.0,2024-03-27,Ahmedabad,B2C,301.72,5371.97,3,2024
2958,James Juarez,T-Shirts,Classic Tee,-2.0,2685.985,0.65,0.0,2024-04-11,Pune,B2C,-645.12,-5371.97,4,2024
2959,Gary Smith,Shoes,Loafers,2.0,4113.98,0.65,0.0,2025-03-04,Mumbai,B2C,477.7,8227.96,3,2025
2960,Angie Garza,Accessories,Belts,2.0,1536.53,0.96,0.0,2024-03-27,bengaluru,B2B,1052.28,3073.06,3,2024
1021,Preston Gomez,T-Shirts,Classic Tee,2.0,2685.985,0.04,0.0,2024-03-27,Pune,B2C,796.33,5371.97,3,2024
2962,Chelsea Singleton,Accessories,Belts,2.0,2685.985,0.87,0.0,2024-03-27,Delhi,B2C,-617.13,5371.97,3,2024
2963,Molly Adams,Jeans,Slim Fit Jeans,2.0,570.21,0.65,0.0,2024-03-27,Delhi,B2B,380.3,1140.42,3,2024
2964,Mario Ponce,Shoes,Boots,-1.0,2685.985,0.96,0.0,2024-03-27,Hyd,B2C,-937.17,-2685.985,3,2024
1038,Joel Martinez,Shoes,Boots,2.0,2685.985,0.65,0.0,2023-11-30,Pune,B2C,2689.89,5371.97,11,2023
2966,Carol Williams,T-Shirts,Crop Top,2.0,1650.01,0.65,0.0,2024-03-27,Hyderabad,B2B,2561.34,3300.02,3,2024
2967,Angela Palmer,Dresses,Casual Midi,2.0,2685.985,0.65,0.0,2024-03-27,Hyderabad,B2B,-346.59,5371.97,3,2024
2968,Charles Morgan,Jackets,Puffer Coat,2.0,2685.985,0.65,0.0,2025-05-10,Mumbai,B2B,768.33,5371.97,5,2025
2969,Jacob Taylor,Jackets,Leather Jacket,2.0,4858.47,0.68,0.0,2024-03-27,bengaluru,B2B,1115.89,9716.94,3,2024
2970,Adam Rowe,T-Shirts,Oversized T-shirt,1.0,2685.985,0.65,0.0,2024-11-15,Pune,B2C,1214.15,2685.985,11,2024
2971,Danielle Archer,Dresses,Bodycon,6.0,1507.6,0.65,0.0,2024-03-27,Delhi,B2C,2280.06,9045.599999999999,3,2024
2972,Alfred Harris,Dresses,Bodycon,5.0,2685.985,0.65,0.0,2024-03-27,Pune,B2B,2532.76,13429.925000000001,3,2024
2973,Joel Johnson MD,Accessories,Belts,2.0,2685.985,0.65,0.0,2024-03-27,Hyderabad,B2C,1576.16,5371.97,3,2024
2974,Amy Miller,Accessories,Watches,6.0,1765.76,0.36,6780.52,2024-03-27,Ahmedabad,B2B,2947.0,10594.56,3,2024
2975,Alexandra Jones,Accessories,Caps,2.0,3835.25,0.65,0.0,2024-03-27,Ahmedabad,B2B,2378.4,7670.5,3,2024
2976,John Lee,T-Shirts,Classic Tee,2.0,1572.95,0.65,0.0,2024-03-27,Hyderabad,B2B,2532.02,3145.9,3,2024
2977,Brendan Martin,Dresses,Casual Midi,-2.0,3205.93,0.65,0.0,2024-03-27,Mumbai,B2C,1421.4,-6411.86,3,2024
2978,James Olson,Dresses,Bodycon,3.0,2685.985,0.52,0.0,2024-03-27,Hyd,B2C,771.47,8057.955,3,2024
2979,Christina Simmons,T-Shirts,Classic Tee,2.0,2685.985,0.23,0.0,2024-03-27,Mumbai,B2B,862.17,5371.97,3,2024
2980,Tina Williams,T-Shirts,Classic Tee,2.0,2685.985,0.36,0.0,2024-03-27,Delhi,B2C,147.67,5371.97,3,2024
1040,Julie Moon MD,T-Shirts,Crop Top,2.0,2685.985,0.65,0.0,2025-05-05,Delhi,B2B,2959.73,5371.97,5,2025
2982,Bailey Keller,T-Shirts,Oversized T-shirt,-1.0,2497.52,0.65,0.0,2023-11-23,Ahmedabad,B2B,-523.43,-2497.52,11,2023
2983,Bryan Conway,Shoes,Sneakers,2.0,2685.985,0.65,0.0,2024-03-27,Pune,B2B,1347.94,5371.97,3,2024
2984,Alexander Gonzalez,Shoes,Loafers,4.0,2062.9,0.65,0.0,2024-08-02,Mumbai,B2C,2471.06,8251.6,8,2024
2985,Elizabeth Mills,Jeans,Straight Cut,2.0,2685.985,1.15,0.0,2025-01-15,Hyd,B2B,774.28,5371.97,1,2025
2986,Jeffrey Kennedy,Dresses,Wrap Dress,-2.0,2685.985,0.65,0.0,2024-03-27,Mumbai,B2B,-283.42,-5371.97,3,2024
2987,Lauren Harrell,Accessories,Belts,6.0,2584.43,0.65,0.0,2024-03-27,Delhi,B2C,992.21,15506.579999999998,3,2024
2988,Morgan Bullock,T-Shirts,Graphic Tee,2.0,2685.985,0.65,0.0,2024-03-27,Pune,B2B,2784.91,5371.97,3,2024
2989,Paige Mosley,Shoes,Boots,-1.0,4084.97,0.83,-694.44,2024-01-29,Mumbai,B2B,2395.43,-4084.97,1,2024
2990,Johnny Good,Jeans,Slim Fit Jeans,0.0,3205.73,0.65,0.0,2024-03-27,Mumbai,B2B,1600.5,0.0,3,2024
2991,Brittany Torres,Dresses,Bodycon,2.0,2053.65,0.65,0.0,2024-03-27,Hyd,B2B,-86.89,4107.3,3,2024
2992,Kelly Willis,Jeans,Straight Cut,2.0,4747.16,0.9,0.0,2024-01-26,Bangalore,B2B,2189.05,9494.32,1,2024
2993,Kara Howell,Accessories,Caps,2.0,2685.985,0.65,0.0,2024-03-27,Mumbai,B2C,-568.91,5371.97,3,2024
2994,Christopher Cannon,T-Shirts,Oversized T-shirt,5.0,919.26,0.65,0.0,2024-03-27,Hyderabad,B2B,2805.22,4596.3,3,2024
2995,Kathleen Rose,Shoes,Sneakers,2.0,2617.66,0.55,0.0,2024-03-27,Mumbai,B2B,1406.13,5235.32,3,2024
2996,Travis Wells,Dresses,Wrap Dress,2.0,3750.45,1.04,-300.04,2025-03-08,Ahmedabad,B2B,1108.38,7500.9,3,2025
1027,Christine Cox,Jackets,Bomber Jacket,2.0,2685.985,0.65,0.0,2024-03-27,Hyderabad,B2B,1921.25,5371.97,3,2024
2998,Christine Wilson,Jackets,Puffer Coat,0.0,3453.58,0.65,0.0,2024-03-27,Mumbai,B2B,2018.4,0.0,3,2024
2999,Deborah Frederick,Shoes,Loafers,2.0,2685.985,0.65,0.0,2024-03-27,Hyd,B2B,-828.2,5371.97,3,2024
1034,Robert Goodwin,Dresses,Casual Midi,2.0,2685.985,0.65,0.0,2024-09-22,Hyd,B2B,-41.81,5371.97,9,2024
3001,Amanda Mclaughlin,Jackets,Denim Jacket,-1.0,1171.57,0.65,0.0,2024-03-27,Pune,B2B,2541.21,-1171.57,3,2024
1046,Peter Merritt,T-Shirts,Oversized T-shirt,2.0,2685.985,0.65,0.0,2024-08-24,Delhi,B2B,900.65,5371.97,8,2024
3003,Christopher Rice,Jeans,Straight Cut,-1.0,2685.985,0.65,0.0,2024-03-27,Delhi,B2B,605.98,-2685.985,3,2024
3004,Laurie Martinez,T-Shirts,Crop Top,3.0,1759.66,0.65,0.0,2024-03-27,Mumbai,B2B,1133.07,5278.9800000000005,3,2024
3005,Dave Williams,Jackets,Bomber Jacket,2.0,2685.985,0.65,0.0,2024-05-08,Hyderabad,B2C,2378.14,5371.97,5,2024
3006,Lori Alexander,Shoes,Loafers,2.0,2685.985,1.26,0.0,2024-03-27,Pune,B2B,1441.9,5371.97,3,2024
3007,Misty Higgins,Shoes,Loafers,-2.0,3922.01,0.65,0.0,2024-03-27,bengaluru,B2B,2186.58,-7844.02,3,2024
3008,Brandon Ritter,Accessories,Sunglasses,2.0,2880.85,0.65,0.0,2024-03-27,Delhi,B2C,2519.23,5761.7,3,2024
3009,Jacob Conrad,Jeans,Slim Fit Jeans,2.0,2685.985,0.65,0.0,2024-03-27,Bangalore,B2C,25.22,5371.97,3,2024
3010,Jessica Nguyen,Jackets,Puffer Coat,-2.0,2685.985,0.68,0.0,2024-09-30,Hyd,B2C,671.7,-5371.97,9,2024
3011,Spencer Collins,Accessories,Belts,2.0,4016.78,1.03,0.0,2024-03-27,Delhi,B2B,729.73,8033.56,3,2024
3012,Nathan Lyons,Accessories,Caps,2.0,673.96,0.65,0.0,2024-03-27,bengaluru,B2B,799.35,1347.92,3,2024
3013,Eric Stone,T-Shirts,Graphic Tee,2.0,2685.985,0.66,0.0,2024-03-27,bengaluru,B2B,-572.35,5371.97,3,2024
3014,Anthony Smith,T-Shirts,Graphic Tee,2.0,2685.985,0.65,0.0,2024-03-27,Delhi,B2B,1056.99,5371.97,3,2024
3015,Lindsey Merritt,Jeans,Ripped Denim,2.0,3211.0,0.56,0.0,2024-03-27,Delhi,B2C,-659.55,6422.0,3,2024
3016,Richard Fuentes,Accessories,Belts,5.0,2685.985,0.65,0.0,2024-12-16,Hyderabad,B2C,426.15,13429.925000000001,12,2024
3017,Kimberly Ward,Shoes,Boots,2.0,2685.985,0.65,0.0,2024-03-27,Ahmedabad,B2C,1237.13,5371.97,3,2024
3018,David Wheeler,Jeans,Slim Fit Jeans,0.0,4744.86,0.65,0.0,2024-03-27,Hyderabad,B2B,2963.16,0.0,3,2024
3019,Alicia Jones,Jeans,Slim Fit Jeans,0.0,2705.09,0.65,0.0,2024-03-27,Hyderabad,B2C,-546.72,0.0,3,2024
3020,Jonathan Leonard,Shoes,Boots,2.0,2685.985,0.65,0.0,2024-03-27,bengaluru,B2B,134.93,5371.97,3,2024
3021,Michelle Duncan,Jackets,Bomber Jacket,3.0,2685.985,0.65,0.0,2024-03-27,Mumbai,B2B,-571.78,8057.955,3,2024
3022,Jennifer Hancock,Accessories,Belts,3.0,1695.61,0.65,0.0,2024-03-27,Delhi,B2C,297.83,5086.83,3,2024
3023,Tamara Ross,T-Shirts,Oversized T-shirt,2.0,2685.985,0.65,0.0,2023-08-28,Delhi,B2C,2001.88,5371.97,8,2023
3024,Miranda Gutierrez,T-Shirts,Classic Tee,2.0,2685.985,0.18,0.0,2024-03-27,Mumbai,B2B,1505.68,5371.97,3,2024
3025,Jennifer Mills,Accessories,Belts,2.0,2685.985,0.65,0.0,2023-12-24,bengaluru,B2C,2275.07,5371.97,12,2023
3026,Shawn Campos,Jeans,Straight Cut,2.0,3345.45,0.65,0.0,2024-03-27,Hyderabad,B2C,2896.95,6690.9,3,2024
3027,William Nelson,Accessories,Watches,2.0,2685.985,0.65,0.0,2024-03-27,Mumbai,B2B,1256.47,5371.97,3,2024
3028,Stephen Williamson,Shoes,Slip-ons,2.0,2685.985,0.74,0.0,2025-01-07,bengaluru,B2B,-436.73,5371.97,1,2025
1031,Brittany Jones,Jeans,Slim Fit Jeans,2.0,2267.3,0.91,0.0,2024-03-27,Bangalore,B2C,1673.55,4534.6,3,2024
3030,Jeffrey Haynes,Accessories,Watches,2.0,4101.89,0.65,0.0,2024-03-27,Delhi,B2C,1196.03,8203.78,3,2024
3031,Amber Morales,Jackets,Leather Jacket,-1.0,2685.985,0.65,0.0,2024-07-28,Hyderabad,B2C,-970.17,-2685.985,7,2024
3032,Johnathan Owens,Shoes,Slip-ons,5.0,3654.9,0.65,0.0,2024-03-27,Ahmedabad,B2B,1069.81,18274.5,3,2024
3033,Clinton Ross,T-Shirts,Classic Tee,2.0,1787.52,0.65,0.0,2024-03-27,Hyd,B2B,2626.27,3575.04,3,2024
3034,Brian Alexander,T-Shirts,Oversized T-shirt,2.0,2685.985,0.65,0.0,2024-03-27,Ahmedabad,B2B,2599.13,5371.97,3,2024
3035,Dylan Harris,Dresses,Casual Midi,4.0,2685.985,1.0,0.0,2024-03-27,Bangalore,B2B,2640.01,10743.94,3,2024
3036,Charlene Garrett,Dresses,Bodycon,2.0,3997.83,0.65,0.0,2024-03-27,Delhi,B2B,1399.12,7995.66,3,2024
3037,Brian Sims,Jackets,Puffer Coat,2.0,2685.985,0.85,0.0,2024-03-27,Delhi,B2C,-298.81,5371.97,3,2024
3038,Gloria Barrett,Jackets,Bomber Jacket,2.0,1318.04,0.65,0.0,2024-03-27,Ahmedabad,B2C,-19.53,2636.08,3,2024
3039,Edward Porter,Jeans,Slim Fit Jeans,2.0,2685.985,0.65,0.0,2024-03-27,Pune,B2B,748.79,5371.97,3,2024
3040,Mark Soto,Shoes,Slip-ons,-2.0,2685.985,0.65,0.0,2024-03-27,Hyderabad,B2B,2991.73,-5371.97,3,2024
3041,Cameron Medina,Jackets,Bomber Jacket,2.0,2685.985,0.65,0.0,2024-03-27,Hyderabad,B2B,2179.93,5371.97,3,2024
3042,Gabriel Chen,Jackets,Leather Jacket,3.0,848.45,0.65,0.0,2024-03-27,bengaluru,B2C,1334.54,2545.3500000000004,3,2024
3043,Dennis Bryant,Accessories,Caps,2.0,1137.77,0.65,0.0,2023-12-04,Delhi,B2C,-471.37,2275.54,12,2023
3044,Rebecca Newman,T-Shirts,Oversized T-shirt,2.0,431.31,1.25,0.0,2024-03-27,Mumbai,B2C,2866.66,862.62,3,2024
3045,Sean Nelson,Dresses,Casual Midi,2.0,3180.69,0.65,0.0,2023-08-13,Hyderabad,B2B,2237.56,6361.38,8,2023
3046,Jeffrey Levy,Jeans,Straight Cut,2.0,2685.985,0.65,0.0,2024-03-27,Hyderabad,B2B,372.98,5371.97,3,2024
1037,Mason Ruiz,T-Shirts,Oversized T-shirt,2.0,2685.985,0.65,0.0,2024-03-27,Mumbai,B2C,1396.38,5371.97,3,2024
3048,Patrick Frye,Jackets,Puffer Coat,2.0,1136.41,0.65,0.0,2024-03-27,Ahmedabad,B2B,2504.79,2272.82,3,2024
3049,Heather Gibson,Dresses,Wrap Dress,-2.0,2685.985,0.65,0.0,2025-05-17,Mumbai,B2B,2001.07,-5371.97,5,2025
3050,Nicole Miller MD,Jeans,Ripped Denim,2.0,3177.78,0.65,0.0,2024-10-28,Ahmedabad,B2C,407.14,6355.56,10,2024
3051,Megan Simpson,Shoes,Loafers,0.0,2685.985,0.65,0.0,2024-03-27,Bangalore,B2B,1877.82,0.0,3,2024
3052,Nathaniel Martin Jr.,Accessories,Belts,-1.0,1290.42,0.65,0.0,2024-04-21,Ahmedabad,B2B,-196.63,-1290.42,4,2024
3053,Melissa Fleming,Shoes,Sneakers,5.0,2685.985,0.65,0.0,2024-03-27,Ahmedabad,B2C,612.53,13429.925000000001,3,2024
3054,Mr. Michael Martinez,Dresses,Wrap Dress,5.0,1722.34,1.04,-344.47,2024-08-01,Delhi,B2B,2459.28,8611.699999999999,8,2024
3055,Jeremy Hendricks,Dresses,Casual Midi,1.0,2685.985,0.65,0.0,2025-06-13,Mumbai,B2C,2024.8,2685.985,6,2025
3056,Harold Adams,Shoes,Sneakers,4.0,2685.985,0.65,0.0,2024-03-27,Mumbai,B2B,2126.75,10743.94,3,2024
3057,Angela Kidd,Jackets,Bomber Jacket,2.0,2685.985,1.05,0.0,2024-03-27,Ahmedabad,B2B,2241.83,5371.97,3,2024
3058,Eric Ellison,T-Shirts,Graphic Tee,2.0,2948.36,0.65,0.0,2024-03-27,Pune,B2B,1074.35,5896.72,3,2024
3059,Douglas Cummings,T-Shirts,Crop Top,-2.0,4949.17,0.65,0.0,2024-03-27,Bangalore,B2B,1267.49,-9898.34,3,2024
3060,Susan Haynes,Accessories,Watches,2.0,2685.985,0.71,0.0,2024-03-27,Mumbai,B2B,1011.23,5371.97,3,2024
3061,Melissa Mcdonald,T-Shirts,Crop Top,-1.0,1873.39,0.74,-487.08,2024-03-27,Hyderabad,B2B,1596.53,-1873.39,3,2024
3062,Christine Lewis,T-Shirts,Classic Tee,2.0,4312.55,0.65,0.0,2024-03-27,Hyderabad,B2B,496.16,8625.1,3,2024
3063,Andrea Smith,T-Shirts,Graphic Tee,2.0,4971.93,0.51,0.0,2024-03-27,Hyderabad,B2B,1941.61,9943.86,3,2024
3064,Alexander Page,Jackets,Puffer Coat,2.0,2685.985,1.24,0.0,2024-03-27,Hyderabad,B2B,2520.12,5371.97,3,2024
3065,Kyle Salinas,T-Shirts,Crop Top,-1.0,873.64,0.17,-725.12,2024-03-27,Pune,B2B,1107.85,-873.64,3,2024
3066,Justin Black,Shoes,Boots,2.0,2685.985,1.28,0.0,2024-03-27,Mumbai,B2C,80.29,5371.97,3,2024
3067,Lisa Norris,T-Shirts,Oversized T-shirt,0.0,2685.985,0.65,0.0,2024-03-27,bengaluru,B2B,2711.03,0.0,3,2024
3068,Casey Johnson MD,Shoes,Sneakers,2.0,2685.985,0.99,0.0,2024-03-27,Pune,B2C,1886.51,5371.97,3,2024
3069,Timothy Thomas,Jackets,Puffer Coat,2.0,2685.985,0.65,0.0,2024-10-26,bengaluru,B2B,-524.33,5371.97,10,2024
3070,Robert Ballard,Jackets,Leather Jacket,2.0,2685.985,0.65,0.0,2024-03-27,Delhi,B2B,1136.04,5371.97,3,2024
3071,Michael Martin,Shoes,Sneakers,2.0,4617.85,1.02,0.0,2023-10-30,Delhi,B2C,1778.15,9235.7,10,2023
3072,George Bishop,Shoes,Boots,6.0,2685.985,0.65,0.0,2024-03-27,Ahmedabad,B2C,1650.33,16115.91,3,2024
3073,Jesse Wilson,Accessories,Sunglasses,1.0,478.6,1.18,-86.15,2024-03-27,bengaluru,B2B,1139.84,478.6,3,2024
3074,Robert Cox,Accessories,Caps,2.0,2685.985,0.65,0.0,2024-02-05,Mumbai,B2B,-906.63,5371.97,2,2024
3075,Maria Yang,Accessories,Watches,2.0,1501.49,0.43,0.0,2024-03-27,Hyd,B2C,-100.14,3002.98,3,2024
3076,Susan Freeman,T-Shirts,Crop Top,0.0,2685.985,0.65,0.0,2024-03-27,Pune,B2B,1933.72,0.0,3,2024
3077,Frederick Allen,Dresses,Casual Midi,4.0,2685.985,0.92,0.0,2025-04-19,Ahmedabad,B2C,-528.22,10743.94,4,2025
3078,Jesse Bush,Jackets,Puffer Coat,2.0,2563.24,0.65,0.0,2024-03-27,Ahmedabad,B2B,195.81,5126.48,3,2024
3079,Kelly Baker,Shoes,Boots,2.0,2839.98,0.65,0.0,2024-03-27,Mumbai,B2B,-48.25,5679.96,3,2024
3080,Jessica Fox,T-Shirts,Crop Top,2.0,2685.985,0.65,0.0,2024-03-27,bengaluru,B2B,2067.89,5371.97,3,2024
3081,Tammy Vargas,T-Shirts,Oversized T-shirt,2.0,2685.985,0.65,0.0,2024-03-27,Ahmedabad,B2B,-245.42,5371.97,3,2024
3082,Shelby Bowen,Dresses,Maxi Dress,5.0,2685.985,0.65,0.0,2025-05-20,Pune,B2B,664.73,13429.925000000001,5,2025
3083,Joy Ingram,T-Shirts,Crop Top,2.0,1573.64,0.65,0.0,2024-03-27,Delhi,B2B,792.35,3147.28,3,2024
3084,William Gibson,T-Shirts,Oversized T-shirt,2.0,2316.64,0.7,0.0,2024-03-27,Ahmedabad,B2B,-657.76,4633.28,3,2024
3085,Jennifer Buckley,T-Shirts,Crop Top,4.0,2685.985,0.65,0.0,2024-03-27,Mumbai,B2C,2563.31,10743.94,3,2024
3086,Alicia Curry,Accessories,Watches,-1.0,2685.985,0.65,0.0,2023-11-23,Delhi,B2B,918.53,-2685.985,11,2023
3087,Rebecca Palmer,Jeans,Slim Fit Jeans,2.0,692.46,1.2,0.0,2024-03-27,Bangalore,B2B,-901.21,1384.92,3,2024
1028,Benjamin Frye,Jeans,Slim Fit Jeans,-2.0,3344.74,1.1,668.95,2024-03-27,Ahmedabad,B2B,2728.08,-6689.48,3,2024
3089,Frank Griffin,Accessories,Belts,-2.0,3153.72,0.65,0.0,2024-03-27,Hyderabad,B2B,2686.96,-6307.44,3,2024
3090,Kenneth Griffith,Dresses,Wrap Dress,-2.0,3033.2,0.65,0.0,2024-09-02,Pune,B2B,490.69,-6066.4,9,2024
3091,Rick Taylor,Accessories,Watches,2.0,1091.76,0.54,0.0,2024-03-27,Hyderabad,B2B,2584.69,2183.52,3,2024
3092,Susan Barajas,Jackets,Puffer Coat,2.0,2685.985,0.65,0.0,2025-02-26,Bangalore,B2B,250.05,5371.97,2,2025
3093,Randy Burke,Shoes,Boots,2.0,1551.41,0.54,1427.3,2024-03-27,Delhi,B2C,763.37,3102.82,3,2024
3094,Thomas Martin,Dresses,Wrap Dress,2.0,4382.86,0.65,0.0,2024-03-27,Pune,B2B,1172.7,8765.72,3,2024
3095,Peggy Hill,Accessories,Watches,1.0,2685.985,0.65,0.0,2024-03-27,Pune,B2B,2699.57,2685.985,3,2024
3096,Charles Francis,Shoes,Boots,2.0,2312.09,0.65,0.0,2024-03-27,Bangalore,B2B,508.96,4624.18,3,2024
3097,Tracy Mejia,Shoes,Boots,2.0,3111.65,0.65,0.0,2024-03-27,Hyderabad,B2B,2868.09,6223.3,3,2024
1028,Miguel Edwards,Dresses,Maxi Dress,2.0,2996.43,0.65,0.0,2024-03-27,Pune,B2C,2205.57,5992.86,3,2024
3099,Jessica Hudson,Accessories,Watches,2.0,4426.87,0.65,0.0,2024-03-27,Pune,B2B,2480.95,8853.74,3,2024
3100,Mr. Mark Wolfe,Jackets,Leather Jacket,2.0,2685.985,0.65,0.0,2024-03-27,Ahmedabad,B2B,2379.74,5371.97,3,2024
3101,Mary Long,Accessories,Belts,1.0,2685.985,0.65,0.0,2024-03-27,Mumbai,B2B,478.53,2685.985,3,2024
1025,Michael Pierce,Dresses,Maxi Dress,0.0,2685.985,0.65,0.0,2024-11-11,Ahmedabad,B2B,-861.84,0.0,11,2024
3103,Paul Frederick,T-Shirts,Graphic Tee,5.0,2685.985,0.65,0.0,2024-03-27,Bangalore,B2C,654.74,13429.925000000001,3,2024
3104,Connie Meyer,Dresses,Casual Midi,2.0,4274.01,0.28,0.0,2024-03-27,Ahmedabad,B2B,2263.57,8548.02,3,2024
3105,Christina Crawford,Accessories,Belts,2.0,2685.985,0.65,0.0,2025-05-09,Hyderabad,B2C,1488.64,5371.97,5,2025
3106,Luis Flores,Accessories,Sunglasses,6.0,2685.985,0.65,0.0,2024-03-27,Delhi,B2B,-521.15,16115.91,3,2024
3107,Catherine Mendoza,Jeans,Slim Fit Jeans,2.0,2068.64,0.65,0.0,2024-03-27,Mumbai,B2C,2447.29,4137.28,3,2024
3108,Matthew Thomas,Dresses,Wrap Dress,2.0,2685.985,0.65,0.0,2024-03-27,Mumbai,B2B,-815.76,5371.97,3,2024
3109,Ryan Porter,T-Shirts,Crop Top,5.0,2685.985,0.35,0.0,2024-03-27,Ahmedabad,B2B,445.05,13429.925000000001,3,2024
3110,Amy Kline,Jeans,Boyfriend Jeans,2.0,4103.32,0.65,0.0,2024-03-27,Delhi,B2B,-828.25,8206.64,3,2024
3111,Joel Chambers,T-Shirts,Classic Tee,-1.0,839.87,0.65,0.0,2024-03-27,bengaluru,B2C,-286.1,-839.87,3,2024
3112,Joseph Gilmore MD,Shoes,Loafers,2.0,3026.75,0.65,0.0,2024-08-28,Delhi,B2B,-565.92,6053.5,8,2024
3113,Veronica Goodwin,Shoes,Loafers,4.0,3256.86,0.77,2996.31,2024-09-13,bengaluru,B2B,-109.08,13027.44,9,2024
3114,Eric Bridges,Jeans,Slim Fit Jeans,2.0,4082.61,0.65,0.0,2024-03-27,Pune,B2B,-454.61,8165.22,3,2024
3115,Vickie Brown DDS,Accessories,Caps,2.0,2685.985,0.65,0.0,2024-08-23,Hyderabad,B2B,-546.69,5371.97,8,2024
3116,Margaret Porter,Dresses,Wrap Dress,2.0,1237.15,0.65,0.0,2024-03-27,Bangalore,B2B,1357.42,2474.3,3,2024
3117,Whitney Nelson,Jackets,Denim Jacket,4.0,2685.985,0.29,0.0,2024-03-27,Bangalore,B2B,-706.51,10743.94,3,2024
3118,Karen Harmon,Jackets,Puffer Coat,2.0,948.06,0.6,0.0,2024-03-27,Pune,B2B,69.35,1896.12,3,2024
3119,Andrew Forbes,Jeans,Slim Fit Jeans,2.0,722.74,0.65,0.0,2024-03-27,Pune,B2C,1610.64,1445.48,3,2024
3120,David Chambers,Accessories,Sunglasses,2.0,824.59,0.13,0.0,2024-03-27,Hyd,B2B,-276.22,1649.18,3,2024
3121,Alyssa Nichols,Jackets,Bomber Jacket,2.0,1049.27,0.65,0.0,2024-03-27,Hyderabad,B2C,-648.45,2098.54,3,2024
3122,Joshua Oconnor,Accessories,Belts,2.0,2685.985,1.19,0.0,2024-12-23,Pune,B2C,551.79,5371.97,12,2024
3123,Edward Fischer,Jackets,Bomber Jacket,5.0,2685.985,0.65,0.0,2024-03-27,Hyderabad,B2C,1980.42,13429.925000000001,3,2024
3124,Mark West PhD,T-Shirts,Crop Top,2.0,2685.985,0.87,0.0,2023-08-17,Pune,B2B,-399.81,5371.97,8,2023
3125,Stephanie Cook,Dresses,Casual Midi,5.0,4264.79,0.65,0.0,2024-03-27,Ahmedabad,B2C,2388.91,21323.95,3,2024
3126,Marilyn Garcia,T-Shirts,Graphic Tee,4.0,2685.985,0.65,0.0,2024-03-27,Mumbai,B2B,2624.13,10743.94,3,2024
3127,Suzanne Doyle,Shoes,Boots,2.0,491.77,0.9,0.0,2024-03-27,Pune,B2B,2069.05,983.54,3,2024
3128,Maria Garcia,Dresses,Casual Midi,2.0,3216.9,0.65,0.0,2025-06-03,Hyderabad,B2B,192.22,6433.8,6,2025
3129,Michael Knight,Jeans,Straight Cut,2.0,3201.09,0.65,0.0,2024-03-27,Pune,B2C,2989.88,6402.18,3,2024
3130,Shelly Jordan,Dresses,Casual Midi,2.0,3742.62,0.65,0.0,2024-03-27,Mumbai,B2C,2886.26,7485.24,3,2024
3131,Andrea Perry,Accessories,Belts,2.0,4938.03,0.65,0.0,2023-12-18,Delhi,B2B,878.99,9876.06,12,2023
3132,Raymond Robinson,Jackets,Denim Jacket,6.0,2940.45,0.65,0.0,2024-03-27,Hyderabad,B2C,-583.81,17642.699999999997,3,2024
3133,Catherine Spencer,Jackets,Denim Jacket,1.0,974.54,0.44,545.74,2024-03-27,Hyd,B2B,2655.22,974.54,3,2024
3134,Tara Day,Jackets,Bomber Jacket,2.0,2685.985,0.53,0.0,2024-03-27,Ahmedabad,B2B,1130.74,5371.97,3,2024
3135,Heather Knight,Jackets,Puffer Coat,1.0,2685.985,0.67,0.0,2024-03-27,Hyderabad,B2B,2619.5,2685.985,3,2024
3136,Patricia Jackson,T-Shirts,Graphic Tee,2.0,3622.93,0.65,0.0,2024-01-22,Delhi,B2C,813.36,7245.86,1,2024
3137,Taylor Maxwell,Jackets,Puffer Coat,2.0,2685.985,0.65,0.0,2024-11-17,bengaluru,B2B,-122.35,5371.97,11,2024
3138,Justin Rice,Accessories,Caps,0.0,855.81,0.31,0.0,2024-03-27,Delhi,B2C,1801.0,0.0,3,2024
3139,Valerie Grant,T-Shirts,Oversized T-shirt,6.0,2685.985,0.65,0.0,2024-03-27,Hyderabad,B2B,563.12,16115.91,3,2024
3140,Trevor Higgins,Jeans,Ripped Denim,2.0,2685.985,0.65,0.0,2024-03-27,Ahmedabad,B2B,2551.31,5371.97,3,2024
3141,Rodney Ellis,Jackets,Denim Jacket,2.0,2685.985,0.65,0.0,2024-05-18,Mumbai,B2C,2279.18,5371.97,5,2024
3142,Dale Davis,Dresses,Bodycon,1.0,4887.36,0.65,0.0,2024-03-27,Hyderabad,B2B,-243.32,4887.36,3,2024
3143,Paul Lewis,T-Shirts,Oversized T-shirt,2.0,2685.985,0.65,0.0,2024-03-27,Hyderabad,B2B,-525.49,5371.97,3,2024
3144,Daniel Blanchard,Dresses,Casual Midi,2.0,2664.43,0.65,0.0,2025-04-27,Hyderabad,B2B,1324.18,5328.86,4,2025
3145,Rachel Harris,Jackets,Bomber Jacket,2.0,4414.97,0.65,0.0,2024-03-27,Hyderabad,B2B,2754.74,8829.94,3,2024
3146,Patricia Moore,Jackets,Bomber Jacket,2.0,2685.985,0.65,0.0,2024-03-27,Hyderabad,B2B,146.19,5371.97,3,2024
3147,Andrew Williams,Dresses,Casual Midi,2.0,2685.985,0.65,0.0,2024-03-27,Bangalore,B2B,2987.89,5371.97,3,2024
3148,Linda Dunn,Dresses,Casual Midi,6.0,2685.985,0.5,0.0,2024-03-27,Ahmedabad,B2C,605.46,16115.91,3,2024
3149,Kendra May,Shoes,Loafers,5.0,2685.985,0.65,0.0,2024-03-27,Bangalore,B2C,-681.76,13429.925000000001,3,2024
3150,Lori Martin,T-Shirts,Graphic Tee,0.0,850.69,0.41,0.0,2024-03-27,bengaluru,B2B,2291.93,0.0,3,2024
3151,Justin Walker,Jeans,Slim Fit Jeans,2.0,2685.985,0.19,0.0,2024-03-27,Mumbai,B2B,-858.13,5371.97,3,2024
3152,Brianna Patel,T-Shirts,Graphic Tee,-2.0,2116.65,0.21,-3344.31,2024-03-27,Mumbai,B2B,385.42,-4233.3,3,2024
3153,Jennifer Anderson,Dresses,Casual Midi,2.0,4723.02,0.52,0.0,2024-03-27,Ahmedabad,B2B,316.63,9446.04,3,2024
1047,Wendy Sandoval,T-Shirts,Oversized T-shirt,1.0,3154.48,0.65,0.0,2024-03-27,Ahmedabad,B2C,-243.92,3154.48,3,2024
3155,Paul Allen,Accessories,Caps,2.0,2685.985,0.27,0.0,2024-03-27,Mumbai,B2C,2621.96,5371.97,3,2024
3156,Scott Griffin,Shoes,Loafers,1.0,2685.985,0.52,0.0,2024-03-27,Ahmedabad,B2C,2568.9,2685.985,3,2024
3157,Matthew Bryant,Accessories,Caps,6.0,1768.88,0.65,0.0,2024-01-19,Pune,B2B,-750.14,10613.28,1,2024
3158,Melinda Hood,Shoes,Boots,2.0,2685.985,0.65,0.0,2024-03-27,Pune,B2B,-274.09,5371.97,3,2024
3159,Tiffany Smith,T-Shirts,Graphic Tee,2.0,2685.985,0.65,0.0,2024-03-27,Delhi,B2B,1668.66,5371.97,3,2024
3160,Denise Ashley,Jeans,Ripped Denim,6.0,4976.81,0.65,0.0,2024-03-27,Ahmedabad,B2C,845.06,29860.86,3,2024
3161,Donna Rodriguez,Accessories,Belts,2.0,2685.985,0.65,0.0,2024-05-10,Mumbai,B2C,1399.1,5371.97,5,2024
3162,Scott Lee,Accessories,Sunglasses,2.0,2685.985,0.65,0.0,2024-03-27,bengaluru,B2B,344.06,5371.97,3,2024
3163,Michelle Cruz,Jeans,Ripped Denim,2.0,2685.985,0.65,0.0,2024-03-27,Ahmedabad,B2C,-13.76,5371.97,3,2024
3164,Michelle Morrow,Jackets,Bomber Jacket,3.0,2685.985,0.09,0.0,2024-03-27,Bangalore,B2C,-750.61,8057.955,3,2024
3165,Tina Hartman,Dresses,Bodycon,2.0,2994.31,0.65,0.0,2024-03-27,Bangalore,B2C,-990.57,5988.62,3,2024
3166,Gregory Pierce,Dresses,Bodycon,-2.0,2685.985,0.65,0.0,2024-03-27,Pune,B2B,1384.25,-5371.97,3,2024
3167,Christine Brock,Jeans,Ripped Denim,2.0,2685.985,0.65,0.0,2024-03-27,Mumbai,B2B,1078.74,5371.97,3,2024
3168,Christine Young,Jeans,Ripped Denim,-1.0,1845.75,0.65,0.0,2024-03-27,bengaluru,B2B,268.45,-1845.75,3,2024
3169,James Villarreal,Jackets,Puffer Coat,-2.0,2685.985,0.65,0.0,2024-03-29,Hyderabad,B2C,796.19,-5371.97,3,2024
3170,Timothy Sheppard,Jackets,Denim Jacket,2.0,2229.77,0.65,0.0,2024-03-27,Ahmedabad,B2C,2733.99,4459.54,3,2024
3171,William Goodman,T-Shirts,Classic Tee,2.0,3618.17,0.65,0.0,2025-06-08,Ahmedabad,B2B,726.81,7236.34,6,2025
3172,Robert Rogers,Shoes,Sneakers,3.0,4433.35,0.65,0.0,2024-03-27,Pune,B2B,329.75,13300.050000000001,3,2024
1050,Robin Ortiz,Shoes,Sneakers,4.0,1205.98,0.65,0.0,2024-03-27,Delhi,B2C,-794.73,4823.92,3,2024
3174,Gerald Drake,Jackets,Puffer Coat,4.0,4345.79,1.14,-2433.64,2024-03-27,Pune,B2B,2747.47,17383.16,3,2024
3175,Brittany Brown,Jeans,Straight Cut,3.0,2937.09,0.65,0.0,2024-03-27,Pune,B2C,2471.63,8811.27,3,2024
3176,Shelby Johnson,Dresses,Wrap Dress,2.0,4473.84,0.3,0.0,2024-03-27,Pune,B2B,2874.33,8947.68,3,2024
3177,Melissa Larson,Jeans,Slim Fit Jeans,-1.0,2685.985,0.65,0.0,2025-02-09,Ahmedabad,B2C,2693.49,-2685.985,2,2025
3178,Cindy Bowen,Jackets,Denim Jacket,2.0,2685.985,0.66,0.0,2024-03-27,Hyderabad,B2C,-174.17,5371.97,3,2024
3179,Christopher Martin,Jackets,Puffer Coat,1.0,2057.88,0.65,0.0,2024-03-27,Ahmedabad,B2C,932.33,2057.88,3,2024
3180,Elizabeth Deleon,Shoes,Boots,5.0,1981.32,0.65,0.0,2024-03-27,Bangalore,B2B,1113.19,9906.6,3,2024
3181,Timothy Tyler,Shoes,Loafers,2.0,2685.985,0.65,0.0,2024-05-29,Ahmedabad,B2B,1727.03,5371.97,5,2024
3182,Christopher Martinez,Dresses,Wrap Dress,2.0,3078.92,0.65,0.0,2024-03-27,Hyderabad,B2B,1935.04,6157.84,3,2024
3183,Danielle Jones,Accessories,Watches,2.0,2685.985,0.65,0.0,2024-06-01,bengaluru,B2B,2332.84,5371.97,6,2024
3184,Jeffrey Maynard,Shoes,Slip-ons,3.0,2685.985,1.0,0.0,2023-07-28,Pune,B2B,386.15,8057.955,7,2023
3185,Bonnie Huerta,Jeans,Ripped Denim,2.0,2685.985,0.65,0.0,2024-11-05,Ahmedabad,B2B,-726.08,5371.97,11,2024
3186,Xavier Sampson,Jeans,Ripped Denim,5.0,2685.985,0.65,0.0,2024-03-27,Hyderabad,B2B,-637.71,13429.925000000001,3,2024
3187,Karen Clayton,Dresses,Maxi Dress,6.0,3998.97,0.65,0.0,2024-01-30,Mumbai,B2C,716.49,23993.82,1,2024
3188,Mr. David Green MD,Accessories,Belts,2.0,936.76,0.65,0.0,2024-03-27,Hyderabad,B2B,1308.49,1873.52,3,2024
3189,Jason Watson,Shoes,Boots,2.0,1299.74,0.09,0.0,2024-12-18,Bangalore,B2C,1607.44,2599.48,12,2024
3190,Tammy Smith,Shoes,Sneakers,2.0,2685.985,0.44,0.0,2024-03-27,Hyderabad,B2B,620.19,5371.97,3,2024
3191,David Gillespie,Jackets,Denim Jacket,2.0,2685.985,0.65,0.0,2025-01-30,Delhi,B2B,173.16,5371.97,1,2025
3192,Brittany Sweeney,Jeans,Straight Cut,-2.0,3568.45,0.37,-4496.25,2023-07-29,Delhi,B2C,1683.74,-7136.9,7,2023
3193,Michelle Kennedy,Jeans,Boyfriend Jeans,3.0,2685.985,0.65,0.0,2024-06-22,Ahmedabad,B2C,1236.54,8057.955,6,2024
1022,Bryan Molina,Shoes,Sneakers,2.0,3611.35,0.65,0.0,2025-07-10,Ahmedabad,B2B,-200.64,7222.7,7,2025
3195,Cody Williams,Jackets,Denim Jacket,2.0,958.16,0.65,0.0,2024-01-11,Delhi,B2C,2567.7,1916.32,1,2024
3196,Kelly Henry,Dresses,Wrap Dress,2.0,4897.24,0.65,0.0,2024-03-27,Pune,B2B,2989.6,9794.48,3,2024
3197,Brian Clark,Accessories,Caps,5.0,2685.985,1.12,0.0,2024-03-27,Hyderabad,B2C,2348.85,13429.925000000001,3,2024
3198,Dale Palmer,Jackets,Puffer Coat,2.0,2685.985,0.65,0.0,2024-03-27,Pune,B2C,816.72,5371.97,3,2024
1003,Sandra Ho,Jeans,Slim Fit Jeans,2.0,2685.985,0.65,0.0,2024-04-14,Mumbai,B2C,-756.14,5371.97,4,2024
3200,Andrew Perry,Accessories,Caps,2.0,2685.985,0.65,0.0,2024-03-27,Mumbai,B2B,2779.48,5371.97,3,2024
3201,Jennifer Casey,Shoes,Sneakers,2.0,3494.89,0.65,0.0,2024-03-27,Hyd,B2C,1036.32,6989.78,3,2024
1006,Jeffrey Dalton,Shoes,Loafers,2.0,2520.44,0.15,0.0,2024-03-27,bengaluru,B2C,2408.28,5040.88,3,2024
3203,Nicholas Mclaughlin,Jackets,Denim Jacket,-1.0,4883.52,0.65,0.0,2024-03-27,Pune,B2B,1510.55,-4883.52,3,2024
3204,Juan Morris,Accessories,Sunglasses,0.0,781.13,0.65,0.0,2024-03-27,Mumbai,B2C,2822.85,0.0,3,2024
3205,Patrick Olson,Shoes,Sneakers,2.0,2685.985,0.65,0.0,2024-03-27,Hyderabad,B2B,1723.22,5371.97,3,2024
3206,Yvonne Gibbs,Dresses,Bodycon,-1.0,2685.985,0.54,0.0,2024-12-08,Delhi,B2C,550.46,-2685.985,12,2024
3207,Monique Robles,Jeans,Straight Cut,2.0,2685.985,0.65,0.0,2024-03-27,Ahmedabad,B2C,-547.29,5371.97,3,2024
3208,Melissa Davila,Accessories,Watches,4.0,4280.7,0.65,0.0,2024-03-27,Pune,B2B,68.36,17122.8,3,2024
3209,Jessica Ward,Shoes,Boots,2.0,3221.55,0.65,0.0,2023-12-19,Ahmedabad,B2B,1996.4,6443.1,12,2023
3210,Nicholas Glenn,Jeans,Ripped Denim,0.0,2685.985,0.65,0.0,2024-03-27,Mumbai,B2B,1580.66,0.0,3,2024
3211,Linda Taylor,T-Shirts,Crop Top,2.0,1624.28,1.29,0.0,2025-02-09,Bangalore,B2B,1863.17,3248.56,2,2025
3212,David Walker,Jackets,Puffer Coat,2.0,4606.85,0.28,0.0,2024-03-27,Ahmedabad,B2C,188.97,9213.7,3,2024
3213,Cynthia Vargas DDS,Jackets,Bomber Jacket,6.0,1213.25,1.11,-800.75,2024-03-27,Ahmedabad,B2C,-82.79,7279.5,3,2024
3214,Taylor Martin,Jeans,Ripped Denim,2.0,2685.985,0.65,0.0,2025-04-27,Mumbai,B2C,1084.99,5371.97,4,2025
3215,Kelly Contreras,Jeans,Ripped Denim,1.0,552.81,0.57,237.71,2024-03-27,Delhi,B2B,206.75,552.81,3,2024
3216,Mathew Jackson,Shoes,Sneakers,0.0,2685.985,0.07,0.0,2024-03-27,Pune,B2B,1989.05,0.0,3,2024
3217,Kathleen Villarreal,Dresses,Wrap Dress,2.0,1039.75,0.65,0.0,2023-07-29,Pune,B2C,902.04,2079.5,7,2023
3218,Nancy Guerrero,T-Shirts,Crop Top,0.0,2685.985,0.16,0.0,2024-03-27,Pune,B2B,946.6,0.0,3,2024
3219,Melissa Parker,Shoes,Boots,5.0,2685.985,0.65,0.0,2024-03-24,bengaluru,B2C,908.45,13429.925000000001,3,2024
1006,Kenneth Harris,Jeans,Ripped Denim,2.0,732.96,0.21,0.0,2024-03-27,Hyderabad,B2B,-702.58,1465.92,3,2024
3221,Paul Orozco,Accessories,Belts,-2.0,2685.985,0.65,0.0,2024-03-27,Pune,B2B,2141.34,-5371.97,3,2024
3222,Edward Saunders,Dresses,Bodycon,-2.0,2685.985,0.65,0.0,2025-02-15,Pune,B2B,-545.96,-5371.97,2,2025
3223,Christopher Haley,T-Shirts,Graphic Tee,2.0,2685.985,0.65,0.0,2024-03-05,Mumbai,B2C,1477.87,5371.97,3,2024
3224,Elizabeth Smith,Jeans,Slim Fit Jeans,6.0,878.95,0.01,5220.96,2024-03-27,Mumbai,B2B,2099.52,5273.700000000001,3,2024
3225,Daniel Burnett,Dresses,Casual Midi,6.0,2685.985,0.65,0.0,2024-03-27,Pune,B2B,2666.58,16115.91,3,2024
3226,Michelle Gonzalez,Dresses,Wrap Dress,2.0,2685.985,0.65,0.0,2023-08-08,bengaluru,B2C,2715.65,5371.97,8,2023
3227,Cheryl Allen,Accessories,Belts,2.0,2685.985,0.65,0.0,2024-03-27,Mumbai,B2C,2498.22,5371.97,3,2024
3228,Scott Levine,T-Shirts,Graphic Tee,2.0,2125.02,0.65,0.0,2024-03-27,Hyderabad,B2C,1154.25,4250.04,3,2024
3229,Kimberly Lee,Accessories,Caps,-1.0,2685.985,0.65,0.0,2024-03-27,Delhi,B2C,1178.45,-2685.985,3,2024
3230,Dana Erickson,Jackets,Puffer Coat,3.0,4694.31,0.09,12815.47,2024-03-27,Bangalore,B2B,-215.18,14082.93,3,2024
3231,Paul West,Shoes,Loafers,2.0,2685.985,0.65,0.0,2024-02-23,Pune,B2B,2837.72,5371.97,2,2024
3232,Jeremy Garcia,Jackets,Puffer Coat,-2.0,2685.985,0.3,0.0,2024-03-27,Bangalore,B2B,1045.42,-5371.97,3,2024
3233,Briana Greer,T-Shirts,Crop Top,2.0,2654.66,0.65,0.0,2024-07-18,Bangalore,B2B,2008.66,5309.32,7,2024
3234,Thomas White,Jeans,Ripped Denim,2.0,2068.3,0.65,0.0,2024-03-27,Hyd,B2B,-896.79,4136.6,3,2024
3235,Elaine Cohen,Shoes,Loafers,2.0,3466.1,0.65,0.0,2024-03-27,bengaluru,B2B,1011.48,6932.2,3,2024
3236,Caroline Perry,Jackets,Leather Jacket,2.0,3253.51,0.55,0.0,2024-03-27,Pune,B2C,713.71,6507.02,3,2024
3237,Joyce Dixon,Jackets,Puffer Coat,3.0,2685.985,0.65,0.0,2024-03-27,Ahmedabad,B2B,1866.05,8057.955,3,2024
3238,John Woods,T-Shirts,Classic Tee,2.0,2685.985,0.87,0.0,2024-03-27,Delhi,B2B,744.17,5371.97,3,2024
3239,Mariah Kidd,Jeans,Straight Cut,1.0,4585.71,0.65,0.0,2024-03-27,Ahmedabad,B2B,1277.56,4585.71,3,2024
3240,Sabrina Copeland,Dresses,Casual Midi,2.0,2685.985,0.65,0.0,2024-10-10,bengaluru,B2B,940.05,5371.97,10,2024
1026,Brandi Walker,T-Shirts,Crop Top,0.0,3186.11,0.74,0.0,2024-03-27,Ahmedabad,B2C,2939.87,0.0,3,2024
3242,Sarah Clark,Shoes,Loafers,2.0,2685.985,0.16,0.0,2024-03-16,Mumbai,B2B,2996.49,5371.97,3,2024
3243,Daniel Bernard,Dresses,Bodycon,4.0,2685.985,0.87,0.0,2024-03-27,Delhi,B2B,1345.46,10743.94,3,2024
3244,Jennifer Manning,Accessories,Watches,-2.0,2685.985,0.47,0.0,2024-03-27,Ahmedabad,B2B,2205.34,-5371.97,3,2024
3245,Gregory Daugherty,Shoes,Sneakers,2.0,2685.985,0.65,0.0,2023-12-22,Hyderabad,B2B,1403.98,5371.97,12,2023
3246,Brenda Rodriguez,Jeans,Boyfriend Jeans,2.0,4842.74,0.65,0.0,2024-03-27,Pune,B2B,2628.24,9685.48,3,2024
3247,Pamela Wolf,Dresses,Casual Midi,2.0,2685.985,0.65,0.0,2024-03-27,Delhi,B2B,2182.49,5371.97,3,2024
3248,Angela Leon,Dresses,Casual Midi,2.0,2061.91,0.65,0.0,2024-03-27,Ahmedabad,B2B,-729.1,4123.82,3,2024
3249,Jeffery Hubbard,T-Shirts,Crop Top,2.0,2685.985,0.65,0.0,2024-03-27,Delhi,B2B,1787.82,5371.97,3,2024
3250,Dawn Barrett,T-Shirts,Crop Top,2.0,2685.985,0.65,0.0,2024-03-27,Bangalore,B2B,2200.6,5371.97,3,2024
3251,Evelyn Mckenzie,Dresses,Maxi Dress,2.0,2685.985,0.65,0.0,2024-03-27,Delhi,B2C,2977.81,5371.97,3,2024
3252,Michelle Smith,Shoes,Slip-ons,2.0,2685.985,0.65,0.0,2024-03-27,Ahmedabad,B2B,-544.7,5371.97,3,2024
3253,Anita Ramirez,Jackets,Bomber Jacket,5.0,4429.95,0.35,14397.34,2024-03-27,Hyderabad,B2B,-746.94,22149.75,3,2024
3254,Donna Terry,Jackets,Bomber Jacket,-2.0,2685.985,1.02,0.0,2024-03-27,Pune,B2C,2285.19,-5371.97,3,2024
3255,George Gonzales,Accessories,Watches,6.0,3904.86,0.65,0.0,2024-03-27,Mumbai,B2C,1504.25,23429.16,3,2024
3256,Samantha Mora,T-Shirts,Crop Top,2.0,2685.985,0.65,0.0,2025-07-22,Mumbai,B2B,298.94,5371.97,7,2025
3257,Nicholas Lee,T-Shirts,Graphic Tee,-2.0,2685.985,0.65,0.0,2024-03-27,Hyd,B2B,-271.48,-5371.97,3,2024
3258,Max Everett,Shoes,Loafers,2.0,2685.985,0.65,0.0,2025-03-06,Ahmedabad,B2B,682.17,5371.97,3,2025
3259,Crystal Thomas,Shoes,Boots,2.0,2685.985,0.65,0.0,2025-04-19,Mumbai,B2B,2448.22,5371.97,4,2025
1024,William Johnson,Accessories,Watches,-2.0,940.64,0.67,-620.82,2024-03-27,Mumbai,B2C,1552.9,-1881.28,3,2024
3261,Henry Bryan,Jackets,Denim Jacket,-1.0,2685.985,0.65,0.0,2024-03-27,Pune,B2C,-602.39,-2685.985,3,2024
3262,Melanie Wolf,Accessories,Caps,2.0,3727.53,0.65,0.0,2024-03-27,Ahmedabad,B2B,29.62,7455.06,3,2024
3263,Tammy Hatfield,Shoes,Sneakers,6.0,3121.49,0.65,0.0,2025-01-21,Bangalore,B2B,1156.27,18728.94,1,2025
3264,Erin Beck,Dresses,Wrap Dress,2.0,944.36,0.07,0.0,2024-03-27,Hyderabad,B2B,1133.74,1888.72,3,2024
3265,Sandra Patrick,Jackets,Leather Jacket,-1.0,1882.93,0.65,0.0,2024-03-27,Bangalore,B2B,520.85,-1882.93,3,2024
3266,Alan Hall,T-Shirts,Classic Tee,2.0,3349.58,0.65,0.0,2024-03-27,Mumbai,B2B,1085.2,6699.16,3,2024
3267,Cathy Zamora,Dresses,Maxi Dress,1.0,3965.8,0.48,2062.22,2024-10-22,bengaluru,B2B,1222.85,3965.8,10,2024
1045,Jennifer Fowler,Accessories,Sunglasses,-2.0,2685.985,0.65,0.0,2024-02-25,Pune,B2C,454.74,-5371.97,2,2024
3269,Lindsay Harris,T-Shirts,Crop Top,2.0,2998.25,1.19,0.0,2024-03-29,Ahmedabad,B2B,-781.65,5996.5,3,2024
3270,Richard Gregory,T-Shirts,Oversized T-shirt,3.0,3190.74,0.96,382.89,2024-03-27,Ahmedabad,B2B,2195.96,9572.22,3,2024
3271,Matthew Ortega,Accessories,Watches,0.0,2672.26,0.29,0.0,2025-01-05,Ahmedabad,B2C,722.57,0.0,1,2025
3272,Christopher Davis,Shoes,Boots,3.0,4236.45,0.65,0.0,2024-08-27,Mumbai,B2C,-849.83,12709.349999999999,8,2024
3273,Leslie Clark,Shoes,Boots,2.0,4089.68,0.65,0.0,2024-03-27,bengaluru,B2B,-713.14,8179.36,3,2024
3274,Nathan Maynard,Dresses,Casual Midi,-2.0,4409.22,0.65,0.0,2024-08-30,Delhi,B2C,2886.62,-8818.44,8,2024
3275,Stacie Duncan,Accessories,Watches,6.0,2685.985,0.65,0.0,2024-03-27,Ahmedabad,B2C,-733.06,16115.91,3,2024
3276,Hannah Nguyen,T-Shirts,Oversized T-shirt,6.0,2685.985,0.65,0.0,2024-03-27,Pune,B2C,-659.65,16115.91,3,2024
3277,Keith Jones,Jackets,Denim Jacket,2.0,3583.06,0.65,0.0,2024-03-27,Ahmedabad,B2C,2185.25,7166.12,3,2024
3278,Barbara Gutierrez,Accessories,Belts,2.0,3767.69,0.46,0.0,2024-03-27,Bangalore,B2C,746.84,7535.38,3,2024
3279,Christine Burns,Accessories,Watches,0.0,4643.96,0.82,0.0,2024-03-27,bengaluru,B2C,2569.86,0.0,3,2024
3280,Courtney Munoz,Dresses,Wrap Dress,2.0,2685.985,0.65,0.0,2023-10-12,Hyd,B2B,601.65,5371.97,10,2023
3281,Jason Bradley,Jackets,Bomber Jacket,2.0,2685.985,0.23,0.0,2024-04-05,bengaluru,B2B,1469.72,5371.97,4,2024
3282,Nicholas Cox,Jeans,Ripped Denim,2.0,4405.96,0.28,6344.58,2024-08-24,Bangalore,B2B,503.27,8811.92,8,2024
3283,Emily Sosa,Dresses,Casual Midi,3.0,2685.985,0.65,0.0,2024-03-27,Mumbai,B2C,1653.09,8057.955,3,2024
3284,Daniel Mullins,Accessories,Sunglasses,2.0,2685.985,0.65,0.0,2024-03-27,Delhi,B2C,1560.64,5371.97,3,2024
3285,Jessica Villa DDS,T-Shirts,Graphic Tee,0.0,4347.43,0.65,0.0,2024-03-27,Delhi,B2B,1440.27,0.0,3,2024
3286,Benjamin Jenkins,Jackets,Denim Jacket,-2.0,2685.985,0.65,0.0,2024-03-27,Hyderabad,B2B,2616.28,-5371.97,3,2024
3287,Jennifer Johnson,Jackets,Leather Jacket,2.0,2685.985,0.21,0.0,2025-02-25,Bangalore,B2C,1684.69,5371.97,2,2025
3288,Amanda Simmons,Jackets,Bomber Jacket,5.0,2685.985,0.65,0.0,2024-03-27,bengaluru,B2C,1657.65,13429.925000000001,3,2024
3289,Kevin Carson,Accessories,Sunglasses,2.0,2685.985,1.08,0.0,2024-03-27,Ahmedabad,B2B,-272.84,5371.97,3,2024
3290,Lauren Cook,Jackets,Puffer Coat,2.0,2685.985,0.65,0.0,2025-06-20,Pune,B2B,1001.31,5371.97,6,2025
3291,Wendy Coleman,Accessories,Belts,3.0,2685.985,0.27,0.0,2024-03-27,Delhi,B2C,1907.94,8057.955,3,2024
3292,Jessica Bradley,T-Shirts,Oversized T-shirt,2.0,2685.985,0.5,0.0,2024-03-27,Hyderabad,B2B,-774.38,5371.97,3,2024
1045,Michelle Clayton,T-Shirts,Graphic Tee,4.0,2685.985,0.98,0.0,2024-03-27,Pune,B2B,1009.78,10743.94,3,2024
3294,Gregory Mitchell,T-Shirts,Oversized T-shirt,4.0,1316.9,0.11,4688.16,2024-03-27,Delhi,B2C,2743.65,5267.6,3,2024
3295,Justin Frye,T-Shirts,Crop Top,2.0,2685.985,0.65,0.0,2024-03-27,Hyd,B2B,-623.55,5371.97,3,2024
1022,Julia Campbell,T-Shirts,Crop Top,5.0,2685.985,0.39,0.0,2024-03-27,Ahmedabad,B2B,-63.0,13429.925000000001,3,2024
3297,George Macdonald,Shoes,Slip-ons,2.0,2685.985,0.65,0.0,2024-03-27,Delhi,B2C,1746.36,5371.97,3,2024
3298,Christopher Gordon,Accessories,Belts,1.0,2124.13,0.85,318.62,2024-03-27,Hyd,B2B,1126.81,2124.13,3,2024
3299,Kristen Alexander,Jackets,Leather Jacket,-1.0,4090.34,0.99,-40.9,2024-03-27,Mumbai,B2B,1676.64,-4090.34,3,2024
3300,Debbie Cross,Accessories,Sunglasses,5.0,2685.985,1.06,0.0,2024-03-27,bengaluru,B2C,525.1,13429.925000000001,3,2024
3301,Holly Lopez,T-Shirts,Graphic Tee,5.0,2590.44,0.65,0.0,2024-03-27,Hyderabad,B2B,-613.96,12952.2,3,2024
3302,Leslie Castro,Jeans,Straight Cut,3.0,2685.985,0.65,0.0,2024-03-27,Delhi,B2B,2938.26,8057.955,3,2024
3303,Joshua Carter,Shoes,Slip-ons,2.0,2685.985,0.65,0.0,2024-03-27,Hyderabad,B2B,295.89,5371.97,3,2024
3304,Cheyenne Benson,Accessories,Watches,2.0,4452.04,0.65,0.0,2024-03-27,bengaluru,B2C,2932.37,8904.08,3,2024
3305,Allison Hill,Jeans,Boyfriend Jeans,2.0,2685.985,0.65,0.0,2024-03-27,Mumbai,B2C,1362.42,5371.97,3,2024
3306,John Davis,T-Shirts,Oversized T-shirt,2.0,4536.09,0.65,0.0,2024-03-27,Hyderabad,B2B,1015.71,9072.18,3,2024
3307,Cynthia Fisher,Accessories,Sunglasses,2.0,3896.07,0.65,0.0,2024-03-27,Pune,B2C,409.14,7792.14,3,2024
3308,Carolyn Mitchell,Jackets,Denim Jacket,2.0,2685.985,0.65,0.0,2024-01-13,Ahmedabad,B2C,1711.84,5371.97,1,2024
3309,Katrina Pugh,Dresses,Casual Midi,-2.0,3944.46,0.65,0.0,2023-10-02,Ahmedabad,B2C,1392.37,-7888.92,10,2023
3310,Marissa Howard,Dresses,Wrap Dress,2.0,2685.985,0.65,0.0,2023-08-25,Pune,B2C,463.6,5371.97,8,2023
3311,Amanda Dixon,Dresses,Maxi Dress,-1.0,3108.69,0.65,0.0,2024-04-06,Delhi,B2B,2986.53,-3108.69,4,2024
3312,Sarah Bradley DDS,T-Shirts,Classic Tee,2.0,4878.81,0.65,0.0,2024-03-27,bengaluru,B2B,327.38,9757.62,3,2024
3313,Dylan Price,Dresses,Bodycon,5.0,2685.985,1.03,0.0,2024-03-27,bengaluru,B2B,2022.75,13429.925000000001,3,2024
3314,Kevin Walker,Jackets,Denim Jacket,2.0,2537.59,0.65,0.0,2024-03-27,Pune,B2B,2708.81,5075.18,3,2024
3315,Caitlin Baker,Dresses,Bodycon,4.0,2685.985,0.65,0.0,2024-03-27,Hyd,B2C,2293.04,10743.94,3,2024
3316,Cassandra Gill,Jeans,Slim Fit Jeans,2.0,2685.985,0.65,0.0,2024-03-27,Mumbai,B2C,1628.03,5371.97,3,2024
3317,Joy Hester,Jackets,Leather Jacket,2.0,2140.22,0.65,0.0,2024-03-27,Ahmedabad,B2B,-415.92,4280.44,3,2024
3318,James Cooper,Accessories,Watches,2.0,2912.6,0.65,0.0,2024-03-27,Delhi,B2B,1847.45,5825.2,3,2024
3319,Christopher Bell,Shoes,Loafers,2.0,2685.985,0.65,0.0,2023-12-24,Ahmedabad,B2B,1419.51,5371.97,12,2023
3320,Erin Rodriguez,Shoes,Slip-ons,2.0,2685.985,0.65,0.0,2024-10-14,Pune,B2B,-251.71,5371.97,10,2024
3321,Hector Morris,Jackets,Bomber Jacket,5.0,1804.56,0.65,0.0,2023-11-24,Hyderabad,B2B,2534.37,9022.8,11,2023
3322,Regina Wilson,T-Shirts,Oversized T-shirt,2.0,4480.24,0.65,0.0,2024-03-27,Delhi,B2C,397.15,8960.48,3,2024
3323,Felicia Young,Shoes,Boots,3.0,4009.45,0.65,0.0,2024-03-27,Hyderabad,B2B,-495.81,12028.349999999999,3,2024
3324,Rachel Martin,Dresses,Casual Midi,2.0,2685.985,0.51,0.0,2024-03-27,Ahmedabad,B2C,-214.24,5371.97,3,2024
3325,John Brown MD,Dresses,Maxi Dress,6.0,2685.985,0.61,0.0,2024-03-27,Bangalore,B2B,686.84,16115.91,3,2024
3326,Shawn Campbell,Shoes,Boots,-2.0,3047.68,0.65,0.0,2024-03-27,Bangalore,B2C,827.95,-6095.36,3,2024
3327,Andrew Berger,Jeans,Straight Cut,2.0,2685.985,0.96,0.0,2024-03-27,bengaluru,B2B,-361.79,5371.97,3,2024
3328,Scott Hernandez,Jeans,Boyfriend Jeans,1.0,4390.32,0.65,0.0,2024-03-27,Bangalore,B2B,2785.75,4390.32,3,2024
3329,Zachary Price,Jackets,Puffer Coat,0.0,2685.985,0.65,0.0,2024-05-28,Delhi,B2C,1954.02,0.0,5,2024
3330,Adrian Cross,Shoes,Loafers,6.0,2217.95,0.65,0.0,2024-03-27,Hyderabad,B2B,146.52,13307.699999999999,3,2024
1012,Katie Ryan,Jackets,Denim Jacket,2.0,1364.73,0.71,0.0,2024-03-27,Mumbai,B2B,-909.85,2729.46,3,2024
3332,Mark Peters,Shoes,Loafers,5.0,1297.04,0.3,4539.64,2024-03-27,Hyd,B2B,2887.23,6485.2,3,2024
3333,Tanner Gates,Jackets,Leather Jacket,-2.0,2685.985,0.65,0.0,2023-08-12,Mumbai,B2C,617.99,-5371.97,8,2023
3334,Steve Gonzalez,Jeans,Boyfriend Jeans,2.0,2685.985,0.65,0.0,2024-03-27,Hyd,B2B,-933.34,5371.97,3,2024
3335,Hector Brewer,Jackets,Bomber Jacket,5.0,4289.91,1.23,-4933.4,2024-03-27,Pune,B2B,533.83,21449.55,3,2024
3336,Rebecca Burnett,Jackets,Denim Jacket,2.0,2685.985,0.65,0.0,2024-03-27,Ahmedabad,B2B,1872.26,5371.97,3,2024
1018,Thomas Cole,Dresses,Maxi Dress,1.0,2847.86,0.7,854.36,2024-03-09,Delhi,B2C,2190.67,2847.86,3,2024
3338,Wesley Walker,Dresses,Wrap Dress,2.0,2685.985,0.06,0.0,2024-03-27,Pune,B2C,1067.66,5371.97,3,2024
3339,Corey Sanchez,Accessories,Watches,2.0,2685.985,0.65,0.0,2024-03-16,Delhi,B2C,-735.83,5371.97,3,2024
3340,Christopher Stone,Shoes,Sneakers,6.0,3924.28,0.15,20013.83,2024-03-27,Bangalore,B2B,-831.93,23545.68,3,2024
3341,Ricky Hudson,Accessories,Watches,2.0,2080.09,0.65,0.0,2024-03-27,Hyderabad,B2B,1818.51,4160.18,3,2024
3342,April Anderson,Shoes,Loafers,2.0,2109.83,0.65,0.0,2024-03-27,Pune,B2B,546.26,4219.66,3,2024
3343,Anthony Patrick,T-Shirts,Graphic Tee,2.0,3677.95,0.42,0.0,2024-03-27,Mumbai,B2C,958.93,7355.9,3,2024
3344,Shelly Garcia,Jackets,Puffer Coat,2.0,2685.985,0.65,0.0,2024-03-27,Ahmedabad,B2B,1933.51,5371.97,3,2024
3345,Barbara Moore,Dresses,Wrap Dress,0.0,2685.985,0.65,0.0,2024-03-27,bengaluru,B2B,461.25,0.0,3,2024
3346,Calvin Wright,Shoes,Sneakers,2.0,1266.23,0.81,481.17,2024-03-27,Ahmedabad,B2B,416.5,2532.46,3,2024
3347,Alicia White,Jackets,Denim Jacket,2.0,3873.27,0.65,0.0,2024-12-30,Mumbai,B2B,212.7,7746.54,12,2024
3348,Patrick Mendez,Jackets,Leather Jacket,2.0,2685.985,0.98,0.0,2024-03-27,Hyderabad,B2B,1023.68,5371.97,3,2024
3349,Cindy Webb,Jackets,Bomber Jacket,2.0,1866.28,0.65,0.0,2024-03-27,Pune,B2B,1605.37,3732.56,3,2024
3350,Nicholas Callahan,Shoes,Slip-ons,2.0,2685.985,0.65,0.0,2024-02-15,Mumbai,B2C,14.57,5371.97,2,2024
3351,Olivia Knox,Jeans,Boyfriend Jeans,0.0,2685.985,0.57,0.0,2024-03-27,Pune,B2C,211.03,0.0,3,2024
3352,Jonathan Blake,Accessories,Belts,2.0,2559.35,0.65,0.0,2023-10-08,Ahmedabad,B2B,1386.39,5118.7,10,2023
3353,David Wilson,Jackets,Leather Jacket,0.0,2685.985,0.65,0.0,2024-03-27,Mumbai,B2B,-766.44,0.0,3,2024
3354,Stephen Jensen,Jackets,Leather Jacket,2.0,2685.985,0.74,0.0,2025-04-17,Mumbai,B2B,2840.37,5371.97,4,2025
3355,Diane Powers,Accessories,Belts,2.0,3111.18,0.03,0.0,2024-03-27,Ahmedabad,B2B,1851.74,6222.36,3,2024
3356,Jill Singh,Shoes,Slip-ons,1.0,966.41,0.65,0.0,2024-03-27,bengaluru,B2C,924.69,966.41,3,2024
3357,Rebecca Mullins,Dresses,Maxi Dress,2.0,4909.58,0.65,0.0,2023-10-14,Pune,B2B,-500.19,9819.16,10,2023
3358,Sarah Cruz,Dresses,Wrap Dress,-2.0,2685.985,0.65,0.0,2024-03-27,Delhi,B2C,1541.97,-5371.97,3,2024
3359,Suzanne Medina,Dresses,Maxi Dress,-2.0,1380.44,0.65,0.0,2024-03-27,Mumbai,B2B,-329.81,-2760.88,3,2024
3360,Sean Pruitt,Jeans,Slim Fit Jeans,5.0,2685.985,0.65,0.0,2024-03-27,Hyd,B2B,2229.54,13429.925000000001,3,2024
3361,Mark Frazier,Accessories,Caps,2.0,2685.985,0.65,0.0,2024-03-27,Bangalore,B2B,1648.42,5371.97,3,2024
3362,Linda Simpson,Accessories,Belts,2.0,2685.985,0.65,0.0,2024-03-27,Hyderabad,B2B,1445.86,5371.97,3,2024
3363,Amanda Mckenzie,Jackets,Puffer Coat,2.0,3754.24,0.65,0.0,2024-03-27,Delhi,B2B,461.46,7508.48,3,2024
3364,Eric Perry MD,Jackets,Leather Jacket,2.0,2685.985,0.65,0.0,2024-03-27,Ahmedabad,B2B,-552.43,5371.97,3,2024
3365,Dwayne Hampton,Shoes,Loafers,2.0,2414.93,0.65,0.0,2025-04-24,Bangalore,B2B,2493.6,4829.86,4,2025
3366,Mary Smith,Jackets,Leather Jacket,5.0,636.53,0.65,0.0,2024-03-27,Mumbai,B2B,-513.44,3182.6499999999996,3,2024
3367,Monica Young,Accessories,Watches,2.0,4206.91,0.65,0.0,2024-07-20,bengaluru,B2C,818.99,8413.82,7,2024
3368,Allison Franklin,Accessories,Sunglasses,4.0,2685.985,0.65,0.0,2024-03-27,Ahmedabad,B2B,-862.24,10743.94,3,2024
3369,Luis Gardner,Jeans,Boyfriend Jeans,2.0,2685.985,0.65,0.0,2024-03-27,bengaluru,B2B,245.55,5371.97,3,2024
3370,Christina Odonnell,Jackets,Denim Jacket,2.0,2685.985,0.65,0.0,2024-02-25,bengaluru,B2B,1069.18,5371.97,2,2024
3371,Raymond Vincent,Jeans,Straight Cut,5.0,2685.985,0.65,0.0,2024-03-27,Delhi,B2B,-276.12,13429.925000000001,3,2024
3372,Crystal Martin,Jeans,Slim Fit Jeans,2.0,2291.31,0.65,0.0,2023-08-19,Hyderabad,B2B,-169.68,4582.62,8,2023
3373,Emily Kennedy,Shoes,Slip-ons,2.0,3507.48,0.65,0.0,2024-03-27,Mumbai,B2B,2821.27,7014.96,3,2024
3374,Michelle Scott,Dresses,Wrap Dress,2.0,2489.23,0.65,0.0,2024-03-27,Hyderabad,B2C,2977.05,4978.46,3,2024
3375,Jeffery Howard,Jackets,Denim Jacket,2.0,442.08,0.65,0.0,2024-03-27,Hyd,B2B,944.55,884.16,3,2024
3376,Michelle Chapman,Jeans,Ripped Denim,2.0,2685.985,0.65,0.0,2023-12-09,Delhi,B2B,1936.25,5371.97,12,2023
3377,Derek Holder,Dresses,Wrap Dress,2.0,1064.37,0.65,0.0,2024-03-27,Delhi,B2B,-671.09,2128.74,3,2024
3378,Kathleen Collins,Jackets,Leather Jacket,2.0,3675.0,0.65,0.0,2024-03-27,Pune,B2C,2641.65,7350.0,3,2024
3379,Alyssa Figueroa,Accessories,Caps,-2.0,2685.985,0.65,0.0,2024-06-02,Pune,B2C,-861.83,-5371.97,6,2024
3380,Crystal Beasley,Dresses,Bodycon,2.0,4166.34,0.65,0.0,2024-03-27,Hyderabad,B2B,317.31,8332.68,3,2024
3381,Shelly Wilson,Shoes,Slip-ons,-1.0,2685.985,0.1,0.0,2024-09-28,Ahmedabad,B2B,2205.09,-2685.985,9,2024
3382,Marie Hansen,Shoes,Boots,1.0,2685.985,0.65,0.0,2024-03-27,Hyd,B2B,1711.89,2685.985,3,2024
3383,Samantha Ruiz,Jeans,Boyfriend Jeans,2.0,2685.985,0.64,0.0,2023-07-26,Ahmedabad,B2B,1101.95,5371.97,7,2023
3384,Justin Melton,Dresses,Wrap Dress,1.0,2282.76,0.58,958.76,2024-03-27,bengaluru,B2B,1133.68,2282.76,3,2024
3385,Thomas Camacho,Dresses,Bodycon,2.0,2394.84,0.65,0.0,2024-03-27,Ahmedabad,B2B,1007.9,4789.68,3,2024
3386,Kristin Gould,T-Shirts,Classic Tee,1.0,2685.985,1.18,0.0,2024-03-27,Mumbai,B2C,21.39,2685.985,3,2024
3387,Wayne Johnson,Jeans,Ripped Denim,2.0,2685.985,0.65,0.0,2024-03-27,bengaluru,B2B,-48.14,5371.97,3,2024
1011,Leslie Chandler,Dresses,Casual Midi,2.0,2842.91,0.65,0.0,2024-03-27,Mumbai,B2C,-835.65,5685.82,3,2024
3389,Alyssa Perry,Accessories,Watches,-1.0,2685.985,0.85,0.0,2024-03-27,Ahmedabad,B2B,146.53,-2685.985,3,2024
3390,Mr. Tyrone Kaiser,Shoes,Boots,1.0,1280.52,0.94,76.83,2024-03-27,bengaluru,B2B,1626.42,1280.52,3,2024
3391,Vickie Cooper,Jackets,Bomber Jacket,3.0,1730.64,0.7,1557.58,2024-03-27,Delhi,B2B,719.69,5191.92,3,2024
3392,Mark Vang,Jackets,Puffer Coat,0.0,2685.985,0.38,0.0,2024-03-27,Hyderabad,B2B,1036.57,0.0,3,2024
3393,Nancy Owens,Accessories,Sunglasses,5.0,2685.985,0.07,0.0,2024-03-27,Mumbai,B2C,560.09,13429.925000000001,3,2024
3394,Anthony Thompson,Jeans,Boyfriend Jeans,2.0,1509.34,0.65,0.0,2025-02-04,Mumbai,B2B,1037.85,3018.68,2,2025
3395,Robert Odom,Shoes,Slip-ons,2.0,2685.985,0.65,0.0,2024-11-01,Pune,B2B,-23.94,5371.97,11,2024
3396,Connor Meza,Jackets,Leather Jacket,2.0,3760.09,0.65,0.0,2024-03-27,Hyderabad,B2B,-871.94,7520.18,3,2024
3397,Allison Hammond,Jeans,Straight Cut,2.0,2685.985,0.65,0.0,2024-03-27,Ahmedabad,B2C,477.59,5371.97,3,2024
3398,Kimberly Garcia,Dresses,Maxi Dress,2.0,2784.25,0.65,0.0,2024-03-27,Hyderabad,B2B,-348.84,5568.5,3,2024
3399,Mary Johnson,Jeans,Ripped Denim,5.0,3111.73,0.65,0.0,2024-07-11,bengaluru,B2C,800.89,15558.65,7,2024
3400,Timothy Grant,Jackets,Puffer Coat,0.0,1249.64,0.65,0.0,2024-03-27,Pune,B2C,-646.04,0.0,3,2024
3401,Michael Lynch,Jackets,Puffer Coat,2.0,1960.15,0.65,0.0,2024-03-27,Hyderabad,B2B,1816.17,3920.3,3,2024
3402,Willie Sherman,Dresses,Maxi Dress,2.0,2685.985,0.02,0.0,2024-03-27,Mumbai,B2C,619.2,5371.97,3,2024
3403,Sandra Kemp,T-Shirts,Graphic Tee,2.0,2609.06,0.65,0.0,2024-03-27,Hyderabad,B2C,2036.75,5218.12,3,2024
3404,Gregory Ponce,Accessories,Caps,5.0,2685.985,0.81,0.0,2024-03-27,Pune,B2B,1283.58,13429.925000000001,3,2024
3405,Bridget Galvan,T-Shirts,Graphic Tee,2.0,2310.47,0.65,0.0,2024-03-27,Mumbai,B2C,393.88,4620.94,3,2024
3406,Andrea Schneider,Dresses,Maxi Dress,2.0,2685.985,0.65,0.0,2024-04-02,Mumbai,B2B,-513.37,5371.97,4,2024
3407,Stephen Burton,Jeans,Ripped Denim,1.0,2685.985,0.67,0.0,2023-08-28,Ahmedabad,B2C,-540.69,2685.985,8,2023
3408,Tara Villegas,Accessories,Watches,2.0,4003.66,0.65,0.0,2024-03-27,Hyd,B2B,1340.94,8007.32,3,2024
3409,David Murphy,Jackets,Denim Jacket,-1.0,2123.17,0.65,0.0,2024-03-27,Delhi,B2B,-717.75,-2123.17,3,2024
3410,Franklin Harrell,Dresses,Wrap Dress,2.0,4732.42,0.65,0.0,2024-03-27,Ahmedabad,B2B,916.47,9464.84,3,2024
3411,Robert Jones,Shoes,Boots,2.0,2685.985,0.58,0.0,2024-03-27,Hyd,B2B,1693.4,5371.97,3,2024
3412,Kevin Peters,Jeans,Ripped Denim,2.0,2685.985,0.65,0.0,2024-03-27,Ahmedabad,B2B,2625.33,5371.97,3,2024
3413,Cynthia Andrews,Dresses,Maxi Dress,2.0,2685.985,0.65,0.0,2024-03-27,Bangalore,B2C,2402.84,5371.97,3,2024
3414,Allison Bennett,Shoes,Boots,1.0,2685.985,0.65,0.0,2024-03-27,Ahmedabad,B2B,2783.42,2685.985,3,2024
3415,Tracey Fischer,T-Shirts,Oversized T-shirt,4.0,3185.58,1.15,-1911.35,2024-06-10,Delhi,B2B,-767.38,12742.32,6,2024
3416,Michelle Jones,Jackets,Puffer Coat,-1.0,2685.985,0.65,0.0,2024-03-27,bengaluru,B2B,2344.15,-2685.985,3,2024
3417,Kevin Kim,Jeans,Straight Cut,2.0,2685.985,0.65,0.0,2025-01-29,Delhi,B2C,-938.64,5371.97,1,2025
3418,Lisa Delacruz,Jeans,Slim Fit Jeans,6.0,2685.985,0.56,0.0,2024-03-27,Ahmedabad,B2B,-796.3,16115.91,3,2024
3419,Amy Martin,T-Shirts,Crop Top,2.0,2685.985,0.65,0.0,2024-03-27,Ahmedabad,B2B,804.16,5371.97,3,2024
1002,Aaron Adams,Jackets,Leather Jacket,3.0,2685.985,0.65,0.0,2024-03-27,Mumbai,B2C,2315.23,8057.955,3,2024
3421,David Brown,Shoes,Loafers,2.0,2933.45,0.65,0.0,2024-03-27,Bangalore,B2C,2339.14,5866.9,3,2024
3422,Megan Ellis,Accessories,Caps,6.0,2685.985,0.65,0.0,2024-03-27,Pune,B2B,20.64,16115.91,3,2024
3423,Lisa Shaw,Shoes,Boots,-2.0,2685.985,0.65,0.0,2024-03-27,Ahmedabad,B2C,960.12,-5371.97,3,2024
3424,Ryan Barker,Accessories,Watches,5.0,4754.22,0.82,4278.8,2024-03-27,Hyderabad,B2B,2415.19,23771.100000000002,3,2024
3425,Logan Phillips,Jackets,Denim Jacket,-2.0,2942.33,0.16,-4943.11,2024-02-19,Pune,B2B,977.57,-5884.66,2,2024
3426,Michael Brown,Jackets,Denim Jacket,2.0,3441.89,0.65,0.0,2024-03-27,Ahmedabad,B2B,-872.49,6883.78,3,2024
3427,Mike Hayes,Accessories,Belts,2.0,2685.985,0.51,0.0,2024-08-08,Delhi,B2B,-63.0,5371.97,8,2024
3428,Kyle Gomez,Jackets,Puffer Coat,3.0,2685.985,0.65,0.0,2024-03-27,Mumbai,B2B,670.29,8057.955,3,2024
3429,Savannah Peters,Dresses,Wrap Dress,2.0,2685.985,0.65,0.0,2024-03-27,Delhi,B2B,859.23,5371.97,3,2024
3430,Terry Short MD,Accessories,Watches,2.0,2244.07,0.65,0.0,2024-03-27,Bangalore,B2C,195.31,4488.14,3,2024
3431,Valerie Smith,Dresses,Maxi Dress,0.0,2685.985,0.25,0.0,2024-03-27,Delhi,B2C,669.94,0.0,3,2024
3432,James Clay,Dresses,Bodycon,-2.0,2685.985,0.65,0.0,2024-03-27,Bangalore,B2B,980.18,-5371.97,3,2024
3433,Kathleen Nelson,T-Shirts,Crop Top,2.0,4971.56,0.87,0.0,2024-03-27,Bangalore,B2B,1202.34,9943.12,3,2024
3434,Sean Hensley,Shoes,Loafers,-1.0,636.92,0.51,-312.09,2024-03-27,Pune,B2B,2399.61,-636.92,3,2024
3435,Brooke Elliott,Jackets,Leather Jacket,2.0,2685.985,0.65,0.0,2023-08-07,Delhi,B2B,-453.03,5371.97,8,2023
3436,Kathryn Burch,Dresses,Maxi Dress,2.0,2685.985,0.91,0.0,2024-03-27,Bangalore,B2B,791.96,5371.97,3,2024
3437,Anthony Rodriguez,T-Shirts,Crop Top,2.0,987.68,1.25,0.0,2024-03-27,Bangalore,B2C,2597.2,1975.36,3,2024
1006,Lisa Thornton,Accessories,Belts,3.0,3891.07,0.2,9338.57,2024-03-27,Ahmedabad,B2C,-861.28,11673.210000000001,3,2024
3439,Jeremiah Reese,Shoes,Slip-ons,-2.0,400.21,0.65,0.0,2024-03-27,Bangalore,B2C,914.27,-800.42,3,2024
3440,Nicholas Harris,T-Shirts,Oversized T-shirt,2.0,1536.14,0.87,0.0,2024-03-27,Ahmedabad,B2C,-382.45,3072.28,3,2024
3441,Carol Mack,Dresses,Maxi Dress,5.0,2685.985,1.21,0.0,2024-03-27,Delhi,B2B,2953.52,13429.925000000001,3,2024
3442,Traci Singleton,T-Shirts,Oversized T-shirt,0.0,2685.985,1.11,0.0,2024-03-27,Ahmedabad,B2B,1331.63,0.0,3,2024
3443,John Williams,T-Shirts,Oversized T-shirt,2.0,2685.985,0.37,0.0,2025-06-05,Delhi,B2B,2632.33,5371.97,6,2025
3444,Gabriella George,Dresses,Casual Midi,2.0,2924.37,0.65,0.0,2024-12-26,Pune,B2B,461.83,5848.74,12,2024
3445,Richard Gutierrez,Accessories,Caps,4.0,973.52,0.65,0.0,2024-03-27,Hyderabad,B2B,2406.66,3894.08,3,2024
3446,Christopher Phillips,T-Shirts,Crop Top,3.0,4758.24,0.49,7280.11,2024-03-27,Mumbai,B2B,2863.66,14274.72,3,2024
3447,Charles Kelly,Jackets,Puffer Coat,4.0,4762.62,0.65,0.0,2024-03-27,Hyderabad,B2B,1483.83,19050.48,3,2024
3448,Stephanie Flores,Jeans,Slim Fit Jeans,3.0,2685.985,0.65,0.0,2024-12-23,Ahmedabad,B2C,734.88,8057.955,12,2024
3449,Carrie Mclaughlin,Dresses,Casual Midi,4.0,803.79,0.65,0.0,2024-03-27,Pune,B2C,2948.6,3215.16,3,2024
3450,Mario Smith,T-Shirts,Classic Tee,2.0,2685.985,0.89,0.0,2023-07-26,Mumbai,B2B,1339.05,5371.97,7,2023
3451,Roger Blake,T-Shirts,Graphic Tee,-2.0,2339.36,0.35,-3041.17,2024-03-27,Bangalore,B2B,-5.05,-4678.72,3,2024
3452,Christopher Shepherd,Shoes,Boots,2.0,2562.47,0.65,0.0,2024-03-27,Hyderabad,B2B,-883.82,5124.94,3,2024
3453,Bill Turner,Accessories,Watches,2.0,4213.85,0.65,0.0,2024-03-27,Delhi,B2B,-209.3,8427.7,3,2024
3454,Amanda Rich,Accessories,Watches,6.0,1987.62,0.65,0.0,2024-08-31,Hyderabad,B2B,1184.77,11925.72,8,2024
3455,Patricia Pham,Dresses,Casual Midi,2.0,2685.985,0.65,0.0,2024-03-27,Bangalore,B2B,382.53,5371.97,3,2024
3456,Anthony Ruiz,T-Shirts,Oversized T-shirt,2.0,2685.985,0.65,0.0,2024-03-27,Delhi,B2B,-695.67,5371.97,3,2024
3457,Michael Webb,Accessories,Caps,2.0,983.84,0.9,0.0,2024-03-27,Delhi,B2B,254.71,1967.68,3,2024
1013,Amanda Rios,Shoes,Slip-ons,6.0,2685.985,0.56,0.0,2024-03-27,Hyderabad,B2B,-270.22,16115.91,3,2024
3459,Tina Russell,T-Shirts,Oversized T-shirt,2.0,2685.985,0.65,0.0,2024-03-27,Pune,B2B,1284.57,5371.97,3,2024
3460,Shirley Stevens,Jeans,Boyfriend Jeans,3.0,2685.985,0.65,0.0,2024-03-27,Bangalore,B2B,-266.63,8057.955,3,2024
3461,Christopher Chen,Dresses,Maxi Dress,2.0,2685.985,0.65,0.0,2024-03-27,Ahmedabad,B2B,2059.24,5371.97,3,2024
3462,Alison Weber MD,Accessories,Sunglasses,2.0,3607.23,0.65,0.0,2023-08-12,Hyderabad,B2C,2531.75,7214.46,8,2023
3463,Tiffany Johnson,Accessories,Sunglasses,6.0,1139.77,0.65,0.0,2024-03-27,Pune,B2B,992.89,6838.62,3,2024
3464,Austin Meadows,Jeans,Ripped Denim,5.0,2685.985,0.65,0.0,2024-03-27,Delhi,B2B,2091.3,13429.925000000001,3,2024
3465,Joshua Hill,Jeans,Boyfriend Jeans,-1.0,2685.985,0.7,0.0,2024-09-07,Hyd,B2B,-288.96,-2685.985,9,2024
3466,Lisa Fisher,Jeans,Ripped Denim,2.0,4059.53,0.65,0.0,2023-09-09,Ahmedabad,B2B,-74.57,8119.06,9,2023
3467,Jennifer Shaw,T-Shirts,Graphic Tee,2.0,2685.985,0.65,0.0,2024-03-27,bengaluru,B2B,1246.62,5371.97,3,2024
3468,Steven Schwartz,Dresses,Maxi Dress,2.0,2685.985,0.65,0.0,2024-03-27,Delhi,B2B,287.33,5371.97,3,2024
3469,Samantha Arnold,T-Shirts,Classic Tee,2.0,2932.58,1.26,0.0,2024-03-27,Bangalore,B2B,333.94,5865.16,3,2024
3470,Richard Murray,Accessories,Belts,2.0,2685.985,0.65,0.0,2024-03-27,Delhi,B2C,1387.75,5371.97,3,2024
3471,Walter Nolan,Jackets,Denim Jacket,6.0,2685.985,0.65,0.0,2024-03-27,Mumbai,B2B,-673.81,16115.91,3,2024
3472,Larry Holland,Dresses,Casual Midi,2.0,2685.985,0.5,0.0,2024-03-27,Mumbai,B2B,-898.19,5371.97,3,2024
3473,Erica Clay,Accessories,Belts,1.0,2685.985,0.15,0.0,2024-03-27,Mumbai,B2B,287.25,2685.985,3,2024
3474,Christine Henderson,Shoes,Slip-ons,2.0,3494.86,0.65,0.0,2024-03-27,Mumbai,B2B,-76.85,6989.72,3,2024
3475,Mitchell Lloyd,Jackets,Bomber Jacket,2.0,2185.83,0.13,0.0,2024-03-27,Mumbai,B2B,714.12,4371.66,3,2024
3476,Nicholas Johnson,Dresses,Maxi Dress,2.0,4804.91,0.65,0.0,2024-08-15,Delhi,B2C,407.85,9609.82,8,2024
3477,Miss Alexa Smith,Dresses,Wrap Dress,2.0,2685.985,0.86,0.0,2024-03-27,Mumbai,B2B,292.83,5371.97,3,2024
3478,Gerald Webb,Jackets,Denim Jacket,2.0,2685.985,0.65,0.0,2023-12-31,Pune,B2B,2602.44,5371.97,12,2023
3479,David Harper,Jackets,Leather Jacket,2.0,2858.94,1.19,0.0,2024-03-27,Mumbai,B2B,-262.73,5717.88,3,2024
3480,Mrs. Jessica Thompson,Shoes,Sneakers,2.0,2685.985,0.28,0.0,2024-03-27,Pune,B2C,1553.3,5371.97,3,2024
3481,Sarah Brooks,Jeans,Boyfriend Jeans,2.0,2685.985,0.65,0.0,2024-03-27,bengaluru,B2C,-38.12,5371.97,3,2024
3482,Brenda Gonzales,Accessories,Watches,-2.0,1169.89,0.65,0.0,2024-03-27,Pune,B2C,161.95,-2339.78,3,2024
1030,Joseph Pennington,T-Shirts,Graphic Tee,3.0,2685.985,0.65,0.0,2024-03-27,Hyd,B2B,1528.52,8057.955,3,2024
3484,Erin Johnson,T-Shirts,Graphic Tee,2.0,2685.985,0.65,0.0,2024-03-27,Pune,B2C,237.05,5371.97,3,2024
3485,Elizabeth Garcia,Accessories,Watches,2.0,2951.53,0.65,0.0,2024-09-12,Pune,B2C,-492.53,5903.06,9,2024
3486,Nathan Webb,T-Shirts,Classic Tee,-2.0,2685.985,0.65,0.0,2024-03-27,Hyderabad,B2B,-439.26,-5371.97,3,2024
3487,Kathryn Swanson,T-Shirts,Crop Top,5.0,1683.74,0.58,3535.85,2024-03-27,Bangalore,B2C,419.44,8418.7,3,2024
3488,Lisa Nelson,Accessories,Watches,2.0,3029.54,0.65,0.0,2024-03-27,Mumbai,B2B,2537.46,6059.08,3,2024
3489,Donald George,Jackets,Bomber Jacket,2.0,599.07,0.15,1018.42,2024-03-27,Delhi,B2B,1962.34,1198.14,3,2024
3490,Preston Carroll,Dresses,Bodycon,2.0,2784.76,0.86,0.0,2023-11-16,Hyd,B2B,1373.37,5569.52,11,2023
3491,Timothy Hamilton,Jeans,Boyfriend Jeans,2.0,4126.39,0.65,0.0,2024-03-27,Mumbai,B2B,638.9,8252.78,3,2024
3492,Jonathan Meadows,Jeans,Ripped Denim,2.0,3084.73,0.86,0.0,2024-03-27,Mumbai,B2B,2534.32,6169.46,3,2024
3493,Keith Manning,Dresses,Casual Midi,5.0,2935.56,0.65,0.0,2025-01-21,Delhi,B2B,-410.86,14677.8,1,2025
3494,Ryan West,Jeans,Slim Fit Jeans,0.0,2685.985,0.65,0.0,2024-03-27,Ahmedabad,B2B,-219.82,0.0,3,2024
3495,Allen Williams,T-Shirts,Oversized T-shirt,2.0,848.79,0.65,0.0,2024-03-27,Mumbai,B2B,2259.0,1697.58,3,2024
3496,Jonathan Hill,Shoes,Loafers,4.0,2685.985,0.65,0.0,2024-03-10,Hyderabad,B2B,2232.98,10743.94,3,2024
3497,Alejandro Cochran,Jackets,Bomber Jacket,2.0,3389.24,1.06,0.0,2024-03-27,Ahmedabad,B2C,1955.31,6778.48,3,2024
3498,Angela Adkins,Jeans,Straight Cut,5.0,3844.19,0.65,0.0,2024-03-27,Hyd,B2B,2967.0,19220.95,3,2024
3499,Zachary Werner,T-Shirts,Graphic Tee,6.0,1239.75,0.65,0.0,2024-03-27,Mumbai,B2C,715.15,7438.5,3,2024
